run_id,domain,suite,case_id,case_label,operation,family,library,method,mode,status,skip_reason,comparable,mmap_target,host,time_s,peak_rss_mb,peak_cuda_alloc_mb,throughput,unit,size_mb,n_points,metadata,best_in_family,rank_in_family,lag_ratio,pct_behind
exhaustive_mps_20261007_204350,fitstable,fitstable_io,narrow_1000::read_full,narrow_1000 [read_full],read_full,smart,torchfits,torchfits,smart,OK,,True,off,NRC-054711,0.00037291646003723145,467.484375,,2681565.731639095,rows/s,0.01922607421875,1000,"{'schema': 'narrow', 'nrows': 1000, 'ncols': 4, 'variable': False, 'compressed': False, 'profile': 'base'}",True,1,1.0,0.0
exhaustive_mps_20261007_204350,fitstable,fitstable_io,narrow_1000::read_full,narrow_1000 [read_full],read_full,smart,astropy,astropy_torch,smart,OK,,True,off,NRC-054711,0.003620665520429611,467.484375,,276192.31722938735,rows/s,0.01922607421875,1000,"{'schema': 'narrow', 'nrows': 1000, 'ncols': 4, 'variable': False, 'compressed': False, 'profile': 'base'}",False,3,9.709052585311277,870.9052585311276
exhaustive_mps_20261007_204350,fitstable,fitstable_io,narrow_1000::read_full,narrow_1000 [read_full],read_full,smart,fitsio,fitsio_torch,smart,OK,,True,off,NRC-054711,0.0005300827324390411,467.484375,,1886497.9724933764,rows/s,0.01922607421875,1000,"{'schema': 'narrow', 'nrows': 1000, 'ncols': 4, 'variable': False, 'compressed': False, 'profile': 'base'}",False,2,1.4214516902421481,42.14516902421481
exhaustive_mps_20261007_204350,fitstable,fitstable_io,narrow_1000::read_full,narrow_1000 [read_full],read_full,specialized,torchfits,torchfits_specialized,specialized,OK,,True,off,NRC-054711,0.00019854120910167694,452.34375,,5036737.735831356,rows/s,0.01922607421875,1000,"{'schema': 'narrow', 'nrows': 1000, 'ncols': 4, 'variable': False, 'compressed': False, 'profile': 'base'}",True,1,1.0,0.0
exhaustive_mps_20261007_204350,fitstable,fitstable_io,narrow_1000::read_full,narrow_1000 [read_full],read_full,specialized,astropy,astropy,specialized,OK,,True,off,NRC-054711,0.003453916870057583,452.34375,,289526.3660423096,rows/s,0.01922607421875,1000,"{'schema': 'narrow', 'nrows': 1000, 'ncols': 4, 'variable': False, 'compressed': False, 'profile': 'base'}",False,3,17.39647343584355,1639.647343584355
exhaustive_mps_20261007_204350,fitstable,fitstable_io,narrow_1000::read_full,narrow_1000 [read_full],read_full,specialized,fitsio,fitsio,specialized,OK,,True,off,NRC-054711,0.00043445732444524765,429.765625,,2301722.042036892,rows/s,0.01922607421875,1000,"{'schema': 'narrow', 'nrows': 1000, 'ncols': 4, 'variable': False, 'compressed': False, 'profile': 'base'}",False,2,2.1882476006417053,118.82476006417053
exhaustive_mps_20261007_204350,fitstable,fitstable_io,narrow_1000::projection,narrow_1000 [projection],projection,smart,torchfits,torchfits,smart,OK,,True,off,NRC-054711,0.00042191706597805023,429.8125,,2370134.039688321,rows/s,0.01922607421875,1000,"{'schema': 'narrow', 'nrows': 1000, 'ncols': 4, 'variable': False, 'compressed': False, 'profile': 'base'}",True,1,1.0,0.0
exhaustive_mps_20261007_204350,fitstable,fitstable_io,narrow_1000::projection,narrow_1000 [projection],projection,smart,astropy,astropy_torch,smart,OK,,True,off,NRC-054711,0.0036057084798812866,429.8125,,277338.0059923546,rows/s,0.01922607421875,1000,"{'schema': 'narrow', 'nrows': 1000, 'ncols': 4, 'variable': False, 'compressed': False, 'profile': 'base'}",False,3,8.546012405359468,754.6012405359468
exhaustive_mps_20261007_204350,fitstable,fitstable_io,narrow_1000::projection,narrow_1000 [projection],projection,smart,fitsio,fitsio_torch,smart,OK,,True,off,NRC-054711,0.0005705421790480614,429.8125,,1752718.7940223468,rows/s,0.01922607421875,1000,"{'schema': 'narrow', 'nrows': 1000, 'ncols': 4, 'variable': False, 'compressed': False, 'profile': 'base'}",False,2,1.352261439639759,35.2261439639759
exhaustive_mps_20261007_204350,fitstable,fitstable_io,narrow_1000::projection,narrow_1000 [projection],projection,specialized,torchfits,torchfits_specialized,specialized,OK,,True,off,NRC-054711,0.00022070854902267456,415.84375,,4530862.100394963,rows/s,0.01922607421875,1000,"{'schema': 'narrow', 'nrows': 1000, 'ncols': 4, 'variable': False, 'compressed': False, 'profile': 'base'}",True,1,1.0,0.0
exhaustive_mps_20261007_204350,fitstable,fitstable_io,narrow_1000::projection,narrow_1000 [projection],projection,specialized,astropy,astropy,specialized,OK,,True,off,NRC-054711,0.003566625528037548,415.84375,,280377.0656994727,rows/s,0.01922607421875,1000,"{'schema': 'narrow', 'nrows': 1000, 'ncols': 4, 'variable': False, 'compressed': False, 'profile': 'base'}",False,3,16.1598884312865,1515.98884312865
exhaustive_mps_20261007_204350,fitstable,fitstable_io,narrow_1000::projection,narrow_1000 [projection],projection,specialized,fitsio,fitsio,specialized,OK,,True,off,NRC-054711,0.0006241258233785629,415.84375,,1602241.0266358277,rows/s,0.01922607421875,1000,"{'schema': 'narrow', 'nrows': 1000, 'ncols': 4, 'variable': False, 'compressed': False, 'profile': 'base'}",False,2,2.8278280390237316,182.78280390237316
exhaustive_mps_20261007_204350,fitstable,fitstable_io,narrow_1000::row_slice,narrow_1000 [row_slice],row_slice,smart,torchfits,torchfits,smart,OK,,True,off,NRC-054711,0.00045466702431440353,410.40625,,2199411.7596452236,rows/s,0.01922607421875,1000,"{'schema': 'narrow', 'nrows': 1000, 'ncols': 4, 'variable': False, 'compressed': False, 'profile': 'base'}",True,1,1.0,0.0
exhaustive_mps_20261007_204350,fitstable,fitstable_io,narrow_1000::row_slice,narrow_1000 [row_slice],row_slice,smart,astropy,astropy_torch,smart,OK,,True,off,NRC-054711,0.005281416699290276,410.40625,,189343.13593062662,rows/s,0.01922607421875,1000,"{'schema': 'narrow', 'nrows': 1000, 'ncols': 4, 'variable': False, 'compressed': False, 'profile': 'base'}",False,3,11.616009996005694,1061.6009996005694
exhaustive_mps_20261007_204350,fitstable,fitstable_io,narrow_1000::row_slice,narrow_1000 [row_slice],row_slice,smart,fitsio,fitsio_torch,smart,OK,,True,off,NRC-054711,0.00047729257494211197,410.40625,,2095150.9671427093,rows/s,0.01922607421875,1000,"{'schema': 'narrow', 'nrows': 1000, 'ncols': 4, 'variable': False, 'compressed': False, 'profile': 'base'}",False,2,1.0497629021190302,4.976290211903023
exhaustive_mps_20261007_204350,fitstable,fitstable_io,narrow_1000::row_slice,narrow_1000 [row_slice],row_slice,specialized,torchfits,torchfits_specialized,specialized,OK,,True,off,NRC-054711,0.00019800011068582535,410.40625,,5050502.2271767305,rows/s,0.01922607421875,1000,"{'schema': 'narrow', 'nrows': 1000, 'ncols': 4, 'variable': False, 'compressed': False, 'profile': 'base'}",True,1,1.0,0.0
exhaustive_mps_20261007_204350,fitstable,fitstable_io,narrow_1000::row_slice,narrow_1000 [row_slice],row_slice,specialized,astropy,astropy,specialized,OK,,True,off,NRC-054711,0.004735792055726051,395.453125,,211157.9199916303,rows/s,0.01922607421875,1000,"{'schema': 'narrow', 'nrows': 1000, 'ncols': 4, 'variable': False, 'compressed': False, 'profile': 'base'}",False,3,23.918128324890287,2291.8128324890286
exhaustive_mps_20261007_204350,fitstable,fitstable_io,narrow_1000::row_slice,narrow_1000 [row_slice],row_slice,specialized,fitsio,fitsio,specialized,OK,,True,off,NRC-054711,0.0006220834329724312,356.0625,,1607501.4170073823,rows/s,0.01922607421875,1000,"{'schema': 'narrow', 'nrows': 1000, 'ncols': 4, 'variable': False, 'compressed': False, 'profile': 'base'}",False,2,3.1418337637170097,214.18337637170097
exhaustive_mps_20261007_204350,fitstable,fitstable_io,narrow_1000::predicate_filter,narrow_1000 [predicate_filter],predicate_filter,smart,torchfits,torchfits,smart,OK,,True,off,NRC-054711,0.00041787512600421906,346.90625,,2393059.4040428805,rows/s,0.01922607421875,1000,"{'schema': 'narrow', 'nrows': 1000, 'ncols': 4, 'variable': False, 'compressed': False, 'profile': 'base'}",True,1,1.0,0.0
exhaustive_mps_20261007_204350,fitstable,fitstable_io,narrow_1000::predicate_filter,narrow_1000 [predicate_filter],predicate_filter,smart,astropy,astropy_torch,smart,FAILED,,False,off,NRC-054711,,,,,rows/s,0.01922607421875,1000,"{'schema': 'narrow', 'nrows': 1000, 'ncols': 4, 'variable': False, 'compressed': False, 'profile': 'base'}",False,,,
exhaustive_mps_20261007_204350,fitstable,fitstable_io,narrow_1000::predicate_filter,narrow_1000 [predicate_filter],predicate_filter,smart,fitsio,fitsio_torch,smart,OK,,True,off,NRC-054711,0.0005766246467828751,346.90625,,1734230.4141511049,rows/s,0.01922607421875,1000,"{'schema': 'narrow', 'nrows': 1000, 'ncols': 4, 'variable': False, 'compressed': False, 'profile': 'base'}",False,2,1.3798970335866634,37.98970335866634
exhaustive_mps_20261007_204350,fitstable,fitstable_io,narrow_1000::predicate_filter,narrow_1000 [predicate_filter],predicate_filter,specialized,torchfits,torchfits_specialized,specialized,OK,,True,off,NRC-054711,0.0004075001925230026,344.21875,,2453986.5706776367,rows/s,0.01922607421875,1000,"{'schema': 'narrow', 'nrows': 1000, 'ncols': 4, 'variable': False, 'compressed': False, 'profile': 'base'}",True,1,1.0,0.0
exhaustive_mps_20261007_204350,fitstable,fitstable_io,narrow_1000::predicate_filter,narrow_1000 [predicate_filter],predicate_filter,specialized,astropy,astropy,specialized,OK,,True,off,NRC-054711,0.0033852914348244667,344.21875,,295395.54252641526,rows/s,0.01922607421875,1000,"{'schema': 'narrow', 'nrows': 1000, 'ncols': 4, 'variable': False, 'compressed': False, 'profile': 'base'}",False,3,8.30745971888927,730.745971888927
exhaustive_mps_20261007_204350,fitstable,fitstable_io,narrow_1000::predicate_filter,narrow_1000 [predicate_filter],predicate_filter,specialized,fitsio,fitsio,specialized,OK,,True,off,NRC-054711,0.0004897918552160263,344.21875,,2041683.6036584207,rows/s,0.01922607421875,1000,"{'schema': 'narrow', 'nrows': 1000, 'ncols': 4, 'variable': False, 'compressed': False, 'profile': 'base'}",False,2,1.201942635127414,20.194263512741408
exhaustive_mps_20261007_204350,fitstable,fitstable_io,narrow_1000::predicate_filter_selective,narrow_1000 [predicate_filter_selective],predicate_filter_selective,smart,torchfits,torchfits,smart,OK,,True,off,NRC-054711,0.00027624983340501785,344.875,,3619911.685281892,rows/s,0.01922607421875,1000,"{'schema': 'narrow', 'nrows': 1000, 'ncols': 4, 'variable': False, 'compressed': False, 'profile': 'base'}",True,1,1.0,0.0
exhaustive_mps_20261007_204350,fitstable,fitstable_io,narrow_1000::predicate_filter_selective,narrow_1000 [predicate_filter_selective],predicate_filter_selective,smart,astropy,astropy_torch,smart,FAILED,,False,off,NRC-054711,,,,,rows/s,0.01922607421875,1000,"{'schema': 'narrow', 'nrows': 1000, 'ncols': 4, 'variable': False, 'compressed': False, 'profile': 'base'}",False,,,
exhaustive_mps_20261007_204350,fitstable,fitstable_io,narrow_1000::predicate_filter_selective,narrow_1000 [predicate_filter_selective],predicate_filter_selective,smart,fitsio,fitsio_torch,smart,OK,,True,off,NRC-054711,0.00038391631096601486,344.875,,2604734.342971227,rows/s,0.01922607421875,1000,"{'schema': 'narrow', 'nrows': 1000, 'ncols': 4, 'variable': False, 'compressed': False, 'profile': 'base'}",False,2,1.3897431402361937,38.97431402361937
exhaustive_mps_20261007_204350,fitstable,fitstable_io,narrow_1000::predicate_filter_selective,narrow_1000 [predicate_filter_selective],predicate_filter_selective,specialized,torchfits,torchfits_specialized,specialized,OK,,True,off,NRC-054711,0.0004908330738544464,344.890625,,2037352.5201697063,rows/s,0.01922607421875,1000,"{'schema': 'narrow', 'nrows': 1000, 'ncols': 4, 'variable': False, 'compressed': False, 'profile': 'base'}",True,1,1.0,0.0
exhaustive_mps_20261007_204350,fitstable,fitstable_io,narrow_1000::predicate_filter_selective,narrow_1000 [predicate_filter_selective],predicate_filter_selective,specialized,astropy,astropy,specialized,OK,,True,off,NRC-054711,0.0035915840417146683,344.421875,,278428.67892980925,rows/s,0.01922607421875,1000,"{'schema': 'narrow', 'nrows': 1000, 'ncols': 4, 'variable': False, 'compressed': False, 'profile': 'base'}",False,3,7.3173227987886795,631.732279878868
exhaustive_mps_20261007_204350,fitstable,fitstable_io,narrow_1000::predicate_filter_selective,narrow_1000 [predicate_filter_selective],predicate_filter_selective,specialized,fitsio,fitsio,specialized,OK,,True,off,NRC-054711,0.0005921255797147751,344.421875,,1688830.9410339892,rows/s,0.01922607421875,1000,"{'schema': 'narrow', 'nrows': 1000, 'ncols': 4, 'variable': False, 'compressed': False, 'profile': 'base'}",False,2,1.2063685420888455,20.636854208884547
exhaustive_mps_20261007_204350,fitstable,fitstable_io,narrow_1000::scan_count,narrow_1000 [scan_count],scan_count,smart,torchfits,torchfits,smart,OK,,True,off,NRC-054711,3.5041943192481995e-05,344.4375,,28537230.213150483,rows/s,0.01922607421875,1000,"{'schema': 'narrow', 'nrows': 1000, 'ncols': 4, 'variable': False, 'compressed': False, 'profile': 'base'}",True,1,1.0,0.0
exhaustive_mps_20261007_204350,fitstable,fitstable_io,narrow_1000::scan_count,narrow_1000 [scan_count],scan_count,smart,astropy,astropy_torch,smart,OK,,True,off,NRC-054711,0.0015957923606038094,344.4375,,626647.942857443,rows/s,0.01922607421875,1000,"{'schema': 'narrow', 'nrows': 1000, 'ncols': 4, 'variable': False, 'compressed': False, 'profile': 'base'}",False,3,45.539493966937755,4453.949396693775
exhaustive_mps_20261007_204350,fitstable,fitstable_io,narrow_1000::scan_count,narrow_1000 [scan_count],scan_count,smart,fitsio,fitsio_torch,smart,OK,,True,off,NRC-054711,0.00031124986708164215,343.359375,,3212852.7776614144,rows/s,0.01922607421875,1000,"{'schema': 'narrow', 'nrows': 1000, 'ncols': 4, 'variable': False, 'compressed': False, 'profile': 'base'}",False,2,8.882209110721309,788.2209110721309
exhaustive_mps_20261007_204350,fitstable,fitstable_io,narrow_1000::scan_count,narrow_1000 [scan_count],scan_count,specialized,torchfits,torchfits_specialized,specialized,OK,,True,off,NRC-054711,3.65404412150383e-05,341.90625,,27366938.294889767,rows/s,0.01922607421875,1000,"{'schema': 'narrow', 'nrows': 1000, 'ncols': 4, 'variable': False, 'compressed': False, 'profile': 'base'}",True,1,1.0,0.0
exhaustive_mps_20261007_204350,fitstable,fitstable_io,narrow_1000::scan_count,narrow_1000 [scan_count],scan_count,specialized,astropy,astropy,specialized,OK,,True,off,NRC-054711,0.0016267923638224602,336.53125,,614706.598235013,rows/s,0.01922607421875,1000,"{'schema': 'narrow', 'nrows': 1000, 'ncols': 4, 'variable': False, 'compressed': False, 'profile': 'base'}",False,3,44.52032623932713,4352.032623932713
exhaustive_mps_20261007_204350,fitstable,fitstable_io,narrow_1000::scan_count,narrow_1000 [scan_count],scan_count,specialized,fitsio,fitsio,specialized,OK,,True,off,NRC-054711,0.0003399578854441643,324.65625,,2941540.82848666,rows/s,0.01922607421875,1000,"{'schema': 'narrow', 'nrows': 1000, 'ncols': 4, 'variable': False, 'compressed': False, 'profile': 'base'}",False,2,9.303606473811648,830.3606473811648
exhaustive_mps_20261007_204350,fitstable,fitstable_io,mixed_1000::read_full,mixed_1000 [read_full],read_full,smart,torchfits,torchfits,smart,OK,,True,off,NRC-054711,0.0008938340470194817,299.21875,,1118775.9107348083,rows/s,0.05767822265625,1000,"{'schema': 'mixed', 'nrows': 1000, 'ncols': 8, 'variable': False, 'compressed': False, 'profile': 'base'}",True,1,1.0,0.0
exhaustive_mps_20261007_204350,fitstable,fitstable_io,mixed_1000::read_full,mixed_1000 [read_full],read_full,smart,astropy,astropy_torch,smart,OK,,True,off,NRC-054711,0.010703874751925468,297.453125,,93424.11259250906,rows/s,0.05767822265625,1000,"{'schema': 'mixed', 'nrows': 1000, 'ncols': 8, 'variable': False, 'compressed': False, 'profile': 'base'}",False,3,11.975237223976736,1097.5237223976735
exhaustive_mps_20261007_204350,fitstable,fitstable_io,mixed_1000::read_full,mixed_1000 [read_full],read_full,smart,fitsio,fitsio_torch,smart,OK,,True,off,NRC-054711,0.003308708779513836,295.71875,,302232.7036430612,rows/s,0.05767822265625,1000,"{'schema': 'mixed', 'nrows': 1000, 'ncols': 8, 'variable': False, 'compressed': False, 'profile': 'base'}",False,2,3.7017036781568478,270.17036781568476
exhaustive_mps_20261007_204350,fitstable,fitstable_io,mixed_1000::read_full,mixed_1000 [read_full],read_full,specialized,torchfits,torchfits_specialized,specialized,OK,,True,off,NRC-054711,0.00029629189521074295,268.890625,,3375050.131859773,rows/s,0.05767822265625,1000,"{'schema': 'mixed', 'nrows': 1000, 'ncols': 8, 'variable': False, 'compressed': False, 'profile': 'base'}",True,1,1.0,0.0
exhaustive_mps_20261007_204350,fitstable,fitstable_io,mixed_1000::read_full,mixed_1000 [read_full],read_full,specialized,astropy,astropy,specialized,OK,,True,off,NRC-054711,0.008126875385642052,268.890625,,123048.52142395641,rows/s,0.05767822265625,1000,"{'schema': 'mixed', 'nrows': 1000, 'ncols': 8, 'variable': False, 'compressed': False, 'profile': 'base'}",False,3,27.42861184191915,2642.861184191915
exhaustive_mps_20261007_204350,fitstable,fitstable_io,mixed_1000::read_full,mixed_1000 [read_full],read_full,specialized,fitsio,fitsio,specialized,OK,,True,off,NRC-054711,0.0009884163737297058,268.890625,,1011719.3791788216,rows/s,0.05767822265625,1000,"{'schema': 'mixed', 'nrows': 1000, 'ncols': 8, 'variable': False, 'compressed': False, 'profile': 'base'}",False,2,3.335954812488802,233.59548124888022
exhaustive_mps_20261007_204350,fitstable,fitstable_io,mixed_1000::projection,mixed_1000 [projection],projection,smart,torchfits,torchfits,smart,OK,,True,off,NRC-054711,0.0004767095670104027,263.625,,2097713.3021921883,rows/s,0.05767822265625,1000,"{'schema': 'mixed', 'nrows': 1000, 'ncols': 8, 'variable': False, 'compressed': False, 'profile': 'base'}",True,1,1.0,0.0
exhaustive_mps_20261007_204350,fitstable,fitstable_io,mixed_1000::projection,mixed_1000 [projection],projection,smart,astropy,astropy_torch,smart,OK,,True,off,NRC-054711,0.008554874919354916,263.625,,116892.41624533366,rows/s,0.05767822265625,1000,"{'schema': 'mixed', 'nrows': 1000, 'ncols': 8, 'variable': False, 'compressed': False, 'profile': 'base'}",False,3,17.945674916921128,1694.5674916921128
exhaustive_mps_20261007_204350,fitstable,fitstable_io,mixed_1000::projection,mixed_1000 [projection],projection,smart,fitsio,fitsio_torch,smart,OK,,True,off,NRC-054711,0.0009914590045809746,263.484375,,1008614.5724427962,rows/s,0.05767822265625,1000,"{'schema': 'mixed', 'nrows': 1000, 'ncols': 8, 'variable': False, 'compressed': False, 'profile': 'base'}",False,2,2.079796742487736,107.97967424877362
exhaustive_mps_20261007_204350,fitstable,fitstable_io,mixed_1000::projection,mixed_1000 [projection],projection,specialized,torchfits,torchfits_specialized,specialized,OK,,True,off,NRC-054711,0.0002603745087981224,263.484375,,3840621.7437181436,rows/s,0.05767822265625,1000,"{'schema': 'mixed', 'nrows': 1000, 'ncols': 8, 'variable': False, 'compressed': False, 'profile': 'base'}",True,1,1.0,0.0
exhaustive_mps_20261007_204350,fitstable,fitstable_io,mixed_1000::projection,mixed_1000 [projection],projection,specialized,astropy,astropy,specialized,OK,,True,off,NRC-054711,0.0048362091183662415,263.359375,,206773.5235439567,rows/s,0.05767822265625,1000,"{'schema': 'mixed', 'nrows': 1000, 'ncols': 8, 'variable': False, 'compressed': False, 'profile': 'base'}",False,3,18.57404989716534,1757.4049897165341
exhaustive_mps_20261007_204350,fitstable,fitstable_io,mixed_1000::projection,mixed_1000 [projection],projection,specialized,fitsio,fitsio,specialized,OK,,True,off,NRC-054711,0.000728667713701725,263.359375,,1372367.6529043291,rows/s,0.05767822265625,1000,"{'schema': 'mixed', 'nrows': 1000, 'ncols': 8, 'variable': False, 'compressed': False, 'profile': 'base'}",False,2,2.798537065188232,179.85370651882323
exhaustive_mps_20261007_204350,fitstable,fitstable_io,mixed_1000::row_slice,mixed_1000 [row_slice],row_slice,smart,torchfits,torchfits,smart,OK,,True,off,NRC-054711,0.0003636665642261505,263.375,,2749771.627006484,rows/s,0.05767822265625,1000,"{'schema': 'mixed', 'nrows': 1000, 'ncols': 8, 'variable': False, 'compressed': False, 'profile': 'base'}",True,1,1.0,0.0
exhaustive_mps_20261007_204350,fitstable,fitstable_io,mixed_1000::row_slice,mixed_1000 [row_slice],row_slice,smart,astropy,astropy_torch,smart,OK,,True,off,NRC-054711,0.007942874915897846,263.40625,,125898.99886229822,rows/s,0.05767822265625,1000,"{'schema': 'mixed', 'nrows': 1000, 'ncols': 8, 'variable': False, 'compressed': False, 'profile': 'base'}",False,3,21.841092080597413,2084.1092080597414
exhaustive_mps_20261007_204350,fitstable,fitstable_io,mixed_1000::row_slice,mixed_1000 [row_slice],row_slice,smart,fitsio,fitsio_torch,smart,OK,,True,off,NRC-054711,0.000791916623711586,263.375,,1262759.197190685,rows/s,0.05767822265625,1000,"{'schema': 'mixed', 'nrows': 1000, 'ncols': 8, 'variable': False, 'compressed': False, 'profile': 'base'}",False,2,2.1775898628368897,117.75898628368897
exhaustive_mps_20261007_204350,fitstable,fitstable_io,mixed_1000::row_slice,mixed_1000 [row_slice],row_slice,specialized,torchfits,torchfits_specialized,specialized,OK,,True,off,NRC-054711,0.00026900041848421097,263.25,,3717466.33568414,rows/s,0.05767822265625,1000,"{'schema': 'mixed', 'nrows': 1000, 'ncols': 8, 'variable': False, 'compressed': False, 'profile': 'base'}",True,1,1.0,0.0
exhaustive_mps_20261007_204350,fitstable,fitstable_io,mixed_1000::row_slice,mixed_1000 [row_slice],row_slice,specialized,astropy,astropy,specialized,OK,,True,off,NRC-054711,0.0076082078740000725,263.25,,131436.99759010956,rows/s,0.05767822265625,1000,"{'schema': 'mixed', 'nrows': 1000, 'ncols': 8, 'variable': False, 'compressed': False, 'profile': 'base'}",False,3,28.283256646482272,2728.3256646482273
exhaustive_mps_20261007_204350,fitstable,fitstable_io,mixed_1000::row_slice,mixed_1000 [row_slice],row_slice,specialized,fitsio,fitsio,specialized,OK,,True,off,NRC-054711,0.0006974581629037857,263.25,,1433777.7564128244,rows/s,0.05767822265625,1000,"{'schema': 'mixed', 'nrows': 1000, 'ncols': 8, 'variable': False, 'compressed': False, 'profile': 'base'}",False,2,2.592777241142928,159.27772411429282
exhaustive_mps_20261007_204350,fitstable,fitstable_io,mixed_1000::predicate_filter,mixed_1000 [predicate_filter],predicate_filter,smart,torchfits,torchfits,smart,OK,,True,off,NRC-054711,0.0005432907491922379,254.984375,,1840635.0586436365,rows/s,0.05767822265625,1000,"{'schema': 'mixed', 'nrows': 1000, 'ncols': 8, 'variable': False, 'compressed': False, 'profile': 'base'}",True,1,1.0,0.0
exhaustive_mps_20261007_204350,fitstable,fitstable_io,mixed_1000::predicate_filter,mixed_1000 [predicate_filter],predicate_filter,smart,astropy,astropy_torch,smart,FAILED,,False,off,NRC-054711,,,,,rows/s,0.05767822265625,1000,"{'schema': 'mixed', 'nrows': 1000, 'ncols': 8, 'variable': False, 'compressed': False, 'profile': 'base'}",False,,,
exhaustive_mps_20261007_204350,fitstable,fitstable_io,mixed_1000::predicate_filter,mixed_1000 [predicate_filter],predicate_filter,smart,fitsio,fitsio_torch,smart,OK,,True,off,NRC-054711,0.0007064593955874443,254.984375,,1415509.520074352,rows/s,0.05767822265625,1000,"{'schema': 'mixed', 'nrows': 1000, 'ncols': 8, 'variable': False, 'compressed': False, 'profile': 'base'}",False,2,1.3003339310264437,30.033393102644368
exhaustive_mps_20261007_204350,fitstable,fitstable_io,mixed_1000::predicate_filter,mixed_1000 [predicate_filter],predicate_filter,specialized,torchfits,torchfits_specialized,specialized,OK,,True,off,NRC-054711,0.0005565406754612923,254.984375,,1796813.8612171405,rows/s,0.05767822265625,1000,"{'schema': 'mixed', 'nrows': 1000, 'ncols': 8, 'variable': False, 'compressed': False, 'profile': 'base'}",True,1,1.0,0.0
exhaustive_mps_20261007_204350,fitstable,fitstable_io,mixed_1000::predicate_filter,mixed_1000 [predicate_filter],predicate_filter,specialized,astropy,astropy,specialized,OK,,True,off,NRC-054711,0.005880959331989288,254.984375,,170040.28484953675,rows/s,0.05767822265625,1000,"{'schema': 'mixed', 'nrows': 1000, 'ncols': 8, 'variable': False, 'compressed': False, 'profile': 'base'}",False,3,10.566989244972648,956.6989244972648
exhaustive_mps_20261007_204350,fitstable,fitstable_io,mixed_1000::predicate_filter,mixed_1000 [predicate_filter],predicate_filter,specialized,fitsio,fitsio,specialized,OK,,True,off,NRC-054711,0.0006357086822390556,254.984375,,1573047.573422875,rows/s,0.05767822265625,1000,"{'schema': 'mixed', 'nrows': 1000, 'ncols': 8, 'variable': False, 'compressed': False, 'profile': 'base'}",False,2,1.1422501719432177,14.225017194321765
exhaustive_mps_20261007_204350,fitstable,fitstable_io,mixed_1000::predicate_filter_selective,mixed_1000 [predicate_filter_selective],predicate_filter_selective,smart,torchfits,torchfits,smart,OK,,True,off,NRC-054711,0.00031229201704263687,255.046875,,3202131.1638698443,rows/s,0.05767822265625,1000,"{'schema': 'mixed', 'nrows': 1000, 'ncols': 8, 'variable': False, 'compressed': False, 'profile': 'base'}",True,1,1.0,0.0
exhaustive_mps_20261007_204350,fitstable,fitstable_io,mixed_1000::predicate_filter_selective,mixed_1000 [predicate_filter_selective],predicate_filter_selective,smart,astropy,astropy_torch,smart,FAILED,,False,off,NRC-054711,,,,,rows/s,0.05767822265625,1000,"{'schema': 'mixed', 'nrows': 1000, 'ncols': 8, 'variable': False, 'compressed': False, 'profile': 'base'}",False,,,
exhaustive_mps_20261007_204350,fitstable,fitstable_io,mixed_1000::predicate_filter_selective,mixed_1000 [predicate_filter_selective],predicate_filter_selective,smart,fitsio,fitsio_torch,smart,OK,,True,off,NRC-054711,0.0005117906257510185,255.046875,,1953924.0261240948,rows/s,0.05767822265625,1000,"{'schema': 'mixed', 'nrows': 1000, 'ncols': 8, 'variable': False, 'compressed': False, 'profile': 'base'}",False,2,1.6388207120937848,63.88207120937848
exhaustive_mps_20261007_204350,fitstable,fitstable_io,mixed_1000::predicate_filter_selective,mixed_1000 [predicate_filter_selective],predicate_filter_selective,specialized,torchfits,torchfits_specialized,specialized,OK,,True,off,NRC-054711,0.0004341248422861099,255.046875,,2303484.856415911,rows/s,0.05767822265625,1000,"{'schema': 'mixed', 'nrows': 1000, 'ncols': 8, 'variable': False, 'compressed': False, 'profile': 'base'}",True,1,1.0,0.0
exhaustive_mps_20261007_204350,fitstable,fitstable_io,mixed_1000::predicate_filter_selective,mixed_1000 [predicate_filter_selective],predicate_filter_selective,specialized,astropy,astropy,specialized,OK,,True,off,NRC-054711,0.004918416030704975,255.046875,,203317.4895651652,rows/s,0.05767822265625,1000,"{'schema': 'mixed', 'nrows': 1000, 'ncols': 8, 'variable': False, 'compressed': False, 'profile': 'base'}",False,3,11.329496844282165,1032.9496844282164
exhaustive_mps_20261007_204350,fitstable,fitstable_io,mixed_1000::predicate_filter_selective,mixed_1000 [predicate_filter_selective],predicate_filter_selective,specialized,fitsio,fitsio,specialized,OK,,True,off,NRC-054711,0.0006370404735207558,255.046875,,1569758.9738266738,rows/s,0.05767822265625,1000,"{'schema': 'mixed', 'nrows': 1000, 'ncols': 8, 'variable': False, 'compressed': False, 'profile': 'base'}",False,2,1.4674130836790822,46.74130836790822
exhaustive_mps_20261007_204350,fitstable,fitstable_io,mixed_1000::scan_count,mixed_1000 [scan_count],scan_count,smart,torchfits,torchfits,smart,OK,,True,off,NRC-054711,4.320777952671051e-05,248.234375,,23143980.34228564,rows/s,0.05767822265625,1000,"{'schema': 'mixed', 'nrows': 1000, 'ncols': 8, 'variable': False, 'compressed': False, 'profile': 'base'}",True,1,1.0,0.0
exhaustive_mps_20261007_204350,fitstable,fitstable_io,mixed_1000::scan_count,mixed_1000 [scan_count],scan_count,smart,astropy,astropy_torch,smart,OK,,True,off,NRC-054711,0.00138104148209095,248.234375,,724091.2115731393,rows/s,0.05767822265625,1000,"{'schema': 'mixed', 'nrows': 1000, 'ncols': 8, 'variable': False, 'compressed': False, 'profile': 'base'}",False,3,31.962796913393973,3096.2796913393972
exhaustive_mps_20261007_204350,fitstable,fitstable_io,mixed_1000::scan_count,mixed_1000 [scan_count],scan_count,smart,fitsio,fitsio_torch,smart,OK,,True,off,NRC-054711,0.0003452496603131294,242.328125,,2896454.6962711993,rows/s,0.05767822265625,1000,"{'schema': 'mixed', 'nrows': 1000, 'ncols': 8, 'variable': False, 'compressed': False, 'profile': 'base'}",False,2,7.990451351467862,699.0451351467863
exhaustive_mps_20261007_204350,fitstable,fitstable_io,mixed_1000::scan_count,mixed_1000 [scan_count],scan_count,specialized,torchfits,torchfits_specialized,specialized,OK,,True,off,NRC-054711,2.3667700588703156e-05,241.421875,,42251675.28430331,rows/s,0.05767822265625,1000,"{'schema': 'mixed', 'nrows': 1000, 'ncols': 8, 'variable': False, 'compressed': False, 'profile': 'base'}",True,1,1.0,0.0
exhaustive_mps_20261007_204350,fitstable,fitstable_io,mixed_1000::scan_count,mixed_1000 [scan_count],scan_count,specialized,astropy,astropy,specialized,OK,,True,off,NRC-054711,0.0015026247128844261,241.28125,,665502.1652614832,rows/s,0.05767822265625,1000,"{'schema': 'mixed', 'nrows': 1000, 'ncols': 8, 'variable': False, 'compressed': False, 'profile': 'base'}",False,3,63.48841144296226,6248.841144296226
exhaustive_mps_20261007_204350,fitstable,fitstable_io,mixed_1000::scan_count,mixed_1000 [scan_count],scan_count,specialized,fitsio,fitsio,specialized,OK,,True,off,NRC-054711,0.00035575032234191895,235.9375,,2810960.207757393,rows/s,0.05767822265625,1000,"{'schema': 'mixed', 'nrows': 1000, 'ncols': 8, 'variable': False, 'compressed': False, 'profile': 'base'}",False,2,15.031047101876991,1403.104710187699
exhaustive_mps_20261007_204350,fitstable,fitstable_io,wide_1000::read_full,wide_1000 [read_full],read_full,smart,torchfits,torchfits,smart,OK,,True,off,NRC-054711,0.0010547498241066933,240.28125,,948092.1230273132,rows/s,0.2197265625,1000,"{'schema': 'wide', 'nrows': 1000, 'ncols': 41, 'variable': False, 'compressed': False, 'profile': 'base'}",True,1,1.0,0.0
exhaustive_mps_20261007_204350,fitstable,fitstable_io,wide_1000::read_full,wide_1000 [read_full],read_full,smart,astropy,astropy_torch,smart,OK,,True,off,NRC-054711,0.03715395927429199,240.09375,,26915.03192479225,rows/s,0.2197265625,1000,"{'schema': 'wide', 'nrows': 1000, 'ncols': 41, 'variable': False, 'compressed': False, 'profile': 'base'}",False,3,35.22537612723383,3422.537612723383
exhaustive_mps_20261007_204350,fitstable,fitstable_io,wide_1000::read_full,wide_1000 [read_full],read_full,smart,fitsio,fitsio_torch,smart,OK,,True,off,NRC-054711,0.010673750191926956,238.015625,,93687.78377035145,rows/s,0.2197265625,1000,"{'schema': 'wide', 'nrows': 1000, 'ncols': 41, 'variable': False, 'compressed': False, 'profile': 'base'}",False,2,10.11969848012722,911.969848012722
exhaustive_mps_20261007_204350,fitstable,fitstable_io,wide_1000::read_full,wide_1000 [read_full],read_full,specialized,torchfits,torchfits_specialized,specialized,OK,,True,off,NRC-054711,0.0008302917703986168,238.359375,,1204395.895095898,rows/s,0.2197265625,1000,"{'schema': 'wide', 'nrows': 1000, 'ncols': 41, 'variable': False, 'compressed': False, 'profile': 'base'}",True,1,1.0,0.0
exhaustive_mps_20261007_204350,fitstable,fitstable_io,wide_1000::read_full,wide_1000 [read_full],read_full,specialized,astropy,astropy,specialized,OK,,True,off,NRC-054711,0.029685625806450844,238.359375,,33686.33716937491,rows/s,0.2197265625,1000,"{'schema': 'wide', 'nrows': 1000, 'ncols': 41, 'variable': False, 'compressed': False, 'profile': 'base'}",False,3,35.75324586464226,3475.324586464226
exhaustive_mps_20261007_204350,fitstable,fitstable_io,wide_1000::read_full,wide_1000 [read_full],read_full,specialized,fitsio,fitsio,specialized,OK,,True,off,NRC-054711,0.0037156660109758377,238.0,,269130.7553063339,rows/s,0.2197265625,1000,"{'schema': 'wide', 'nrows': 1000, 'ncols': 41, 'variable': False, 'compressed': False, 'profile': 'base'}",False,2,4.475132891166649,347.5132891166649
exhaustive_mps_20261007_204350,fitstable,fitstable_io,wide_1000::projection,wide_1000 [projection],projection,smart,torchfits,torchfits,smart,OK,,True,off,NRC-054711,0.0005803331732749939,232.28125,,1723148.091563852,rows/s,0.2197265625,1000,"{'schema': 'wide', 'nrows': 1000, 'ncols': 41, 'variable': False, 'compressed': False, 'profile': 'base'}",True,1,1.0,0.0
exhaustive_mps_20261007_204350,fitstable,fitstable_io,wide_1000::projection,wide_1000 [projection],projection,smart,astropy,astropy_torch,smart,OK,,True,off,NRC-054711,0.017863874323666096,230.015625,,55978.89807560939,rows/s,0.2197265625,1000,"{'schema': 'wide', 'nrows': 1000, 'ncols': 41, 'variable': False, 'compressed': False, 'profile': 'base'}",False,3,30.78210094876173,2978.210094876173
exhaustive_mps_20261007_204350,fitstable,fitstable_io,wide_1000::projection,wide_1000 [projection],projection,smart,fitsio,fitsio_torch,smart,OK,,True,off,NRC-054711,0.0014593331143260002,228.046875,,685244.506674444,rows/s,0.2197265625,1000,"{'schema': 'wide', 'nrows': 1000, 'ncols': 41, 'variable': False, 'compressed': False, 'profile': 'base'}",False,2,2.51464707090678,151.46470709067802
exhaustive_mps_20261007_204350,fitstable,fitstable_io,wide_1000::projection,wide_1000 [projection],projection,specialized,torchfits,torchfits_specialized,specialized,OK,,True,off,NRC-054711,0.00045337527990341187,227.75,,2205678.2632988775,rows/s,0.2197265625,1000,"{'schema': 'wide', 'nrows': 1000, 'ncols': 41, 'variable': False, 'compressed': False, 'profile': 'base'}",True,1,1.0,0.0
exhaustive_mps_20261007_204350,fitstable,fitstable_io,wide_1000::projection,wide_1000 [projection],projection,specialized,astropy,astropy,specialized,OK,,True,off,NRC-054711,0.019626375287771225,227.765625,,50951.84339122867,rows/s,0.2197265625,1000,"{'schema': 'wide', 'nrows': 1000, 'ncols': 41, 'variable': False, 'compressed': False, 'profile': 'base'}",False,3,43.289469359583244,4228.9469359583245
exhaustive_mps_20261007_204350,fitstable,fitstable_io,wide_1000::projection,wide_1000 [projection],projection,specialized,fitsio,fitsio,specialized,OK,,True,off,NRC-054711,0.001713416539132595,227.59375,,583629.2443553994,rows/s,0.2197265625,1000,"{'schema': 'wide', 'nrows': 1000, 'ncols': 41, 'variable': False, 'compressed': False, 'profile': 'base'}",False,2,3.7792456163415555,277.92456163415557
exhaustive_mps_20261007_204350,fitstable,fitstable_io,wide_1000::row_slice,wide_1000 [row_slice],row_slice,smart,torchfits,torchfits,smart,OK,,True,off,NRC-054711,0.0006470419466495514,228.28125,,1545494.8557479172,rows/s,0.2197265625,1000,"{'schema': 'wide', 'nrows': 1000, 'ncols': 41, 'variable': False, 'compressed': False, 'profile': 'base'}",True,1,1.0,0.0
exhaustive_mps_20261007_204350,fitstable,fitstable_io,wide_1000::row_slice,wide_1000 [row_slice],row_slice,smart,astropy,astropy_torch,smart,OK,,True,off,NRC-054711,0.03043354209512472,228.15625,,32858.48216005702,rows/s,0.2197265625,1000,"{'schema': 'wide', 'nrows': 1000, 'ncols': 41, 'variable': False, 'compressed': False, 'profile': 'base'}",False,3,47.03488275020295,4603.488275020295
exhaustive_mps_20261007_204350,fitstable,fitstable_io,wide_1000::row_slice,wide_1000 [row_slice],row_slice,smart,fitsio,fitsio_torch,smart,OK,,True,off,NRC-054711,0.0024962089955806732,228.125,,400607.48189370974,rows/s,0.2197265625,1000,"{'schema': 'wide', 'nrows': 1000, 'ncols': 41, 'variable': False, 'compressed': False, 'profile': 'base'}",False,2,3.857878161541606,285.78781615416057
exhaustive_mps_20261007_204350,fitstable,fitstable_io,wide_1000::row_slice,wide_1000 [row_slice],row_slice,specialized,torchfits,torchfits_specialized,specialized,OK,,True,off,NRC-054711,0.0005021244287490845,228.171875,,1991538.2378253257,rows/s,0.2197265625,1000,"{'schema': 'wide', 'nrows': 1000, 'ncols': 41, 'variable': False, 'compressed': False, 'profile': 'base'}",True,1,1.0,0.0
exhaustive_mps_20261007_204350,fitstable,fitstable_io,wide_1000::row_slice,wide_1000 [row_slice],row_slice,specialized,astropy,astropy,specialized,OK,,True,off,NRC-054711,0.029279916547238827,228.203125,,34153.10280637745,rows/s,0.2197265625,1000,"{'schema': 'wide', 'nrows': 1000, 'ncols': 41, 'variable': False, 'compressed': False, 'profile': 'base'}",False,3,58.31207340416061,5731.207340416061
exhaustive_mps_20261007_204350,fitstable,fitstable_io,wide_1000::row_slice,wide_1000 [row_slice],row_slice,specialized,fitsio,fitsio,specialized,OK,,True,off,NRC-054711,0.0017769159749150276,228.171875,,562772.8120615383,rows/s,0.2197265625,1000,"{'schema': 'wide', 'nrows': 1000, 'ncols': 41, 'variable': False, 'compressed': False, 'profile': 'base'}",False,2,3.538796109445945,253.87961094459448
exhaustive_mps_20261007_204350,fitstable,fitstable_io,wide_1000::predicate_filter,wide_1000 [predicate_filter],predicate_filter,smart,torchfits,torchfits,smart,OK,,True,off,NRC-054711,0.0007276255637407303,229.296875,,1374333.2420304064,rows/s,0.2197265625,1000,"{'schema': 'wide', 'nrows': 1000, 'ncols': 41, 'variable': False, 'compressed': False, 'profile': 'base'}",True,1,1.0,0.0
exhaustive_mps_20261007_204350,fitstable,fitstable_io,wide_1000::predicate_filter,wide_1000 [predicate_filter],predicate_filter,smart,astropy,astropy_torch,smart,FAILED,,False,off,NRC-054711,,,,,rows/s,0.2197265625,1000,"{'schema': 'wide', 'nrows': 1000, 'ncols': 41, 'variable': False, 'compressed': False, 'profile': 'base'}",False,,,
exhaustive_mps_20261007_204350,fitstable,fitstable_io,wide_1000::predicate_filter,wide_1000 [predicate_filter],predicate_filter,smart,fitsio,fitsio_torch,smart,OK,,True,off,NRC-054711,0.0012085828930139542,229.296875,,827415.3190321999,rows/s,0.2197265625,1000,"{'schema': 'wide', 'nrows': 1000, 'ncols': 41, 'variable': False, 'compressed': False, 'profile': 'base'}",False,2,1.6609956456183554,66.09956456183555
exhaustive_mps_20261007_204350,fitstable,fitstable_io,wide_1000::predicate_filter,wide_1000 [predicate_filter],predicate_filter,specialized,torchfits,torchfits_specialized,specialized,OK,,True,off,NRC-054711,0.0009622080251574516,229.515625,,1039276.3039326805,rows/s,0.2197265625,1000,"{'schema': 'wide', 'nrows': 1000, 'ncols': 41, 'variable': False, 'compressed': False, 'profile': 'base'}",True,1,1.0,0.0
exhaustive_mps_20261007_204350,fitstable,fitstable_io,wide_1000::predicate_filter,wide_1000 [predicate_filter],predicate_filter,specialized,astropy,astropy,specialized,OK,,True,off,NRC-054711,0.017778290435671806,229.546875,,56248.377965156804,rows/s,0.2197265625,1000,"{'schema': 'wide', 'nrows': 1000, 'ncols': 41, 'variable': False, 'compressed': False, 'profile': 'base'}",False,3,18.47655597422672,1747.655597422672
exhaustive_mps_20261007_204350,fitstable,fitstable_io,wide_1000::predicate_filter,wide_1000 [predicate_filter],predicate_filter,specialized,fitsio,fitsio,specialized,OK,,True,off,NRC-054711,0.0013996250927448273,229.484375,,714477.0447340894,rows/s,0.2197265625,1000,"{'schema': 'wide', 'nrows': 1000, 'ncols': 41, 'variable': False, 'compressed': False, 'profile': 'base'}",False,2,1.4545971932792792,45.459719327927914
exhaustive_mps_20261007_204350,fitstable,fitstable_io,wide_1000::predicate_filter_selective,wide_1000 [predicate_filter_selective],predicate_filter_selective,smart,torchfits,torchfits,smart,OK,,True,off,NRC-054711,0.0010294998064637184,229.484375,,971345.4958626473,rows/s,0.2197265625,1000,"{'schema': 'wide', 'nrows': 1000, 'ncols': 41, 'variable': False, 'compressed': False, 'profile': 'base'}",True,1,1.0,0.0
exhaustive_mps_20261007_204350,fitstable,fitstable_io,wide_1000::predicate_filter_selective,wide_1000 [predicate_filter_selective],predicate_filter_selective,smart,astropy,astropy_torch,smart,FAILED,,False,off,NRC-054711,,,,,rows/s,0.2197265625,1000,"{'schema': 'wide', 'nrows': 1000, 'ncols': 41, 'variable': False, 'compressed': False, 'profile': 'base'}",False,,,
exhaustive_mps_20261007_204350,fitstable,fitstable_io,wide_1000::predicate_filter_selective,wide_1000 [predicate_filter_selective],predicate_filter_selective,smart,fitsio,fitsio_torch,smart,OK,,True,off,NRC-054711,0.0014921659603714943,229.484375,,670166.7418757073,rows/s,0.2197265625,1000,"{'schema': 'wide', 'nrows': 1000, 'ncols': 41, 'variable': False, 'compressed': False, 'profile': 'base'}",False,2,1.4494086846864125,44.94086846864125
exhaustive_mps_20261007_204350,fitstable,fitstable_io,wide_1000::predicate_filter_selective,wide_1000 [predicate_filter_selective],predicate_filter_selective,specialized,torchfits,torchfits_specialized,specialized,OK,,True,off,NRC-054711,0.0010632071644067764,229.1875,,940550.4717022451,rows/s,0.2197265625,1000,"{'schema': 'wide', 'nrows': 1000, 'ncols': 41, 'variable': False, 'compressed': False, 'profile': 'base'}",True,1,1.0,0.0
exhaustive_mps_20261007_204350,fitstable,fitstable_io,wide_1000::predicate_filter_selective,wide_1000 [predicate_filter_selective],predicate_filter_selective,specialized,astropy,astropy,specialized,OK,,True,off,NRC-054711,0.017596582882106304,229.21875,,56829.21546187724,rows/s,0.2197265625,1000,"{'schema': 'wide', 'nrows': 1000, 'ncols': 41, 'variable': False, 'compressed': False, 'profile': 'base'}",False,3,16.550474330112735,1555.0474330112734
exhaustive_mps_20261007_204350,fitstable,fitstable_io,wide_1000::predicate_filter_selective,wide_1000 [predicate_filter_selective],predicate_filter_selective,specialized,fitsio,fitsio,specialized,OK,,True,off,NRC-054711,0.0016618743538856506,229.125,,601730.2076188171,rows/s,0.2197265625,1000,"{'schema': 'wide', 'nrows': 1000, 'ncols': 41, 'variable': False, 'compressed': False, 'profile': 'base'}",False,2,1.5630767074570124,56.307670745701245
exhaustive_mps_20261007_204350,fitstable,fitstable_io,wide_1000::scan_count,wide_1000 [scan_count],scan_count,smart,torchfits,torchfits,smart,OK,,True,off,NRC-054711,3.262516111135483e-05,228.6875,,30651189.63204019,rows/s,0.2197265625,1000,"{'schema': 'wide', 'nrows': 1000, 'ncols': 41, 'variable': False, 'compressed': False, 'profile': 'base'}",True,1,1.0,0.0
exhaustive_mps_20261007_204350,fitstable,fitstable_io,wide_1000::scan_count,wide_1000 [scan_count],scan_count,smart,astropy,astropy_torch,smart,OK,,True,off,NRC-054711,0.0016595004126429558,228.4375,,602590.9920729569,rows/s,0.2197265625,1000,"{'schema': 'wide', 'nrows': 1000, 'ncols': 41, 'variable': False, 'compressed': False, 'profile': 'base'}",False,3,50.86566184236819,4986.566184236819
exhaustive_mps_20261007_204350,fitstable,fitstable_io,wide_1000::scan_count,wide_1000 [scan_count],scan_count,smart,fitsio,fitsio_torch,smart,OK,,True,off,NRC-054711,0.0009055826812982559,228.4375,,1104261.4005894924,rows/s,0.2197265625,1000,"{'schema': 'wide', 'nrows': 1000, 'ncols': 41, 'variable': False, 'compressed': False, 'profile': 'base'}",False,2,27.75718649196426,2675.7186491964258
exhaustive_mps_20261007_204350,fitstable,fitstable_io,wide_1000::scan_count,wide_1000 [scan_count],scan_count,specialized,torchfits,torchfits_specialized,specialized,OK,,True,off,NRC-054711,2.5957822799682617e-05,228.390625,,38524032.14695752,rows/s,0.2197265625,1000,"{'schema': 'wide', 'nrows': 1000, 'ncols': 41, 'variable': False, 'compressed': False, 'profile': 'base'}",True,1,1.0,0.0
exhaustive_mps_20261007_204350,fitstable,fitstable_io,wide_1000::scan_count,wide_1000 [scan_count],scan_count,specialized,astropy,astropy,specialized,OK,,True,off,NRC-054711,0.001516333781182766,228.390625,,659485.4064518586,rows/s,0.2197265625,1000,"{'schema': 'wide', 'nrows': 1000, 'ncols': 41, 'variable': False, 'compressed': False, 'profile': 'base'}",False,3,58.41529133180253,5741.529133180253
exhaustive_mps_20261007_204350,fitstable,fitstable_io,wide_1000::scan_count,wide_1000 [scan_count],scan_count,specialized,fitsio,fitsio,specialized,OK,,True,off,NRC-054711,0.0008189994841814041,228.390625,,1221001.9900067546,rows/s,0.2197265625,1000,"{'schema': 'wide', 'nrows': 1000, 'ncols': 41, 'variable': False, 'compressed': False, 'profile': 'base'}",False,2,31.551162456946038,3055.116245694604
exhaustive_mps_20261007_204350,fitstable,fitstable_io,narrow_10000::read_full,narrow_10000 [read_full],read_full,smart,torchfits,torchfits,smart,OK,,True,off,NRC-054711,0.0008558742702007294,229.03125,,11683959.137660122,rows/s,0.1318359375,10000,"{'schema': 'narrow', 'nrows': 10000, 'ncols': 4, 'variable': False, 'compressed': False, 'profile': 'base'}",False,2,1.4269512532180577,42.69512532180577
exhaustive_mps_20261007_204350,fitstable,fitstable_io,narrow_10000::read_full,narrow_10000 [read_full],read_full,smart,astropy,astropy_torch,smart,OK,,True,off,NRC-054711,0.004313667304813862,229.03125,,2318213.0872356435,rows/s,0.1318359375,10000,"{'schema': 'narrow', 'nrows': 10000, 'ncols': 4, 'variable': False, 'compressed': False, 'profile': 'base'}",False,3,7.191935989764325,619.1935989764324
exhaustive_mps_20261007_204350,fitstable,fitstable_io,narrow_10000::read_full,narrow_10000 [read_full],read_full,smart,fitsio,fitsio_torch,smart,OK,,True,off,NRC-054711,0.0005997922271490097,228.640625,,16672440.134032689,rows/s,0.1318359375,10000,"{'schema': 'narrow', 'nrows': 10000, 'ncols': 4, 'variable': False, 'compressed': False, 'profile': 'base'}",True,1,1.0,0.0
exhaustive_mps_20261007_204350,fitstable,fitstable_io,narrow_10000::read_full,narrow_10000 [read_full],read_full,specialized,torchfits,torchfits_specialized,specialized,OK,,True,off,NRC-054711,0.00037004146724939346,228.796875,,27023998.348975282,rows/s,0.1318359375,10000,"{'schema': 'narrow', 'nrows': 10000, 'ncols': 4, 'variable': False, 'compressed': False, 'profile': 'base'}",True,1,1.0,0.0
exhaustive_mps_20261007_204350,fitstable,fitstable_io,narrow_10000::read_full,narrow_10000 [read_full],read_full,specialized,astropy,astropy,specialized,OK,,True,off,NRC-054711,0.004133792594075203,228.8125,,2419086.050503016,rows/s,0.1318359375,10000,"{'schema': 'narrow', 'nrows': 10000, 'ncols': 4, 'variable': False, 'compressed': False, 'profile': 'base'}",False,3,11.171160423729454,1017.1160423729453
exhaustive_mps_20261007_204350,fitstable,fitstable_io,narrow_10000::read_full,narrow_10000 [read_full],read_full,specialized,fitsio,fitsio,specialized,OK,,True,off,NRC-054711,0.0006566252559423447,228.8125,,15229386.791783798,rows/s,0.1318359375,10000,"{'schema': 'narrow', 'nrows': 10000, 'ncols': 4, 'variable': False, 'compressed': False, 'profile': 'base'}",False,2,1.7744639832481395,77.44639832481394
exhaustive_mps_20261007_204350,fitstable,fitstable_io,narrow_10000::projection,narrow_10000 [projection],projection,smart,torchfits,torchfits,smart,OK,,True,off,NRC-054711,0.0005382495000958443,229.296875,,18578744.61233932,rows/s,0.1318359375,10000,"{'schema': 'narrow', 'nrows': 10000, 'ncols': 4, 'variable': False, 'compressed': False, 'profile': 'base'}",True,1,1.0,0.0
exhaustive_mps_20261007_204350,fitstable,fitstable_io,narrow_10000::projection,narrow_10000 [projection],projection,smart,astropy,astropy_torch,smart,OK,,True,off,NRC-054711,0.004298042505979538,229.296875,,2326640.554644996,rows/s,0.1318359375,10000,"{'schema': 'narrow', 'nrows': 10000, 'ncols': 4, 'variable': False, 'compressed': False, 'profile': 'base'}",False,3,7.9852234051572735,698.5223405157274
exhaustive_mps_20261007_204350,fitstable,fitstable_io,narrow_10000::projection,narrow_10000 [projection],projection,smart,fitsio,fitsio_torch,smart,OK,,True,off,NRC-054711,0.0013489583507180214,228.75,,7413127.317590803,rows/s,0.1318359375,10000,"{'schema': 'narrow', 'nrows': 10000, 'ncols': 4, 'variable': False, 'compressed': False, 'profile': 'base'}",False,2,2.5061952690672578,150.61952690672578
exhaustive_mps_20261007_204350,fitstable,fitstable_io,narrow_10000::projection,narrow_10000 [projection],projection,specialized,torchfits,torchfits_specialized,specialized,OK,,True,off,NRC-054711,0.00034870952367782593,227.46875,,28677163.42969468,rows/s,0.1318359375,10000,"{'schema': 'narrow', 'nrows': 10000, 'ncols': 4, 'variable': False, 'compressed': False, 'profile': 'base'}",True,1,1.0,0.0
exhaustive_mps_20261007_204350,fitstable,fitstable_io,narrow_10000::projection,narrow_10000 [projection],projection,specialized,astropy,astropy,specialized,OK,,True,off,NRC-054711,0.003573291003704071,227.46875,,2798540.614138061,rows/s,0.1318359375,10000,"{'schema': 'narrow', 'nrows': 10000, 'ncols': 4, 'variable': False, 'compressed': False, 'profile': 'base'}",False,3,10.247185009507938,924.7185009507938
exhaustive_mps_20261007_204350,fitstable,fitstable_io,narrow_10000::projection,narrow_10000 [projection],projection,specialized,fitsio,fitsio,specialized,OK,,True,off,NRC-054711,0.0019420841708779335,226.40625,,5149107.412517258,rows/s,0.1318359375,10000,"{'schema': 'narrow', 'nrows': 10000, 'ncols': 4, 'variable': False, 'compressed': False, 'profile': 'base'}",False,2,5.569346516248959,456.9346516248959
exhaustive_mps_20261007_204350,fitstable,fitstable_io,narrow_10000::row_slice,narrow_10000 [row_slice],row_slice,smart,torchfits,torchfits,smart,OK,,True,off,NRC-054711,0.0005158334970474243,227.015625,,19386100.470866915,rows/s,0.1318359375,10000,"{'schema': 'narrow', 'nrows': 10000, 'ncols': 4, 'variable': False, 'compressed': False, 'profile': 'base'}",True,1,1.0,0.0
exhaustive_mps_20261007_204350,fitstable,fitstable_io,narrow_10000::row_slice,narrow_10000 [row_slice],row_slice,smart,astropy,astropy_torch,smart,OK,,True,off,NRC-054711,0.00548379123210907,227.015625,,1823555.9263174199,rows/s,0.1318359375,10000,"{'schema': 'narrow', 'nrows': 10000, 'ncols': 4, 'variable': False, 'compressed': False, 'profile': 'base'}",False,3,10.63093277869255,963.093277869255
exhaustive_mps_20261007_204350,fitstable,fitstable_io,narrow_10000::row_slice,narrow_10000 [row_slice],row_slice,smart,fitsio,fitsio_torch,smart,OK,,True,off,NRC-054711,0.0008651250973343849,227.015625,,11559021.962039828,rows/s,0.1318359375,10000,"{'schema': 'narrow', 'nrows': 10000, 'ncols': 4, 'variable': False, 'compressed': False, 'profile': 'base'}",False,2,1.6771402056792906,67.71402056792905
exhaustive_mps_20261007_204350,fitstable,fitstable_io,narrow_10000::row_slice,narrow_10000 [row_slice],row_slice,specialized,torchfits,torchfits_specialized,specialized,OK,,True,off,NRC-054711,0.00025412440299987793,227.015625,,39350805.67608772,rows/s,0.1318359375,10000,"{'schema': 'narrow', 'nrows': 10000, 'ncols': 4, 'variable': False, 'compressed': False, 'profile': 'base'}",True,1,1.0,0.0
exhaustive_mps_20261007_204350,fitstable,fitstable_io,narrow_10000::row_slice,narrow_10000 [row_slice],row_slice,specialized,astropy,astropy,specialized,OK,,True,off,NRC-054711,0.005122415721416473,227.015625,,1952203.9100010328,rows/s,0.1318359375,10000,"{'schema': 'narrow', 'nrows': 10000, 'ncols': 4, 'variable': False, 'compressed': False, 'profile': 'base'}",False,3,20.157118564559635,1915.7118564559635
exhaustive_mps_20261007_204350,fitstable,fitstable_io,narrow_10000::row_slice,narrow_10000 [row_slice],row_slice,specialized,fitsio,fitsio,specialized,OK,,True,off,NRC-054711,0.0006978744640946388,226.515625,,14329224.687957488,rows/s,0.1318359375,10000,"{'schema': 'narrow', 'nrows': 10000, 'ncols': 4, 'variable': False, 'compressed': False, 'profile': 'base'}",False,2,2.746192242289199,174.6192242289199
exhaustive_mps_20261007_204350,fitstable,fitstable_io,narrow_10000::predicate_filter,narrow_10000 [predicate_filter],predicate_filter,smart,torchfits,torchfits,smart,OK,,True,off,NRC-054711,0.0006477087736129761,226.8125,,15439037.43069455,rows/s,0.1318359375,10000,"{'schema': 'narrow', 'nrows': 10000, 'ncols': 4, 'variable': False, 'compressed': False, 'profile': 'base'}",True,1,1.0,0.0
exhaustive_mps_20261007_204350,fitstable,fitstable_io,narrow_10000::predicate_filter,narrow_10000 [predicate_filter],predicate_filter,smart,astropy,astropy_torch,smart,FAILED,,False,off,NRC-054711,,,,,rows/s,0.1318359375,10000,"{'schema': 'narrow', 'nrows': 10000, 'ncols': 4, 'variable': False, 'compressed': False, 'profile': 'base'}",False,,,
exhaustive_mps_20261007_204350,fitstable,fitstable_io,narrow_10000::predicate_filter,narrow_10000 [predicate_filter],predicate_filter,smart,fitsio,fitsio_torch,smart,OK,,True,off,NRC-054711,0.0011382503435015678,226.8125,,8785413.557827076,rows/s,0.1318359375,10000,"{'schema': 'narrow', 'nrows': 10000, 'ncols': 4, 'variable': False, 'compressed': False, 'profile': 'base'}",False,2,1.7573489658821635,75.73489658821634
exhaustive_mps_20261007_204350,fitstable,fitstable_io,narrow_10000::predicate_filter,narrow_10000 [predicate_filter],predicate_filter,specialized,torchfits,torchfits_specialized,specialized,OK,,True,off,NRC-054711,0.0007686661556363106,226.84375,,13009548.978674475,rows/s,0.1318359375,10000,"{'schema': 'narrow', 'nrows': 10000, 'ncols': 4, 'variable': False, 'compressed': False, 'profile': 'base'}",True,1,1.0,0.0
exhaustive_mps_20261007_204350,fitstable,fitstable_io,narrow_10000::predicate_filter,narrow_10000 [predicate_filter],predicate_filter,specialized,astropy,astropy,specialized,OK,,True,off,NRC-054711,0.00407229270786047,226.84375,,2455619.1603559535,rows/s,0.1318359375,10000,"{'schema': 'narrow', 'nrows': 10000, 'ncols': 4, 'variable': False, 'compressed': False, 'profile': 'base'}",False,3,5.297869143840969,429.78691438409686
exhaustive_mps_20261007_204350,fitstable,fitstable_io,narrow_10000::predicate_filter,narrow_10000 [predicate_filter],predicate_filter,specialized,fitsio,fitsio,specialized,OK,,True,off,NRC-054711,0.0009402092546224594,226.875,,10635930.194088012,rows/s,0.1318359375,10000,"{'schema': 'narrow', 'nrows': 10000, 'ncols': 4, 'variable': False, 'compressed': False, 'profile': 'base'}",False,2,1.2231698348213906,22.316983482139065
exhaustive_mps_20261007_204350,fitstable,fitstable_io,narrow_10000::predicate_filter_selective,narrow_10000 [predicate_filter_selective],predicate_filter_selective,smart,torchfits,torchfits,smart,OK,,True,off,NRC-054711,0.00046500004827976227,226.84375,,21505374.111237958,rows/s,0.1318359375,10000,"{'schema': 'narrow', 'nrows': 10000, 'ncols': 4, 'variable': False, 'compressed': False, 'profile': 'base'}",True,1,1.0,0.0
exhaustive_mps_20261007_204350,fitstable,fitstable_io,narrow_10000::predicate_filter_selective,narrow_10000 [predicate_filter_selective],predicate_filter_selective,smart,astropy,astropy_torch,smart,FAILED,,False,off,NRC-054711,,,,,rows/s,0.1318359375,10000,"{'schema': 'narrow', 'nrows': 10000, 'ncols': 4, 'variable': False, 'compressed': False, 'profile': 'base'}",False,,,
exhaustive_mps_20261007_204350,fitstable,fitstable_io,narrow_10000::predicate_filter_selective,narrow_10000 [predicate_filter_selective],predicate_filter_selective,smart,fitsio,fitsio_torch,smart,OK,,True,off,NRC-054711,0.0008427081629633904,226.84375,,11866504.253186436,rows/s,0.1318359375,10000,"{'schema': 'narrow', 'nrows': 10000, 'ncols': 4, 'variable': False, 'compressed': False, 'profile': 'base'}",False,2,1.8122754311121794,81.22754311121794
exhaustive_mps_20261007_204350,fitstable,fitstable_io,narrow_10000::predicate_filter_selective,narrow_10000 [predicate_filter_selective],predicate_filter_selective,specialized,torchfits,torchfits_specialized,specialized,OK,,True,off,NRC-054711,0.0006447918713092804,226.828125,,15508880.376693532,rows/s,0.1318359375,10000,"{'schema': 'narrow', 'nrows': 10000, 'ncols': 4, 'variable': False, 'compressed': False, 'profile': 'base'}",True,1,1.0,0.0
exhaustive_mps_20261007_204350,fitstable,fitstable_io,narrow_10000::predicate_filter_selective,narrow_10000 [predicate_filter_selective],predicate_filter_selective,specialized,astropy,astropy,specialized,OK,,True,off,NRC-054711,0.004188207909464836,226.796875,,2387656.0610568607,rows/s,0.1318359375,10000,"{'schema': 'narrow', 'nrows': 10000, 'ncols': 4, 'variable': False, 'compressed': False, 'profile': 'base'}",False,3,6.495441546061183,549.5441546061184
exhaustive_mps_20261007_204350,fitstable,fitstable_io,narrow_10000::predicate_filter_selective,narrow_10000 [predicate_filter_selective],predicate_filter_selective,specialized,fitsio,fitsio,specialized,OK,,True,off,NRC-054711,0.0009000003337860107,226.796875,,11111106.990297692,rows/s,0.1318359375,10000,"{'schema': 'narrow', 'nrows': 10000, 'ncols': 4, 'variable': False, 'compressed': False, 'profile': 'base'}",False,2,1.3957997515671492,39.57997515671492
exhaustive_mps_20261007_204350,fitstable,fitstable_io,narrow_10000::scan_count,narrow_10000 [scan_count],scan_count,smart,torchfits,torchfits,smart,OK,,True,off,NRC-054711,2.5791116058826447e-05,226.484375,,387730409.8508648,rows/s,0.1318359375,10000,"{'schema': 'narrow', 'nrows': 10000, 'ncols': 4, 'variable': False, 'compressed': False, 'profile': 'base'}",True,1,1.0,0.0
exhaustive_mps_20261007_204350,fitstable,fitstable_io,narrow_10000::scan_count,narrow_10000 [scan_count],scan_count,smart,astropy,astropy_torch,smart,OK,,True,off,NRC-054711,0.0013985000550746918,226.484375,,7150518.1309885,rows/s,0.1318359375,10000,"{'schema': 'narrow', 'nrows': 10000, 'ncols': 4, 'variable': False, 'compressed': False, 'profile': 'base'}",False,3,54.22409995305673,5322.409995305673
exhaustive_mps_20261007_204350,fitstable,fitstable_io,narrow_10000::scan_count,narrow_10000 [scan_count],scan_count,smart,fitsio,fitsio_torch,smart,OK,,True,off,NRC-054711,0.0002560419961810112,226.484375,,39056092.94238751,rows/s,0.1318359375,10000,"{'schema': 'narrow', 'nrows': 10000, 'ncols': 4, 'variable': False, 'compressed': False, 'profile': 'base'}",False,2,9.927526811829704,892.7526811829704
exhaustive_mps_20261007_204350,fitstable,fitstable_io,narrow_10000::scan_count,narrow_10000 [scan_count],scan_count,specialized,torchfits,torchfits_specialized,specialized,OK,,True,off,NRC-054711,1.9082799553871155e-05,226.484375,,524032124.93899465,rows/s,0.1318359375,10000,"{'schema': 'narrow', 'nrows': 10000, 'ncols': 4, 'variable': False, 'compressed': False, 'profile': 'base'}",True,1,1.0,0.0
exhaustive_mps_20261007_204350,fitstable,fitstable_io,narrow_10000::scan_count,narrow_10000 [scan_count],scan_count,specialized,astropy,astropy,specialized,OK,,True,off,NRC-054711,0.0008801249787211418,226.5,,11362022.714694925,rows/s,0.1318359375,10000,"{'schema': 'narrow', 'nrows': 10000, 'ncols': 4, 'variable': False, 'compressed': False, 'profile': 'base'}",False,3,46.12137628111274,4512.137628111273
exhaustive_mps_20261007_204350,fitstable,fitstable_io,narrow_10000::scan_count,narrow_10000 [scan_count],scan_count,specialized,fitsio,fitsio,specialized,OK,,True,off,NRC-054711,0.00021154247224330902,226.5,,47271831.01319879,rows/s,0.1318359375,10000,"{'schema': 'narrow', 'nrows': 10000, 'ncols': 4, 'variable': False, 'compressed': False, 'profile': 'base'}",False,2,11.085505124450952,1008.5505124450953
exhaustive_mps_20261007_204350,fitstable,fitstable_io,mixed_10000::read_full,mixed_10000 [read_full],read_full,smart,torchfits,torchfits,smart,OK,,True,off,NRC-054711,0.0010756244882941246,239.3125,,9296924.817934738,rows/s,0.51361083984375,10000,"{'schema': 'mixed', 'nrows': 10000, 'ncols': 8, 'variable': False, 'compressed': False, 'profile': 'base'}",True,1,1.0,0.0
exhaustive_mps_20261007_204350,fitstable,fitstable_io,mixed_10000::read_full,mixed_10000 [read_full],read_full,smart,astropy,astropy_torch,smart,OK,,True,off,NRC-054711,0.03294383268803358,240.15625,,303546.9520106071,rows/s,0.51361083984375,10000,"{'schema': 'mixed', 'nrows': 10000, 'ncols': 8, 'variable': False, 'compressed': False, 'profile': 'base'}",False,3,30.627633571526907,2962.763357152691
exhaustive_mps_20261007_204350,fitstable,fitstable_io,mixed_10000::read_full,mixed_10000 [read_full],read_full,smart,fitsio,fitsio_torch,smart,OK,,True,off,NRC-054711,0.020165459252893925,240.15625,,495897.458847356,rows/s,0.51361083984375,10000,"{'schema': 'mixed', 'nrows': 10000, 'ncols': 8, 'variable': False, 'compressed': False, 'profile': 'base'}",False,2,18.747675859328123,1774.7675859328122
exhaustive_mps_20261007_204350,fitstable,fitstable_io,mixed_10000::read_full,mixed_10000 [read_full],read_full,specialized,torchfits,torchfits_specialized,specialized,OK,,True,off,NRC-054711,0.0008160416036844254,243.609375,,12254277.177597355,rows/s,0.51361083984375,10000,"{'schema': 'mixed', 'nrows': 10000, 'ncols': 8, 'variable': False, 'compressed': False, 'profile': 'base'}",True,1,1.0,0.0
exhaustive_mps_20261007_204350,fitstable,fitstable_io,mixed_10000::read_full,mixed_10000 [read_full],read_full,specialized,astropy,astropy,specialized,OK,,True,off,NRC-054711,0.018766917288303375,243.640625,,532852.5642425342,rows/s,0.51361083984375,10000,"{'schema': 'mixed', 'nrows': 10000, 'ncols': 8, 'variable': False, 'compressed': False, 'profile': 'base'}",False,3,22.997500621991332,2199.750062199133
exhaustive_mps_20261007_204350,fitstable,fitstable_io,mixed_10000::read_full,mixed_10000 [read_full],read_full,specialized,fitsio,fitsio,specialized,OK,,True,off,NRC-054711,0.005029584281146526,243.609375,,1988235.894064874,rows/s,0.51361083984375,10000,"{'schema': 'mixed', 'nrows': 10000, 'ncols': 8, 'variable': False, 'compressed': False, 'profile': 'base'}",False,2,6.163391986925628,516.3391986925628
exhaustive_mps_20261007_204350,fitstable,fitstable_io,mixed_10000::projection,mixed_10000 [projection],projection,smart,torchfits,torchfits,smart,OK,,True,off,NRC-054711,0.0009985407814383507,243.640625,,10014613.509921422,rows/s,0.51361083984375,10000,"{'schema': 'mixed', 'nrows': 10000, 'ncols': 8, 'variable': False, 'compressed': False, 'profile': 'base'}",True,1,1.0,0.0
exhaustive_mps_20261007_204350,fitstable,fitstable_io,mixed_10000::projection,mixed_10000 [projection],projection,smart,astropy,astropy_torch,smart,OK,,True,off,NRC-054711,0.006965667009353638,243.515625,,1435612.6967556444,rows/s,0.51361083984375,10000,"{'schema': 'mixed', 'nrows': 10000, 'ncols': 8, 'variable': False, 'compressed': False, 'profile': 'base'}",False,3,6.975846293748688,597.5846293748689
exhaustive_mps_20261007_204350,fitstable,fitstable_io,mixed_10000::projection,mixed_10000 [projection],projection,smart,fitsio,fitsio_torch,smart,OK,,True,off,NRC-054711,0.002813582308590412,243.515625,,3554187.8300371957,rows/s,0.51361083984375,10000,"{'schema': 'mixed', 'nrows': 10000, 'ncols': 8, 'variable': False, 'compressed': False, 'profile': 'base'}",False,2,2.817693939888544,181.7693939888544
exhaustive_mps_20261007_204350,fitstable,fitstable_io,mixed_10000::projection,mixed_10000 [projection],projection,specialized,torchfits,torchfits_specialized,specialized,OK,,True,off,NRC-054711,0.000492083840072155,242.125,,20321740.29233247,rows/s,0.51361083984375,10000,"{'schema': 'mixed', 'nrows': 10000, 'ncols': 8, 'variable': False, 'compressed': False, 'profile': 'base'}",True,1,1.0,0.0
exhaustive_mps_20261007_204350,fitstable,fitstable_io,mixed_10000::projection,mixed_10000 [projection],projection,specialized,astropy,astropy,specialized,OK,,True,off,NRC-054711,0.007584165781736374,242.125,,1318536.5784172677,rows/s,0.51361083984375,10000,"{'schema': 'mixed', 'nrows': 10000, 'ncols': 8, 'variable': False, 'compressed': False, 'profile': 'base'}",False,3,15.412344735044126,1441.2344735044126
exhaustive_mps_20261007_204350,fitstable,fitstable_io,mixed_10000::projection,mixed_10000 [projection],projection,specialized,fitsio,fitsio,specialized,OK,,True,off,NRC-054711,0.001933959312736988,242.125,,5170739.598367117,rows/s,0.51361083984375,10000,"{'schema': 'mixed', 'nrows': 10000, 'ncols': 8, 'variable': False, 'compressed': False, 'profile': 'base'}",False,2,3.9301418889378863,293.0141888937886
exhaustive_mps_20261007_204350,fitstable,fitstable_io,mixed_10000::row_slice,mixed_10000 [row_slice],row_slice,smart,torchfits,torchfits,smart,OK,,True,off,NRC-054711,0.0007407497614622116,233.90625,,13499835.59935326,rows/s,0.51361083984375,10000,"{'schema': 'mixed', 'nrows': 10000, 'ncols': 8, 'variable': False, 'compressed': False, 'profile': 'base'}",True,1,1.0,0.0
exhaustive_mps_20261007_204350,fitstable,fitstable_io,mixed_10000::row_slice,mixed_10000 [row_slice],row_slice,smart,astropy,astropy_torch,smart,OK,,True,off,NRC-054711,0.014862666837871075,233.9375,,672826.7617840513,rows/s,0.51361083984375,10000,"{'schema': 'mixed', 'nrows': 10000, 'ncols': 8, 'variable': False, 'compressed': False, 'profile': 'base'}",False,3,20.06435588792191,1906.4355887921909
exhaustive_mps_20261007_204350,fitstable,fitstable_io,mixed_10000::row_slice,mixed_10000 [row_slice],row_slice,smart,fitsio,fitsio_torch,smart,OK,,True,off,NRC-054711,0.0029848339036107063,233.921875,,3350270.1734602917,rows/s,0.51361083984375,10000,"{'schema': 'mixed', 'nrows': 10000, 'ncols': 8, 'variable': False, 'compressed': False, 'profile': 'base'}",False,2,4.029476699012037,302.94766990120377
exhaustive_mps_20261007_204350,fitstable,fitstable_io,mixed_10000::row_slice,mixed_10000 [row_slice],row_slice,specialized,torchfits,torchfits_specialized,specialized,OK,,True,off,NRC-054711,0.000313708558678627,232.5,,31876720.361475114,rows/s,0.51361083984375,10000,"{'schema': 'mixed', 'nrows': 10000, 'ncols': 8, 'variable': False, 'compressed': False, 'profile': 'base'}",True,1,1.0,0.0
exhaustive_mps_20261007_204350,fitstable,fitstable_io,mixed_10000::row_slice,mixed_10000 [row_slice],row_slice,specialized,astropy,astropy,specialized,OK,,True,off,NRC-054711,0.011146333068609238,231.015625,,897156.0367384331,rows/s,0.51361083984375,10000,"{'schema': 'mixed', 'nrows': 10000, 'ncols': 8, 'variable': False, 'compressed': False, 'profile': 'base'}",False,3,35.530854228391945,3453.0854228391945
exhaustive_mps_20261007_204350,fitstable,fitstable_io,mixed_10000::row_slice,mixed_10000 [row_slice],row_slice,specialized,fitsio,fitsio,specialized,OK,,True,off,NRC-054711,0.0011288328096270561,231.015625,,8858707.78623435,rows/s,0.51361083984375,10000,"{'schema': 'mixed', 'nrows': 10000, 'ncols': 8, 'variable': False, 'compressed': False, 'profile': 'base'}",False,2,3.598348780733994,259.8348780733994
exhaustive_mps_20261007_204350,fitstable,fitstable_io,mixed_10000::predicate_filter,mixed_10000 [predicate_filter],predicate_filter,smart,torchfits,torchfits,smart,OK,,True,off,NRC-054711,0.0012895409017801285,232.15625,,7754697.804618404,rows/s,0.51361083984375,10000,"{'schema': 'mixed', 'nrows': 10000, 'ncols': 8, 'variable': False, 'compressed': False, 'profile': 'base'}",True,1,1.0,0.0
exhaustive_mps_20261007_204350,fitstable,fitstable_io,mixed_10000::predicate_filter,mixed_10000 [predicate_filter],predicate_filter,smart,astropy,astropy_torch,smart,FAILED,,False,off,NRC-054711,,,,,rows/s,0.51361083984375,10000,"{'schema': 'mixed', 'nrows': 10000, 'ncols': 8, 'variable': False, 'compressed': False, 'profile': 'base'}",False,,,
exhaustive_mps_20261007_204350,fitstable,fitstable_io,mixed_10000::predicate_filter,mixed_10000 [predicate_filter],predicate_filter,smart,fitsio,fitsio_torch,smart,OK,,True,off,NRC-054711,0.0014167502522468567,232.15625,,7058407.072199755,rows/s,0.51361083984375,10000,"{'schema': 'mixed', 'nrows': 10000, 'ncols': 8, 'variable': False, 'compressed': False, 'profile': 'base'}",False,2,1.098647007079127,9.8647007079127
exhaustive_mps_20261007_204350,fitstable,fitstable_io,mixed_10000::predicate_filter,mixed_10000 [predicate_filter],predicate_filter,specialized,torchfits,torchfits_specialized,specialized,OK,,True,off,NRC-054711,0.0012475838884711266,232.15625,,8015493.0601537945,rows/s,0.51361083984375,10000,"{'schema': 'mixed', 'nrows': 10000, 'ncols': 8, 'variable': False, 'compressed': False, 'profile': 'base'}",True,1,1.0,0.0
exhaustive_mps_20261007_204350,fitstable,fitstable_io,mixed_10000::predicate_filter,mixed_10000 [predicate_filter],predicate_filter,specialized,astropy,astropy,specialized,OK,,True,off,NRC-054711,0.006055832840502262,231.984375,,1651300.533449106,rows/s,0.51361083984375,10000,"{'schema': 'mixed', 'nrows': 10000, 'ncols': 8, 'variable': False, 'compressed': False, 'profile': 'base'}",False,3,4.854048610649732,385.4048610649732
exhaustive_mps_20261007_204350,fitstable,fitstable_io,mixed_10000::predicate_filter,mixed_10000 [predicate_filter],predicate_filter,specialized,fitsio,fitsio,specialized,OK,,True,off,NRC-054711,0.0015986254438757896,231.984375,,6255373.976630502,rows/s,0.51361083984375,10000,"{'schema': 'mixed', 'nrows': 10000, 'ncols': 8, 'variable': False, 'compressed': False, 'profile': 'base'}",False,2,1.2813771151171671,28.137711511716713
exhaustive_mps_20261007_204350,fitstable,fitstable_io,mixed_10000::predicate_filter_selective,mixed_10000 [predicate_filter_selective],predicate_filter_selective,smart,torchfits,torchfits,smart,OK,,True,off,NRC-054711,0.0008422499522566795,231.5,,11872960.00813836,rows/s,0.51361083984375,10000,"{'schema': 'mixed', 'nrows': 10000, 'ncols': 8, 'variable': False, 'compressed': False, 'profile': 'base'}",True,1,1.0,0.0
exhaustive_mps_20261007_204350,fitstable,fitstable_io,mixed_10000::predicate_filter_selective,mixed_10000 [predicate_filter_selective],predicate_filter_selective,smart,astropy,astropy_torch,smart,FAILED,,False,off,NRC-054711,,,,,rows/s,0.51361083984375,10000,"{'schema': 'mixed', 'nrows': 10000, 'ncols': 8, 'variable': False, 'compressed': False, 'profile': 'base'}",False,,,
exhaustive_mps_20261007_204350,fitstable,fitstable_io,mixed_10000::predicate_filter_selective,mixed_10000 [predicate_filter_selective],predicate_filter_selective,smart,fitsio,fitsio_torch,smart,OK,,True,off,NRC-054711,0.001511874608695507,231.390625,,6614305.143088761,rows/s,0.51361083984375,10000,"{'schema': 'mixed', 'nrows': 10000, 'ncols': 8, 'variable': False, 'compressed': False, 'profile': 'base'}",False,2,1.795042676636159,79.50426766361589
exhaustive_mps_20261007_204350,fitstable,fitstable_io,mixed_10000::predicate_filter_selective,mixed_10000 [predicate_filter_selective],predicate_filter_selective,specialized,torchfits,torchfits_specialized,specialized,OK,,True,off,NRC-054711,0.0013730423524975777,231.703125,,7283096.535084953,rows/s,0.51361083984375,10000,"{'schema': 'mixed', 'nrows': 10000, 'ncols': 8, 'variable': False, 'compressed': False, 'profile': 'base'}",True,1,1.0,0.0
exhaustive_mps_20261007_204350,fitstable,fitstable_io,mixed_10000::predicate_filter_selective,mixed_10000 [predicate_filter_selective],predicate_filter_selective,specialized,astropy,astropy,specialized,OK,,True,off,NRC-054711,0.00725933350622654,231.703125,,1377536.9311001776,rows/s,0.51361083984375,10000,"{'schema': 'mixed', 'nrows': 10000, 'ncols': 8, 'variable': False, 'compressed': False, 'profile': 'base'}",False,3,5.287042670622461,428.7042670622461
exhaustive_mps_20261007_204350,fitstable,fitstable_io,mixed_10000::predicate_filter_selective,mixed_10000 [predicate_filter_selective],predicate_filter_selective,specialized,fitsio,fitsio,specialized,OK,,True,off,NRC-054711,0.0015914589166641235,231.703125,,6283542.663458208,rows/s,0.51361083984375,10000,"{'schema': 'mixed', 'nrows': 10000, 'ncols': 8, 'variable': False, 'compressed': False, 'profile': 'base'}",False,2,1.1590748921686531,15.907489216865311
exhaustive_mps_20261007_204350,fitstable,fitstable_io,mixed_10000::scan_count,mixed_10000 [scan_count],scan_count,smart,torchfits,torchfits,smart,OK,,True,off,NRC-054711,3.833230584859848e-05,231.734375,,260876557.73949805,rows/s,0.51361083984375,10000,"{'schema': 'mixed', 'nrows': 10000, 'ncols': 8, 'variable': False, 'compressed': False, 'profile': 'base'}",True,1,1.0,0.0
exhaustive_mps_20261007_204350,fitstable,fitstable_io,mixed_10000::scan_count,mixed_10000 [scan_count],scan_count,smart,astropy,astropy_torch,smart,OK,,True,off,NRC-054711,0.002000332809984684,231.375,,4999168.113468362,rows/s,0.51361083984375,10000,"{'schema': 'mixed', 'nrows': 10000, 'ncols': 8, 'variable': False, 'compressed': False, 'profile': 'base'}",False,3,52.18399378021818,5118.399378021818
exhaustive_mps_20261007_204350,fitstable,fitstable_io,mixed_10000::scan_count,mixed_10000 [scan_count],scan_count,smart,fitsio,fitsio_torch,smart,OK,,True,off,NRC-054711,0.0003929995000362396,231.328125,,25445324.991705768,rows/s,0.51361083984375,10000,"{'schema': 'mixed', 'nrows': 10000, 'ncols': 8, 'variable': False, 'compressed': False, 'profile': 'base'}",False,2,10.252435676279793,925.2435676279794
exhaustive_mps_20261007_204350,fitstable,fitstable_io,mixed_10000::scan_count,mixed_10000 [scan_count],scan_count,specialized,torchfits,torchfits_specialized,specialized,OK,,True,off,NRC-054711,4.0667131543159485e-05,231.15625,,245898828.37905923,rows/s,0.51361083984375,10000,"{'schema': 'mixed', 'nrows': 10000, 'ncols': 8, 'variable': False, 'compressed': False, 'profile': 'base'}",True,1,1.0,0.0
exhaustive_mps_20261007_204350,fitstable,fitstable_io,mixed_10000::scan_count,mixed_10000 [scan_count],scan_count,specialized,astropy,astropy,specialized,OK,,True,off,NRC-054711,0.0034952089190483093,230.578125,,2861059.304781942,rows/s,0.51361083984375,10000,"{'schema': 'mixed', 'nrows': 10000, 'ncols': 8, 'variable': False, 'compressed': False, 'profile': 'base'}",False,3,85.94677781340174,8494.677781340173
exhaustive_mps_20261007_204350,fitstable,fitstable_io,mixed_10000::scan_count,mixed_10000 [scan_count],scan_count,specialized,fitsio,fitsio,specialized,OK,,True,off,NRC-054711,0.0007187081500887871,230.578125,,13913853.62579321,rows/s,0.51361083984375,10000,"{'schema': 'mixed', 'nrows': 10000, 'ncols': 8, 'variable': False, 'compressed': False, 'profile': 'base'}",False,2,17.672949205331378,1667.2949205331379
exhaustive_mps_20261007_204350,fitstable,fitstable_io,wide_10000::read_full,wide_10000 [read_full],read_full,smart,torchfits,torchfits,smart,OK,,True,off,NRC-054711,0.007052999921143055,261.34375,,1417836.3975338505,rows/s,2.0819091796875,10000,"{'schema': 'wide', 'nrows': 10000, 'ncols': 41, 'variable': False, 'compressed': False, 'profile': 'base'}",True,1,1.0,0.0
exhaustive_mps_20261007_204350,fitstable,fitstable_io,wide_10000::read_full,wide_10000 [read_full],read_full,smart,astropy,astropy_torch,smart,OK,,True,off,NRC-054711,0.14108712505549192,260.078125,,70878.18960140292,rows/s,2.0819091796875,10000,"{'schema': 'wide', 'nrows': 10000, 'ncols': 41, 'variable': False, 'compressed': False, 'profile': 'base'}",False,3,20.00384611270865,1900.384611270865
exhaustive_mps_20261007_204350,fitstable,fitstable_io,wide_10000::read_full,wide_10000 [read_full],read_full,smart,fitsio,fitsio_torch,smart,OK,,True,off,NRC-054711,0.09041529148817062,261.1875,,110600.76050640547,rows/s,2.0819091796875,10000,"{'schema': 'wide', 'nrows': 10000, 'ncols': 41, 'variable': False, 'compressed': False, 'profile': 'base'}",False,2,12.819409116556084,1181.9409116556085
exhaustive_mps_20261007_204350,fitstable,fitstable_io,wide_10000::read_full,wide_10000 [read_full],read_full,specialized,torchfits,torchfits_specialized,specialized,OK,,True,off,NRC-054711,0.004733541049063206,270.390625,,2112583.348565036,rows/s,2.0819091796875,10000,"{'schema': 'wide', 'nrows': 10000, 'ncols': 41, 'variable': False, 'compressed': False, 'profile': 'base'}",True,1,1.0,0.0
exhaustive_mps_20261007_204350,fitstable,fitstable_io,wide_10000::read_full,wide_10000 [read_full],read_full,specialized,astropy,astropy,specialized,OK,,True,off,NRC-054711,0.0800252091139555,269.65625,,124960.62316763272,rows/s,2.0819091796875,10000,"{'schema': 'wide', 'nrows': 10000, 'ncols': 41, 'variable': False, 'compressed': False, 'profile': 'base'}",False,3,16.905992423957734,1590.5992423957734
exhaustive_mps_20261007_204350,fitstable,fitstable_io,wide_10000::read_full,wide_10000 [read_full],read_full,specialized,fitsio,fitsio,specialized,OK,,True,off,NRC-054711,0.026058249175548553,271.15625,,383755.6365599336,rows/s,2.0819091796875,10000,"{'schema': 'wide', 'nrows': 10000, 'ncols': 41, 'variable': False, 'compressed': False, 'profile': 'base'}",False,2,5.5050223301022445,450.5022330102245
exhaustive_mps_20261007_204350,fitstable,fitstable_io,wide_10000::projection,wide_10000 [projection],projection,smart,torchfits,torchfits,smart,OK,,True,off,NRC-054711,0.0018332917243242264,253.53125,,5454669.252754153,rows/s,2.0819091796875,10000,"{'schema': 'wide', 'nrows': 10000, 'ncols': 41, 'variable': False, 'compressed': False, 'profile': 'base'}",True,1,1.0,0.0
exhaustive_mps_20261007_204350,fitstable,fitstable_io,wide_10000::projection,wide_10000 [projection],projection,smart,astropy,astropy_torch,smart,OK,,True,off,NRC-054711,0.02272575069218874,252.53125,,440029.46857272286,rows/s,2.0819091796875,10000,"{'schema': 'wide', 'nrows': 10000, 'ncols': 41, 'variable': False, 'compressed': False, 'profile': 'base'}",False,3,12.396145354643831,1139.6145354643832
exhaustive_mps_20261007_204350,fitstable,fitstable_io,wide_10000::projection,wide_10000 [projection],projection,smart,fitsio,fitsio_torch,smart,OK,,True,off,NRC-054711,0.006494166329503059,252.53125,,1539843.529194795,rows/s,2.0819091796875,10000,"{'schema': 'wide', 'nrows': 10000, 'ncols': 41, 'variable': False, 'compressed': False, 'profile': 'base'}",False,2,3.5423529399811633,254.23529399811633
exhaustive_mps_20261007_204350,fitstable,fitstable_io,wide_10000::projection,wide_10000 [projection],projection,specialized,torchfits,torchfits_specialized,specialized,OK,,True,off,NRC-054711,0.0009954161942005157,249.75,,10046049.138302052,rows/s,2.0819091796875,10000,"{'schema': 'wide', 'nrows': 10000, 'ncols': 41, 'variable': False, 'compressed': False, 'profile': 'base'}",True,1,1.0,0.0
exhaustive_mps_20261007_204350,fitstable,fitstable_io,wide_10000::projection,wide_10000 [projection],projection,specialized,astropy,astropy,specialized,OK,,True,off,NRC-054711,0.019054791890084743,249.78125,,524802.372950793,rows/s,2.0819091796875,10000,"{'schema': 'wide', 'nrows': 10000, 'ncols': 41, 'variable': False, 'compressed': False, 'profile': 'base'}",False,3,19.142537564791077,1814.2537564791078
exhaustive_mps_20261007_204350,fitstable,fitstable_io,wide_10000::projection,wide_10000 [projection],projection,specialized,fitsio,fitsio,specialized,OK,,True,off,NRC-054711,0.003656834363937378,249.765625,,2734605.673862905,rows/s,2.0819091796875,10000,"{'schema': 'wide', 'nrows': 10000, 'ncols': 41, 'variable': False, 'compressed': False, 'profile': 'base'}",False,2,3.673673771074643,267.36737710746434
exhaustive_mps_20261007_204350,fitstable,fitstable_io,wide_10000::row_slice,wide_10000 [row_slice],row_slice,smart,torchfits,torchfits,smart,OK,,True,off,NRC-054711,0.0010642912238836288,248.9375,,9395924.513508357,rows/s,2.0819091796875,10000,"{'schema': 'wide', 'nrows': 10000, 'ncols': 41, 'variable': False, 'compressed': False, 'profile': 'base'}",True,1,1.0,0.0
exhaustive_mps_20261007_204350,fitstable,fitstable_io,wide_10000::row_slice,wide_10000 [row_slice],row_slice,smart,astropy,astropy_torch,smart,OK,,True,off,NRC-054711,0.05380912497639656,248.9375,,185842.08541555938,rows/s,2.0819091796875,10000,"{'schema': 'wide', 'nrows': 10000, 'ncols': 41, 'variable': False, 'compressed': False, 'profile': 'base'}",False,3,50.55864764161593,4955.864764161593
exhaustive_mps_20261007_204350,fitstable,fitstable_io,wide_10000::row_slice,wide_10000 [row_slice],row_slice,smart,fitsio,fitsio_torch,smart,OK,,True,off,NRC-054711,0.01199495792388916,248.90625,,833683.624690671,rows/s,2.0819091796875,10000,"{'schema': 'wide', 'nrows': 10000, 'ncols': 41, 'variable': False, 'compressed': False, 'profile': 'base'}",False,2,11.270371919557148,1027.0371919557147
exhaustive_mps_20261007_204350,fitstable,fitstable_io,wide_10000::row_slice,wide_10000 [row_slice],row_slice,specialized,torchfits,torchfits_specialized,specialized,OK,,True,off,NRC-054711,0.001024041324853897,250.40625,,9765230.91138605,rows/s,2.0819091796875,10000,"{'schema': 'wide', 'nrows': 10000, 'ncols': 41, 'variable': False, 'compressed': False, 'profile': 'base'}",True,1,1.0,0.0
exhaustive_mps_20261007_204350,fitstable,fitstable_io,wide_10000::row_slice,wide_10000 [row_slice],row_slice,specialized,astropy,astropy,specialized,OK,,True,off,NRC-054711,0.045390124432742596,250.4375,,220312.2402719479,rows/s,2.0819091796875,10000,"{'schema': 'wide', 'nrows': 10000, 'ncols': 41, 'variable': False, 'compressed': False, 'profile': 'base'}",False,3,44.32450461822772,4332.450461822772
exhaustive_mps_20261007_204350,fitstable,fitstable_io,wide_10000::row_slice,wide_10000 [row_slice],row_slice,specialized,fitsio,fitsio,specialized,OK,,True,off,NRC-054711,0.0041037918999791145,250.40625,,2436770.733928027,rows/s,2.0819091796875,10000,"{'schema': 'wide', 'nrows': 10000, 'ncols': 41, 'variable': False, 'compressed': False, 'profile': 'base'}",False,2,4.007447551557174,300.7447551557174
exhaustive_mps_20261007_204350,fitstable,fitstable_io,wide_10000::predicate_filter,wide_10000 [predicate_filter],predicate_filter,smart,torchfits,torchfits,smart,OK,,True,off,NRC-054711,0.0028877081349492073,251.5,,3462953.8487537946,rows/s,2.0819091796875,10000,"{'schema': 'wide', 'nrows': 10000, 'ncols': 41, 'variable': False, 'compressed': False, 'profile': 'base'}",True,1,1.0,0.0
exhaustive_mps_20261007_204350,fitstable,fitstable_io,wide_10000::predicate_filter,wide_10000 [predicate_filter],predicate_filter,smart,astropy,astropy_torch,smart,FAILED,,False,off,NRC-054711,,,,,rows/s,2.0819091796875,10000,"{'schema': 'wide', 'nrows': 10000, 'ncols': 41, 'variable': False, 'compressed': False, 'profile': 'base'}",False,,,
exhaustive_mps_20261007_204350,fitstable,fitstable_io,wide_10000::predicate_filter,wide_10000 [predicate_filter],predicate_filter,smart,fitsio,fitsio_torch,smart,OK,,True,off,NRC-054711,0.0034317923709750175,251.078125,,2913929.2005474293,rows/s,2.0819091796875,10000,"{'schema': 'wide', 'nrows': 10000, 'ncols': 41, 'variable': False, 'compressed': False, 'profile': 'base'}",False,2,1.1884138599191847,18.841385991918468
exhaustive_mps_20261007_204350,fitstable,fitstable_io,wide_10000::predicate_filter,wide_10000 [predicate_filter],predicate_filter,specialized,torchfits,torchfits_specialized,specialized,OK,,True,off,NRC-054711,0.003079165704548359,251.484375,,3247632.9498047475,rows/s,2.0819091796875,10000,"{'schema': 'wide', 'nrows': 10000, 'ncols': 41, 'variable': False, 'compressed': False, 'profile': 'base'}",True,1,1.0,0.0
exhaustive_mps_20261007_204350,fitstable,fitstable_io,wide_10000::predicate_filter,wide_10000 [predicate_filter],predicate_filter,specialized,astropy,astropy,specialized,OK,,True,off,NRC-054711,0.025409500114619732,248.828125,,393553.59038513125,rows/s,2.0819091796875,10000,"{'schema': 'wide', 'nrows': 10000, 'ncols': 41, 'variable': False, 'compressed': False, 'profile': 'base'}",False,3,8.252072981030654,725.2072981030655
exhaustive_mps_20261007_204350,fitstable,fitstable_io,wide_10000::predicate_filter,wide_10000 [predicate_filter],predicate_filter,specialized,fitsio,fitsio,specialized,OK,,True,off,NRC-054711,0.003103666938841343,248.8125,,3221995.20665487,rows/s,2.0819091796875,10000,"{'schema': 'wide', 'nrows': 10000, 'ncols': 41, 'variable': False, 'compressed': False, 'profile': 'base'}",False,2,1.0079571015800781,0.7957101580078119
exhaustive_mps_20261007_204350,fitstable,fitstable_io,wide_10000::predicate_filter_selective,wide_10000 [predicate_filter_selective],predicate_filter_selective,smart,torchfits,torchfits,smart,OK,,True,off,NRC-054711,0.002731875516474247,248.359375,,3660488.898449509,rows/s,2.0819091796875,10000,"{'schema': 'wide', 'nrows': 10000, 'ncols': 41, 'variable': False, 'compressed': False, 'profile': 'base'}",False,2,1.0031826015048446,0.31826015048446177
exhaustive_mps_20261007_204350,fitstable,fitstable_io,wide_10000::predicate_filter_selective,wide_10000 [predicate_filter_selective],predicate_filter_selective,smart,astropy,astropy_torch,smart,FAILED,,False,off,NRC-054711,,,,,rows/s,2.0819091796875,10000,"{'schema': 'wide', 'nrows': 10000, 'ncols': 41, 'variable': False, 'compressed': False, 'profile': 'base'}",False,,,
exhaustive_mps_20261007_204350,fitstable,fitstable_io,wide_10000::predicate_filter_selective,wide_10000 [predicate_filter_selective],predicate_filter_selective,smart,fitsio,fitsio_torch,smart,OK,,True,off,NRC-054711,0.0027232086285948753,247.640625,,3672138.775926181,rows/s,2.0819091796875,10000,"{'schema': 'wide', 'nrows': 10000, 'ncols': 41, 'variable': False, 'compressed': False, 'profile': 'base'}",True,1,1.0,0.0
exhaustive_mps_20261007_204350,fitstable,fitstable_io,wide_10000::predicate_filter_selective,wide_10000 [predicate_filter_selective],predicate_filter_selective,specialized,torchfits,torchfits_specialized,specialized,OK,,True,off,NRC-054711,0.002693749964237213,248.90625,,3712297.0330439303,rows/s,2.0819091796875,10000,"{'schema': 'wide', 'nrows': 10000, 'ncols': 41, 'variable': False, 'compressed': False, 'profile': 'base'}",True,1,1.0,0.0
exhaustive_mps_20261007_204350,fitstable,fitstable_io,wide_10000::predicate_filter_selective,wide_10000 [predicate_filter_selective],predicate_filter_selective,specialized,astropy,astropy,specialized,OK,,True,off,NRC-054711,0.02344220783561468,248.9375,,426580.98034637567,rows/s,2.0819091796875,10000,"{'schema': 'wide', 'nrows': 10000, 'ncols': 41, 'variable': False, 'compressed': False, 'profile': 'base'}",False,3,8.702443859615157,770.2443859615156
exhaustive_mps_20261007_204350,fitstable,fitstable_io,wide_10000::predicate_filter_selective,wide_10000 [predicate_filter_selective],predicate_filter_selective,specialized,fitsio,fitsio,specialized,OK,,True,off,NRC-054711,0.0039924997836351395,248.90625,,2504696.4413095294,rows/s,2.0819091796875,10000,"{'schema': 'wide', 'nrows': 10000, 'ncols': 41, 'variable': False, 'compressed': False, 'profile': 'base'}",False,2,1.4821345101217263,48.21345101217263
exhaustive_mps_20261007_204350,fitstable,fitstable_io,wide_10000::scan_count,wide_10000 [scan_count],scan_count,smart,torchfits,torchfits,smart,OK,,True,off,NRC-054711,5.316734313964844e-05,248.90625,,188085381.16591927,rows/s,2.0819091796875,10000,"{'schema': 'wide', 'nrows': 10000, 'ncols': 41, 'variable': False, 'compressed': False, 'profile': 'base'}",True,1,1.0,0.0
exhaustive_mps_20261007_204350,fitstable,fitstable_io,wide_10000::scan_count,wide_10000 [scan_count],scan_count,smart,astropy,astropy_torch,smart,OK,,True,off,NRC-054711,0.0019117500633001328,248.90625,,5230809.294567321,rows/s,2.0819091796875,10000,"{'schema': 'wide', 'nrows': 10000, 'ncols': 41, 'variable': False, 'compressed': False, 'profile': 'base'}",False,3,35.95722393497758,3495.722393497758
exhaustive_mps_20261007_204350,fitstable,fitstable_io,wide_10000::scan_count,wide_10000 [scan_count],scan_count,smart,fitsio,fitsio_torch,smart,OK,,True,off,NRC-054711,0.0009472072124481201,248.90625,,10557352.04354529,rows/s,2.0819091796875,10000,"{'schema': 'wide', 'nrows': 10000, 'ncols': 41, 'variable': False, 'compressed': False, 'profile': 'base'}",False,2,17.815582959641254,1681.5582959641254
exhaustive_mps_20261007_204350,fitstable,fitstable_io,wide_10000::scan_count,wide_10000 [scan_count],scan_count,specialized,torchfits,torchfits_specialized,specialized,OK,,True,off,NRC-054711,3.791693598031998e-05,247.046875,,263734390.48952425,rows/s,2.0819091796875,10000,"{'schema': 'wide', 'nrows': 10000, 'ncols': 41, 'variable': False, 'compressed': False, 'profile': 'base'}",True,1,1.0,0.0
exhaustive_mps_20261007_204350,fitstable,fitstable_io,wide_10000::scan_count,wide_10000 [scan_count],scan_count,specialized,astropy,astropy,specialized,OK,,True,off,NRC-054711,0.0015726247802376747,247.046875,,6358795.8969390495,rows/s,2.0819091796875,10000,"{'schema': 'wide', 'nrows': 10000, 'ncols': 41, 'variable': False, 'compressed': False, 'profile': 'base'}",False,3,41.47552378847051,4047.552378847051
exhaustive_mps_20261007_204350,fitstable,fitstable_io,wide_10000::scan_count,wide_10000 [scan_count],scan_count,specialized,fitsio,fitsio,specialized,OK,,True,off,NRC-054711,0.0008052075281739235,247.046875,,12419158.6021039,rows/s,2.0819091796875,10000,"{'schema': 'wide', 'nrows': 10000, 'ncols': 41, 'variable': False, 'compressed': False, 'profile': 'base'}",False,2,21.236091666052612,2023.6091666052612
exhaustive_mps_20261007_204350,fitstable,fitstable_io,narrow_100000::read_full,narrow_100000 [read_full],read_full,smart,torchfits,torchfits,smart,OK,,True,off,NRC-054711,0.002290458418428898,252.453125,,43659382.416814774,rows/s,1.2469482421875,100000,"{'schema': 'narrow', 'nrows': 100000, 'ncols': 4, 'variable': False, 'compressed': False, 'profile': 'base'}",True,1,1.0,0.0
exhaustive_mps_20261007_204350,fitstable,fitstable_io,narrow_100000::read_full,narrow_100000 [read_full],read_full,smart,astropy,astropy_torch,smart,OK,,True,off,NRC-054711,0.007867958396673203,252.75,,12709777.423617652,rows/s,1.2469482421875,100000,"{'schema': 'narrow', 'nrows': 100000, 'ncols': 4, 'variable': False, 'compressed': False, 'profile': 'base'}",False,3,3.4351020447994416,243.51020447994415
exhaustive_mps_20261007_204350,fitstable,fitstable_io,narrow_100000::read_full,narrow_100000 [read_full],read_full,smart,fitsio,fitsio_torch,smart,OK,,True,off,NRC-054711,0.0023802500218153,252.796875,,42012393.271079525,rows/s,1.2469482421875,100000,"{'schema': 'narrow', 'nrows': 100000, 'ncols': 4, 'variable': False, 'compressed': False, 'profile': 'base'}",False,2,1.0392024595006588,3.9202459500658815
exhaustive_mps_20261007_204350,fitstable,fitstable_io,narrow_100000::read_full,narrow_100000 [read_full],read_full,specialized,torchfits,torchfits_specialized,specialized,OK,,True,off,NRC-054711,0.001990583725273609,254.03125,,50236520.4388752,rows/s,1.2469482421875,100000,"{'schema': 'narrow', 'nrows': 100000, 'ncols': 4, 'variable': False, 'compressed': False, 'profile': 'base'}",True,1,1.0,0.0
exhaustive_mps_20261007_204350,fitstable,fitstable_io,narrow_100000::read_full,narrow_100000 [read_full],read_full,specialized,astropy,astropy,specialized,OK,,True,off,NRC-054711,0.0056872498244047165,254.359375,,17583191.012796238,rows/s,1.2469482421875,100000,"{'schema': 'narrow', 'nrows': 100000, 'ncols': 4, 'variable': False, 'compressed': False, 'profile': 'base'}",False,3,2.8570764204469694,185.70764204469694
exhaustive_mps_20261007_204350,fitstable,fitstable_io,narrow_100000::read_full,narrow_100000 [read_full],read_full,specialized,fitsio,fitsio,specialized,OK,,True,off,NRC-054711,0.0029564155265688896,253.953125,,33824744.560199365,rows/s,1.2469482421875,100000,"{'schema': 'narrow', 'nrows': 100000, 'ncols': 4, 'variable': False, 'compressed': False, 'profile': 'base'}",False,2,1.48520029026286,48.520029026286004
exhaustive_mps_20261007_204350,fitstable,fitstable_io,narrow_100000::projection,narrow_100000 [projection],projection,smart,torchfits,torchfits,smart,OK,,True,off,NRC-054711,0.0017414586618542671,256.09375,,57423125.90614249,rows/s,1.2469482421875,100000,"{'schema': 'narrow', 'nrows': 100000, 'ncols': 4, 'variable': False, 'compressed': False, 'profile': 'base'}",True,1,1.0,0.0
exhaustive_mps_20261007_204350,fitstable,fitstable_io,narrow_100000::projection,narrow_100000 [projection],projection,smart,astropy,astropy_torch,smart,OK,,True,off,NRC-054711,0.007162583060562611,256.09375,,13961443.67952993,rows/s,1.2469482421875,100000,"{'schema': 'narrow', 'nrows': 100000, 'ncols': 4, 'variable': False, 'compressed': False, 'profile': 'base'}",False,2,4.112979088998902,311.29790889989016
exhaustive_mps_20261007_204350,fitstable,fitstable_io,narrow_100000::projection,narrow_100000 [projection],projection,smart,fitsio,fitsio_torch,smart,OK,,True,off,NRC-054711,0.010241582989692688,256.125,,9764115.576726936,rows/s,1.2469482421875,100000,"{'schema': 'narrow', 'nrows': 100000, 'ncols': 4, 'variable': False, 'compressed': False, 'profile': 'base'}",False,3,5.881037094953305,488.10370949533046
exhaustive_mps_20261007_204350,fitstable,fitstable_io,narrow_100000::projection,narrow_100000 [projection],projection,specialized,torchfits,torchfits_specialized,specialized,OK,,True,off,NRC-054711,0.00154141616076231,257.71875,,64875406.49018811,rows/s,1.2469482421875,100000,"{'schema': 'narrow', 'nrows': 100000, 'ncols': 4, 'variable': False, 'compressed': False, 'profile': 'base'}",True,1,1.0,0.0
exhaustive_mps_20261007_204350,fitstable,fitstable_io,narrow_100000::projection,narrow_100000 [projection],projection,specialized,astropy,astropy,specialized,OK,,True,off,NRC-054711,0.007230624556541443,257.75,,13830063.947868988,rows/s,1.2469482421875,100000,"{'schema': 'narrow', 'nrows': 100000, 'ncols': 4, 'variable': False, 'compressed': False, 'profile': 'base'}",False,2,4.6908970728356225,369.08970728356223
exhaustive_mps_20261007_204350,fitstable,fitstable_io,narrow_100000::projection,narrow_100000 [projection],projection,specialized,fitsio,fitsio,specialized,OK,,True,off,NRC-054711,0.012123959138989449,254.875,,8248130.73465498,rows/s,1.2469482421875,100000,"{'schema': 'narrow', 'nrows': 100000, 'ncols': 4, 'variable': False, 'compressed': False, 'profile': 'base'}",False,3,7.865467774123714,686.5467774123714
exhaustive_mps_20261007_204350,fitstable,fitstable_io,narrow_100000::row_slice,narrow_100000 [row_slice],row_slice,smart,torchfits,torchfits,smart,OK,,True,off,NRC-054711,0.0008152499794960022,253.875,,122661763.28127141,rows/s,1.2469482421875,100000,"{'schema': 'narrow', 'nrows': 100000, 'ncols': 4, 'variable': False, 'compressed': False, 'profile': 'base'}",True,1,1.0,0.0
exhaustive_mps_20261007_204350,fitstable,fitstable_io,narrow_100000::row_slice,narrow_100000 [row_slice],row_slice,smart,astropy,astropy_torch,smart,OK,,True,off,NRC-054711,0.007329915650188923,253.875,,13642721.795498775,rows/s,1.2469482421875,100000,"{'schema': 'narrow', 'nrows': 100000, 'ncols': 4, 'variable': False, 'compressed': False, 'profile': 'base'}",False,3,8.991003783551603,799.1003783551603
exhaustive_mps_20261007_204350,fitstable,fitstable_io,narrow_100000::row_slice,narrow_100000 [row_slice],row_slice,smart,fitsio,fitsio_torch,smart,OK,,True,off,NRC-054711,0.0022551249712705612,253.875,,44343440.50727218,rows/s,1.2469482421875,100000,"{'schema': 'narrow', 'nrows': 100000, 'ncols': 4, 'variable': False, 'compressed': False, 'profile': 'base'}",False,2,2.7661760539567357,176.61760539567356
exhaustive_mps_20261007_204350,fitstable,fitstable_io,narrow_100000::row_slice,narrow_100000 [row_slice],row_slice,specialized,torchfits,torchfits_specialized,specialized,OK,,True,off,NRC-054711,0.00035287439823150635,254.6875,,283386951.5645454,rows/s,1.2469482421875,100000,"{'schema': 'narrow', 'nrows': 100000, 'ncols': 4, 'variable': False, 'compressed': False, 'profile': 'base'}",True,1,1.0,0.0
exhaustive_mps_20261007_204350,fitstable,fitstable_io,narrow_100000::row_slice,narrow_100000 [row_slice],row_slice,specialized,astropy,astropy,specialized,OK,,True,off,NRC-054711,0.005690333433449268,254.6875,,17573662.627953194,rows/s,1.2469482421875,100000,"{'schema': 'narrow', 'nrows': 100000, 'ncols': 4, 'variable': False, 'compressed': False, 'profile': 'base'}",False,3,16.125662450910013,1512.5662450910013
exhaustive_mps_20261007_204350,fitstable,fitstable_io,narrow_100000::row_slice,narrow_100000 [row_slice],row_slice,specialized,fitsio,fitsio,specialized,OK,,True,off,NRC-054711,0.0018215840682387352,254.703125,,54897274.16022508,rows/s,1.2469482421875,100000,"{'schema': 'narrow', 'nrows': 100000, 'ncols': 4, 'variable': False, 'compressed': False, 'profile': 'base'}",False,2,5.162131561167181,416.2131561167181
exhaustive_mps_20261007_204350,fitstable,fitstable_io,narrow_100000::predicate_filter,narrow_100000 [predicate_filter],predicate_filter,smart,torchfits,torchfits,smart,OK,,True,off,NRC-054711,0.022808500565588474,236.828125,,4384330.29441977,rows/s,1.2469482421875,100000,"{'schema': 'narrow', 'nrows': 100000, 'ncols': 4, 'variable': False, 'compressed': False, 'profile': 'base'}",True,1,1.0,0.0
exhaustive_mps_20261007_204350,fitstable,fitstable_io,narrow_100000::predicate_filter,narrow_100000 [predicate_filter],predicate_filter,smart,astropy,astropy_torch,smart,FAILED,,False,off,NRC-054711,,,,,rows/s,1.2469482421875,100000,"{'schema': 'narrow', 'nrows': 100000, 'ncols': 4, 'variable': False, 'compressed': False, 'profile': 'base'}",False,,,
exhaustive_mps_20261007_204350,fitstable,fitstable_io,narrow_100000::predicate_filter,narrow_100000 [predicate_filter],predicate_filter,smart,fitsio,fitsio_torch,smart,OK,,True,off,NRC-054711,0.0255951676517725,236.21875,,3906987.497035397,rows/s,1.2469482421875,100000,"{'schema': 'narrow', 'nrows': 100000, 'ncols': 4, 'variable': False, 'compressed': False, 'profile': 'base'}",False,2,1.122176689264191,12.21766892641909
exhaustive_mps_20261007_204350,fitstable,fitstable_io,narrow_100000::predicate_filter,narrow_100000 [predicate_filter],predicate_filter,specialized,torchfits,torchfits_specialized,specialized,OK,,True,off,NRC-054711,0.0049967085942626,240.5625,,20013174.295339853,rows/s,1.2469482421875,100000,"{'schema': 'narrow', 'nrows': 100000, 'ncols': 4, 'variable': False, 'compressed': False, 'profile': 'base'}",True,1,1.0,0.0
exhaustive_mps_20261007_204350,fitstable,fitstable_io,narrow_100000::predicate_filter,narrow_100000 [predicate_filter],predicate_filter,specialized,astropy,astropy,specialized,OK,,True,off,NRC-054711,0.009629749692976475,240.171875,,10384485.909632282,rows/s,1.2469482421875,100000,"{'schema': 'narrow', 'nrows': 100000, 'ncols': 4, 'variable': False, 'compressed': False, 'profile': 'base'}",False,2,1.9272185902603363,92.72185902603363
exhaustive_mps_20261007_204350,fitstable,fitstable_io,narrow_100000::predicate_filter,narrow_100000 [predicate_filter],predicate_filter,specialized,fitsio,fitsio,specialized,OK,,True,off,NRC-054711,0.010539249517023563,239.734375,,9488341.635566613,rows/s,1.2469482421875,100000,"{'schema': 'narrow', 'nrows': 100000, 'ncols': 4, 'variable': False, 'compressed': False, 'profile': 'base'}",False,3,2.1092383752626893,110.92383752626893
exhaustive_mps_20261007_204350,fitstable,fitstable_io,narrow_100000::predicate_filter_selective,narrow_100000 [predicate_filter_selective],predicate_filter_selective,smart,torchfits,torchfits,smart,OK,,True,off,NRC-054711,0.003953833132982254,240.03125,,25291912.085468587,rows/s,1.2469482421875,100000,"{'schema': 'narrow', 'nrows': 100000, 'ncols': 4, 'variable': False, 'compressed': False, 'profile': 'base'}",True,1,1.0,0.0
exhaustive_mps_20261007_204350,fitstable,fitstable_io,narrow_100000::predicate_filter_selective,narrow_100000 [predicate_filter_selective],predicate_filter_selective,smart,astropy,astropy_torch,smart,FAILED,,False,off,NRC-054711,,,,,rows/s,1.2469482421875,100000,"{'schema': 'narrow', 'nrows': 100000, 'ncols': 4, 'variable': False, 'compressed': False, 'profile': 'base'}",False,,,
exhaustive_mps_20261007_204350,fitstable,fitstable_io,narrow_100000::predicate_filter_selective,narrow_100000 [predicate_filter_selective],predicate_filter_selective,smart,fitsio,fitsio_torch,smart,OK,,True,off,NRC-054711,0.004980624653398991,240.015625,,20077802.8779494,rows/s,1.2469482421875,100000,"{'schema': 'narrow', 'nrows': 100000, 'ncols': 4, 'variable': False, 'compressed': False, 'profile': 'base'}",False,2,1.2596952086448472,25.969520864484718
exhaustive_mps_20261007_204350,fitstable,fitstable_io,narrow_100000::predicate_filter_selective,narrow_100000 [predicate_filter_selective],predicate_filter_selective,specialized,torchfits,torchfits_specialized,specialized,OK,,True,off,NRC-054711,0.016425957903265953,241.71875,,6087925.014109352,rows/s,1.2469482421875,100000,"{'schema': 'narrow', 'nrows': 100000, 'ncols': 4, 'variable': False, 'compressed': False, 'profile': 'base'}",False,3,2.2492839168358993,124.92839168358994
exhaustive_mps_20261007_204350,fitstable,fitstable_io,narrow_100000::predicate_filter_selective,narrow_100000 [predicate_filter_selective],predicate_filter_selective,specialized,astropy,astropy,specialized,OK,,True,off,NRC-054711,0.011016624979674816,241.71875,,9077190.172534289,rows/s,1.2469482421875,100000,"{'schema': 'narrow', 'nrows': 100000, 'ncols': 4, 'variable': False, 'compressed': False, 'profile': 'base'}",False,2,1.5085584372323455,50.85584372323455
exhaustive_mps_20261007_204350,fitstable,fitstable_io,narrow_100000::predicate_filter_selective,narrow_100000 [predicate_filter_selective],predicate_filter_selective,specialized,fitsio,fitsio,specialized,OK,,True,off,NRC-054711,0.007302749902009964,241.71875,,13693471.821139133,rows/s,1.2469482421875,100000,"{'schema': 'narrow', 'nrows': 100000, 'ncols': 4, 'variable': False, 'compressed': False, 'profile': 'base'}",True,1,1.0,0.0
exhaustive_mps_20261007_204350,fitstable,fitstable_io,narrow_100000::scan_count,narrow_100000 [scan_count],scan_count,smart,torchfits,torchfits,smart,OK,,True,off,NRC-054711,5.079153925180435e-05,241.734375,,1968831846.269505,rows/s,1.2469482421875,100000,"{'schema': 'narrow', 'nrows': 100000, 'ncols': 4, 'variable': False, 'compressed': False, 'profile': 'base'}",True,1,1.0,0.0
exhaustive_mps_20261007_204350,fitstable,fitstable_io,narrow_100000::scan_count,narrow_100000 [scan_count],scan_count,smart,astropy,astropy_torch,smart,OK,,True,off,NRC-054711,0.0015262076631188393,241.734375,,65521883.0415566,rows/s,1.2469482421875,100000,"{'schema': 'narrow', 'nrows': 100000, 'ncols': 4, 'variable': False, 'compressed': False, 'profile': 'base'}",False,3,30.048462511689312,2904.8462511689313
exhaustive_mps_20261007_204350,fitstable,fitstable_io,narrow_100000::scan_count,narrow_100000 [scan_count],scan_count,smart,fitsio,fitsio_torch,smart,OK,,True,off,NRC-054711,0.0002899998798966408,241.171875,,344827729.0171331,rows/s,1.2469482421875,100000,"{'schema': 'narrow', 'nrows': 100000, 'ncols': 4, 'variable': False, 'compressed': False, 'profile': 'base'}",False,2,5.70960998954838,470.960998954838
exhaustive_mps_20261007_204350,fitstable,fitstable_io,narrow_100000::scan_count,narrow_100000 [scan_count],scan_count,specialized,torchfits,torchfits_specialized,specialized,OK,,True,off,NRC-054711,2.4792738258838654e-05,240.78125,,4033439104.4663987,rows/s,1.2469482421875,100000,"{'schema': 'narrow', 'nrows': 100000, 'ncols': 4, 'variable': False, 'compressed': False, 'profile': 'base'}",True,1,1.0,0.0
exhaustive_mps_20261007_204350,fitstable,fitstable_io,narrow_100000::scan_count,narrow_100000 [scan_count],scan_count,specialized,astropy,astropy,specialized,OK,,True,off,NRC-054711,0.0013433750718832016,240.78125,,74439374.4479832,rows/s,1.2469482421875,100000,"{'schema': 'narrow', 'nrows': 100000, 'ncols': 4, 'variable': False, 'compressed': False, 'profile': 'base'}",False,3,54.184215468990644,5318.421546899064
exhaustive_mps_20261007_204350,fitstable,fitstable_io,narrow_100000::scan_count,narrow_100000 [scan_count],scan_count,specialized,fitsio,fitsio,specialized,OK,,True,off,NRC-054711,0.00023562554270029068,240.78125,,424402205.52487934,rows/s,1.2469482421875,100000,"{'schema': 'narrow', 'nrows': 100000, 'ncols': 4, 'variable': False, 'compressed': False, 'profile': 'base'}",False,2,9.503812779384697,850.3812779384697
exhaustive_mps_20261007_204350,fitstable,fitstable_io,mixed_100000::read_full,mixed_100000 [read_full],read_full,smart,torchfits,torchfits,smart,OK,,True,off,NRC-054711,0.008529500104486942,279.125,,11724016.504483659,rows/s,5.06195068359375,100000,"{'schema': 'mixed', 'nrows': 100000, 'ncols': 8, 'variable': False, 'compressed': False, 'profile': 'base'}",True,1,1.0,0.0
exhaustive_mps_20261007_204350,fitstable,fitstable_io,mixed_100000::read_full,mixed_100000 [read_full],read_full,smart,astropy,astropy_torch,smart,OK,,True,off,NRC-054711,0.3269078331068158,295.890625,,305896.61633260833,rows/s,5.06195068359375,100000,"{'schema': 'mixed', 'nrows': 100000, 'ncols': 8, 'variable': False, 'compressed': False, 'profile': 'base'}",False,3,38.32672830789298,3732.6728307892977
exhaustive_mps_20261007_204350,fitstable,fitstable_io,mixed_100000::read_full,mixed_100000 [read_full],read_full,smart,fitsio,fitsio_torch,smart,OK,,True,off,NRC-054711,0.2466530418023467,289.5625,,405427.7995895714,rows/s,5.06195068359375,100000,"{'schema': 'mixed', 'nrows': 100000, 'ncols': 8, 'variable': False, 'compressed': False, 'profile': 'base'}",False,2,28.917643329718103,2791.7643329718103
exhaustive_mps_20261007_204350,fitstable,fitstable_io,mixed_100000::read_full,mixed_100000 [read_full],read_full,specialized,torchfits,torchfits_specialized,specialized,OK,,True,off,NRC-054711,0.00781958270817995,352.328125,,12788406.201700695,rows/s,5.06195068359375,100000,"{'schema': 'mixed', 'nrows': 100000, 'ncols': 8, 'variable': False, 'compressed': False, 'profile': 'base'}",True,1,1.0,0.0
exhaustive_mps_20261007_204350,fitstable,fitstable_io,mixed_100000::read_full,mixed_100000 [read_full],read_full,specialized,astropy,astropy,specialized,OK,,True,off,NRC-054711,0.173161999322474,346.5,,577493.9096988204,rows/s,5.06195068359375,100000,"{'schema': 'mixed', 'nrows': 100000, 'ncols': 8, 'variable': False, 'compressed': False, 'profile': 'base'}",False,3,22.14465986034418,2114.465986034418
exhaustive_mps_20261007_204350,fitstable,fitstable_io,mixed_100000::read_full,mixed_100000 [read_full],read_full,specialized,fitsio,fitsio,specialized,OK,,True,off,NRC-054711,0.0522600831463933,335.0625,,1913506.3317805196,rows/s,5.06195068359375,100000,"{'schema': 'mixed', 'nrows': 100000, 'ncols': 8, 'variable': False, 'compressed': False, 'profile': 'base'}",False,2,6.6832317141073005,568.3231714107301
exhaustive_mps_20261007_204350,fitstable,fitstable_io,mixed_100000::projection,mixed_100000 [projection],projection,smart,torchfits,torchfits,smart,OK,,True,off,NRC-054711,0.0022507905960083008,323.796875,,44428833.21857952,rows/s,5.06195068359375,100000,"{'schema': 'mixed', 'nrows': 100000, 'ncols': 8, 'variable': False, 'compressed': False, 'profile': 'base'}",True,1,1.0,0.0
exhaustive_mps_20261007_204350,fitstable,fitstable_io,mixed_100000::projection,mixed_100000 [projection],projection,smart,astropy,astropy_torch,smart,OK,,True,off,NRC-054711,0.0136977918446064,327.03125,,7300446.753348474,rows/s,5.06195068359375,100000,"{'schema': 'mixed', 'nrows': 100000, 'ncols': 8, 'variable': False, 'compressed': False, 'profile': 'base'}",False,2,6.0857690932683655,508.5769093268365
exhaustive_mps_20261007_204350,fitstable,fitstable_io,mixed_100000::projection,mixed_100000 [projection],projection,smart,fitsio,fitsio_torch,smart,OK,,True,off,NRC-054711,0.017681792378425598,315.359375,,5655535.245511354,rows/s,5.06195068359375,100000,"{'schema': 'mixed', 'nrows': 100000, 'ncols': 8, 'variable': False, 'compressed': False, 'profile': 'base'}",False,3,7.8558140458662145,685.5814045866215
exhaustive_mps_20261007_204350,fitstable,fitstable_io,mixed_100000::projection,mixed_100000 [projection],projection,specialized,torchfits,torchfits_specialized,specialized,OK,,True,off,NRC-054711,0.002441166900098324,325.390625,,40964016.01872132,rows/s,5.06195068359375,100000,"{'schema': 'mixed', 'nrows': 100000, 'ncols': 8, 'variable': False, 'compressed': False, 'profile': 'base'}",True,1,1.0,0.0
exhaustive_mps_20261007_204350,fitstable,fitstable_io,mixed_100000::projection,mixed_100000 [projection],projection,specialized,astropy,astropy,specialized,OK,,True,off,NRC-054711,0.009349292144179344,320.203125,,10695996.922318628,rows/s,5.06195068359375,100000,"{'schema': 'mixed', 'nrows': 100000, 'ncols': 8, 'variable': False, 'compressed': False, 'profile': 'base'}",False,2,3.8298455315786804,282.98455315786805
exhaustive_mps_20261007_204350,fitstable,fitstable_io,mixed_100000::projection,mixed_100000 [projection],projection,specialized,fitsio,fitsio,specialized,OK,,True,off,NRC-054711,0.018210708163678646,308.0625,,5491274.644631917,rows/s,5.06195068359375,100000,"{'schema': 'mixed', 'nrows': 100000, 'ncols': 8, 'variable': False, 'compressed': False, 'profile': 'base'}",False,3,7.459837409291912,645.9837409291912
exhaustive_mps_20261007_204350,fitstable,fitstable_io,mixed_100000::row_slice,mixed_100000 [row_slice],row_slice,smart,torchfits,torchfits,smart,OK,,True,off,NRC-054711,0.0018310407176613808,295.078125,,54613750.00317894,rows/s,5.06195068359375,100000,"{'schema': 'mixed', 'nrows': 100000, 'ncols': 8, 'variable': False, 'compressed': False, 'profile': 'base'}",True,1,1.0,0.0
exhaustive_mps_20261007_204350,fitstable,fitstable_io,mixed_100000::row_slice,mixed_100000 [row_slice],row_slice,smart,astropy,astropy_torch,smart,OK,,True,off,NRC-054711,0.05268870759755373,288.078125,,1897939.8918610574,rows/s,5.06195068359375,100000,"{'schema': 'mixed', 'nrows': 100000, 'ncols': 8, 'variable': False, 'compressed': False, 'profile': 'base'}",False,3,28.77527904723394,2777.527904723394
exhaustive_mps_20261007_204350,fitstable,fitstable_io,mixed_100000::row_slice,mixed_100000 [row_slice],row_slice,smart,fitsio,fitsio_torch,smart,OK,,True,off,NRC-054711,0.0251220827922225,287.71875,,3980561.6766360956,rows/s,5.06195068359375,100000,"{'schema': 'mixed', 'nrows': 100000, 'ncols': 8, 'variable': False, 'compressed': False, 'profile': 'base'}",False,2,13.72011149173603,1272.0111491736031
exhaustive_mps_20261007_204350,fitstable,fitstable_io,mixed_100000::row_slice,mixed_100000 [row_slice],row_slice,specialized,torchfits,torchfits_specialized,specialized,OK,,True,off,NRC-054711,0.001132332719862461,282.3125,,88313265.3908884,rows/s,5.06195068359375,100000,"{'schema': 'mixed', 'nrows': 100000, 'ncols': 8, 'variable': False, 'compressed': False, 'profile': 'base'}",True,1,1.0,0.0
exhaustive_mps_20261007_204350,fitstable,fitstable_io,mixed_100000::row_slice,mixed_100000 [row_slice],row_slice,specialized,astropy,astropy,specialized,OK,,True,off,NRC-054711,0.024335291236639023,282.59375,,4109258.4028516077,rows/s,5.06195068359375,100000,"{'schema': 'mixed', 'nrows': 100000, 'ncols': 8, 'variable': False, 'compressed': False, 'profile': 'base'}",False,3,21.491290333458625,2049.1290333458624
exhaustive_mps_20261007_204350,fitstable,fitstable_io,mixed_100000::row_slice,mixed_100000 [row_slice],row_slice,specialized,fitsio,fitsio,specialized,OK,,True,off,NRC-054711,0.005427207797765732,282.625,,18425681.073270846,rows/s,5.06195068359375,100000,"{'schema': 'mixed', 'nrows': 100000, 'ncols': 8, 'variable': False, 'compressed': False, 'profile': 'base'}",False,2,4.79294442575584,379.29444257558396
exhaustive_mps_20261007_204350,fitstable,fitstable_io,mixed_100000::predicate_filter,mixed_100000 [predicate_filter],predicate_filter,smart,torchfits,torchfits,smart,OK,,True,off,NRC-054711,0.005844041705131531,288.921875,,17111445.305428278,rows/s,5.06195068359375,100000,"{'schema': 'mixed', 'nrows': 100000, 'ncols': 8, 'variable': False, 'compressed': False, 'profile': 'base'}",True,1,1.0,0.0
exhaustive_mps_20261007_204350,fitstable,fitstable_io,mixed_100000::predicate_filter,mixed_100000 [predicate_filter],predicate_filter,smart,astropy,astropy_torch,smart,FAILED,,False,off,NRC-054711,,,,,rows/s,5.06195068359375,100000,"{'schema': 'mixed', 'nrows': 100000, 'ncols': 8, 'variable': False, 'compressed': False, 'profile': 'base'}",False,,,
exhaustive_mps_20261007_204350,fitstable,fitstable_io,mixed_100000::predicate_filter,mixed_100000 [predicate_filter],predicate_filter,smart,fitsio,fitsio_torch,smart,OK,,True,off,NRC-054711,0.009539416991174221,288.921875,,10482820.920033066,rows/s,5.06195068359375,100000,"{'schema': 'mixed', 'nrows': 100000, 'ncols': 8, 'variable': False, 'compressed': False, 'profile': 'base'}",False,2,1.6323321209015087,63.23321209015087
exhaustive_mps_20261007_204350,fitstable,fitstable_io,mixed_100000::predicate_filter,mixed_100000 [predicate_filter],predicate_filter,specialized,torchfits,torchfits_specialized,specialized,OK,,True,off,NRC-054711,0.006603500805795193,292.609375,,15143482.667896489,rows/s,5.06195068359375,100000,"{'schema': 'mixed', 'nrows': 100000, 'ncols': 8, 'variable': False, 'compressed': False, 'profile': 'base'}",True,1,1.0,0.0
exhaustive_mps_20261007_204350,fitstable,fitstable_io,mixed_100000::predicate_filter,mixed_100000 [predicate_filter],predicate_filter,specialized,astropy,astropy,specialized,OK,,True,off,NRC-054711,0.01065145805478096,292.640625,,9388386.029940238,rows/s,5.06195068359375,100000,"{'schema': 'mixed', 'nrows': 100000, 'ncols': 8, 'variable': False, 'compressed': False, 'profile': 'base'}",False,3,1.6130017044040192,61.30017044040193
exhaustive_mps_20261007_204350,fitstable,fitstable_io,mixed_100000::predicate_filter,mixed_100000 [predicate_filter],predicate_filter,specialized,fitsio,fitsio,specialized,OK,,True,off,NRC-054711,0.009489750489592552,292.609375,,10537684.853745144,rows/s,5.06195068359375,100000,"{'schema': 'mixed', 'nrows': 100000, 'ncols': 8, 'variable': False, 'compressed': False, 'profile': 'base'}",False,2,1.4370787206180704,43.70787206180704
exhaustive_mps_20261007_204350,fitstable,fitstable_io,mixed_100000::predicate_filter_selective,mixed_100000 [predicate_filter_selective],predicate_filter_selective,smart,torchfits,torchfits,smart,OK,,True,off,NRC-054711,0.009008875116705894,292.796875,,11100164.971158477,rows/s,5.06195068359375,100000,"{'schema': 'mixed', 'nrows': 100000, 'ncols': 8, 'variable': False, 'compressed': False, 'profile': 'base'}",True,1,1.0,0.0
exhaustive_mps_20261007_204350,fitstable,fitstable_io,mixed_100000::predicate_filter_selective,mixed_100000 [predicate_filter_selective],predicate_filter_selective,smart,astropy,astropy_torch,smart,FAILED,,False,off,NRC-054711,,,,,rows/s,5.06195068359375,100000,"{'schema': 'mixed', 'nrows': 100000, 'ncols': 8, 'variable': False, 'compressed': False, 'profile': 'base'}",False,,,
exhaustive_mps_20261007_204350,fitstable,fitstable_io,mixed_100000::predicate_filter_selective,mixed_100000 [predicate_filter_selective],predicate_filter_selective,smart,fitsio,fitsio_torch,smart,OK,,True,off,NRC-054711,0.01197150070220232,290.875,,8353171.627146431,rows/s,5.06195068359375,100000,"{'schema': 'mixed', 'nrows': 100000, 'ncols': 8, 'variable': False, 'compressed': False, 'profile': 'base'}",False,2,1.3288563274678529,32.88563274678529
exhaustive_mps_20261007_204350,fitstable,fitstable_io,mixed_100000::predicate_filter_selective,mixed_100000 [predicate_filter_selective],predicate_filter_selective,specialized,torchfits,torchfits_specialized,specialized,OK,,True,off,NRC-054711,0.0062734996899962425,290.90625,,15940066.141943157,rows/s,5.06195068359375,100000,"{'schema': 'mixed', 'nrows': 100000, 'ncols': 8, 'variable': False, 'compressed': False, 'profile': 'base'}",True,1,1.0,0.0
exhaustive_mps_20261007_204350,fitstable,fitstable_io,mixed_100000::predicate_filter_selective,mixed_100000 [predicate_filter_selective],predicate_filter_selective,specialized,astropy,astropy,specialized,OK,,True,off,NRC-054711,0.010787291452288628,283.609375,,9270167.626627354,rows/s,5.06195068359375,100000,"{'schema': 'mixed', 'nrows': 100000, 'ncols': 8, 'variable': False, 'compressed': False, 'profile': 'base'}",False,3,1.719501392418988,71.9501392418988
exhaustive_mps_20261007_204350,fitstable,fitstable_io,mixed_100000::predicate_filter_selective,mixed_100000 [predicate_filter_selective],predicate_filter_selective,specialized,fitsio,fitsio,specialized,OK,,True,off,NRC-054711,0.009151666425168514,283.640625,,10926971.696103822,rows/s,5.06195068359375,100000,"{'schema': 'mixed', 'nrows': 100000, 'ncols': 8, 'variable': False, 'compressed': False, 'profile': 'base'}",False,2,1.4587816812618661,45.878168126186615
exhaustive_mps_20261007_204350,fitstable,fitstable_io,mixed_100000::scan_count,mixed_100000 [scan_count],scan_count,smart,torchfits,torchfits,smart,OK,,True,off,NRC-054711,3.258418291807175e-05,283.6875,,3068973687.3695946,rows/s,5.06195068359375,100000,"{'schema': 'mixed', 'nrows': 100000, 'ncols': 8, 'variable': False, 'compressed': False, 'profile': 'base'}",True,1,1.0,0.0
exhaustive_mps_20261007_204350,fitstable,fitstable_io,mixed_100000::scan_count,mixed_100000 [scan_count],scan_count,smart,astropy,astropy_torch,smart,OK,,True,off,NRC-054711,0.0013876250013709068,279.671875,,72065579.6063092,rows/s,5.06195068359375,100000,"{'schema': 'mixed', 'nrows': 100000, 'ncols': 8, 'variable': False, 'compressed': False, 'profile': 'base'}",False,3,42.58584617143511,4158.5846171435105
exhaustive_mps_20261007_204350,fitstable,fitstable_io,mixed_100000::scan_count,mixed_100000 [scan_count],scan_count,smart,fitsio,fitsio_torch,smart,OK,,True,off,NRC-054711,0.0003332505002617836,279.671875,,300074568.2945574,rows/s,5.06195068359375,100000,"{'schema': 'mixed', 'nrows': 100000, 'ncols': 8, 'variable': False, 'compressed': False, 'profile': 'base'}",False,2,10.22737016606168,922.737016606168
exhaustive_mps_20261007_204350,fitstable,fitstable_io,mixed_100000::scan_count,mixed_100000 [scan_count],scan_count,specialized,torchfits,torchfits_specialized,specialized,OK,,True,off,NRC-054711,3.27499583363533e-05,272.828125,,3053438999.004692,rows/s,5.06195068359375,100000,"{'schema': 'mixed', 'nrows': 100000, 'ncols': 8, 'variable': False, 'compressed': False, 'profile': 'base'}",True,1,1.0,0.0
exhaustive_mps_20261007_204350,fitstable,fitstable_io,mixed_100000::scan_count,mixed_100000 [scan_count],scan_count,specialized,astropy,astropy,specialized,OK,,True,off,NRC-054711,0.001171874813735485,272.828125,,85333346.89670354,rows/s,5.06195068359375,100000,"{'schema': 'mixed', 'nrows': 100000, 'ncols': 8, 'variable': False, 'compressed': False, 'profile': 'base'}",False,3,35.7824825821129,3478.24825821129
exhaustive_mps_20261007_204350,fitstable,fitstable_io,mixed_100000::scan_count,mixed_100000 [scan_count],scan_count,specialized,fitsio,fitsio,specialized,OK,,True,off,NRC-054711,0.00036791712045669556,272.828125,,271800344.2619631,rows/s,5.06195068359375,100000,"{'schema': 'mixed', 'nrows': 100000, 'ncols': 8, 'variable': False, 'compressed': False, 'profile': 'base'}",False,2,11.234124840039811,1023.4124840039811
exhaustive_mps_20261007_204350,fitstable,fitstable_io,wide_100000::read_full,wide_100000 [read_full],read_full,smart,torchfits,torchfits,smart,OK,,True,off,NRC-054711,0.13481654226779938,357.390625,,741748.737342337,rows/s,20.70648193359375,100000,"{'schema': 'wide', 'nrows': 100000, 'ncols': 41, 'variable': False, 'compressed': False, 'profile': 'base'}",True,1,1.0,0.0
exhaustive_mps_20261007_204350,fitstable,fitstable_io,wide_100000::read_full,wide_100000 [read_full],read_full,smart,astropy,astropy_torch,smart,OK,,True,off,NRC-054711,1.8148065004497766,375.03125,,55102.293261136256,rows/s,20.70648193359375,100000,"{'schema': 'wide', 'nrows': 100000, 'ncols': 41, 'variable': False, 'compressed': False, 'profile': 'base'}",False,3,13.461304302292872,1246.1304302292872
exhaustive_mps_20261007_204350,fitstable,fitstable_io,wide_100000::read_full,wide_100000 [read_full],read_full,smart,fitsio,fitsio_torch,smart,OK,,True,off,NRC-054711,1.1379669168964028,359.078125,,87876.01688169614,rows/s,20.70648193359375,100000,"{'schema': 'wide', 'nrows': 100000, 'ncols': 41, 'variable': False, 'compressed': False, 'profile': 'base'}",False,2,8.44085523745259,744.085523745259
exhaustive_mps_20261007_204350,fitstable,fitstable_io,wide_100000::read_full,wide_100000 [read_full],read_full,specialized,torchfits,torchfits_specialized,specialized,OK,,True,off,NRC-054711,0.09889212530106306,412.125,,1011202.8606480462,rows/s,20.70648193359375,100000,"{'schema': 'wide', 'nrows': 100000, 'ncols': 41, 'variable': False, 'compressed': False, 'profile': 'base'}",True,1,1.0,0.0
exhaustive_mps_20261007_204350,fitstable,fitstable_io,wide_100000::read_full,wide_100000 [read_full],read_full,specialized,astropy,astropy,specialized,OK,,True,off,NRC-054711,0.586345249786973,378.5625,,170547.9835239244,rows/s,20.70648193359375,100000,"{'schema': 'wide', 'nrows': 100000, 'ncols': 41, 'variable': False, 'compressed': False, 'profile': 'base'}",False,3,5.929139939119803,492.91399391198036
exhaustive_mps_20261007_204350,fitstable,fitstable_io,wide_100000::read_full,wide_100000 [read_full],read_full,specialized,fitsio,fitsio,specialized,OK,,True,off,NRC-054711,0.20346129219979048,361.078125,,491493.9786276604,rows/s,20.70648193359375,100000,"{'schema': 'wide', 'nrows': 100000, 'ncols': 41, 'variable': False, 'compressed': False, 'profile': 'base'}",False,2,2.0574064070357614,105.74064070357613
exhaustive_mps_20261007_204350,fitstable,fitstable_io,wide_100000::projection,wide_100000 [projection],projection,smart,torchfits,torchfits,smart,OK,,True,off,NRC-054711,0.012012499384582043,340.65625,,8324662.237098575,rows/s,20.70648193359375,100000,"{'schema': 'wide', 'nrows': 100000, 'ncols': 41, 'variable': False, 'compressed': False, 'profile': 'base'}",True,1,1.0,0.0
exhaustive_mps_20261007_204350,fitstable,fitstable_io,wide_100000::projection,wide_100000 [projection],projection,smart,astropy,astropy_torch,smart,OK,,True,off,NRC-054711,0.029429832473397255,337.828125,,3397912.648343948,rows/s,20.70648193359375,100000,"{'schema': 'wide', 'nrows': 100000, 'ncols': 41, 'variable': False, 'compressed': False, 'profile': 'base'}",False,3,2.4499341503542746,144.99341503542746
exhaustive_mps_20261007_204350,fitstable,fitstable_io,wide_100000::projection,wide_100000 [projection],projection,smart,fitsio,fitsio_torch,smart,OK,,True,off,NRC-054711,0.02572491578757763,334.375,,3887281.918656047,rows/s,20.70648193359375,100000,"{'schema': 'wide', 'nrows': 100000, 'ncols': 41, 'variable': False, 'compressed': False, 'profile': 'base'}",False,2,2.141512350093884,114.15123500938842
exhaustive_mps_20261007_204350,fitstable,fitstable_io,wide_100000::projection,wide_100000 [projection],projection,specialized,torchfits,torchfits_specialized,specialized,OK,,True,off,NRC-054711,0.0103836664929986,306.703125,,9630509.615021538,rows/s,20.70648193359375,100000,"{'schema': 'wide', 'nrows': 100000, 'ncols': 41, 'variable': False, 'compressed': False, 'profile': 'base'}",True,1,1.0,0.0
exhaustive_mps_20261007_204350,fitstable,fitstable_io,wide_100000::projection,wide_100000 [projection],projection,specialized,astropy,astropy,specialized,OK,,True,off,NRC-054711,0.030125542543828487,306.78125,,3319442.2923508803,rows/s,20.70648193359375,100000,"{'schema': 'wide', 'nrows': 100000, 'ncols': 41, 'variable': False, 'compressed': False, 'profile': 'base'}",False,3,2.9012432712608067,190.1243271260807
exhaustive_mps_20261007_204350,fitstable,fitstable_io,wide_100000::projection,wide_100000 [projection],projection,specialized,fitsio,fitsio,specialized,OK,,True,off,NRC-054711,0.023154250346124172,292.203125,,4318861.4835348865,rows/s,20.70648193359375,100000,"{'schema': 'wide', 'nrows': 100000, 'ncols': 41, 'variable': False, 'compressed': False, 'profile': 'base'}",False,2,2.2298723058696464,122.98723058696464
exhaustive_mps_20261007_204350,fitstable,fitstable_io,wide_100000::row_slice,wide_100000 [row_slice],row_slice,smart,torchfits,torchfits,smart,OK,,True,off,NRC-054711,0.0045327078551054,306.078125,,22061867.474508718,rows/s,20.70648193359375,100000,"{'schema': 'wide', 'nrows': 100000, 'ncols': 41, 'variable': False, 'compressed': False, 'profile': 'base'}",True,1,1.0,0.0
exhaustive_mps_20261007_204350,fitstable,fitstable_io,wide_100000::row_slice,wide_100000 [row_slice],row_slice,smart,astropy,astropy_torch,smart,OK,,True,off,NRC-054711,0.15674841683357954,306.9375,,637964.9761067152,rows/s,20.70648193359375,100000,"{'schema': 'wide', 'nrows': 100000, 'ncols': 41, 'variable': False, 'compressed': False, 'profile': 'base'}",False,3,34.581627990214834,3358.1627990214834
exhaustive_mps_20261007_204350,fitstable,fitstable_io,wide_100000::row_slice,wide_100000 [row_slice],row_slice,smart,fitsio,fitsio_torch,smart,OK,,True,off,NRC-054711,0.08772166632115841,305.015625,,1139969.2253210205,rows/s,20.70648193359375,100000,"{'schema': 'wide', 'nrows': 100000, 'ncols': 41, 'variable': False, 'compressed': False, 'profile': 'base'}",False,2,19.353037770204715,1835.3037770204714
exhaustive_mps_20261007_204350,fitstable,fitstable_io,wide_100000::row_slice,wide_100000 [row_slice],row_slice,specialized,torchfits,torchfits_specialized,specialized,OK,,True,off,NRC-054711,0.004824374802410603,314.671875,,20728074.433610104,rows/s,20.70648193359375,100000,"{'schema': 'wide', 'nrows': 100000, 'ncols': 41, 'variable': False, 'compressed': False, 'profile': 'base'}",True,1,1.0,0.0
exhaustive_mps_20261007_204350,fitstable,fitstable_io,wide_100000::row_slice,wide_100000 [row_slice],row_slice,specialized,astropy,astropy,specialized,OK,,True,off,NRC-054711,0.08560187555849552,314.71875,,1168198.7029789507,rows/s,20.70648193359375,100000,"{'schema': 'wide', 'nrows': 100000, 'ncols': 41, 'variable': False, 'compressed': False, 'profile': 'base'}",False,3,17.743620482331245,1674.3620482331246
exhaustive_mps_20261007_204350,fitstable,fitstable_io,wide_100000::row_slice,wide_100000 [row_slice],row_slice,specialized,fitsio,fitsio,specialized,OK,,True,off,NRC-054711,0.02602966595441103,314.59375,,3841770.392871824,rows/s,20.70648193359375,100000,"{'schema': 'wide', 'nrows': 100000, 'ncols': 41, 'variable': False, 'compressed': False, 'profile': 'base'}",False,2,5.395448533850385,439.54485338503855
exhaustive_mps_20261007_204350,fitstable,fitstable_io,wide_100000::predicate_filter,wide_100000 [predicate_filter],predicate_filter,smart,torchfits,torchfits,smart,OK,,True,off,NRC-054711,0.023138999938964844,307.78125,,4321707.950377118,rows/s,20.70648193359375,100000,"{'schema': 'wide', 'nrows': 100000, 'ncols': 41, 'variable': False, 'compressed': False, 'profile': 'base'}",False,2,1.1283900041115662,12.83900041115662
exhaustive_mps_20261007_204350,fitstable,fitstable_io,wide_100000::predicate_filter,wide_100000 [predicate_filter],predicate_filter,smart,astropy,astropy_torch,smart,FAILED,,False,off,NRC-054711,,,,,rows/s,20.70648193359375,100000,"{'schema': 'wide', 'nrows': 100000, 'ncols': 41, 'variable': False, 'compressed': False, 'profile': 'base'}",False,,,
exhaustive_mps_20261007_204350,fitstable,fitstable_io,wide_100000::predicate_filter,wide_100000 [predicate_filter],predicate_filter,smart,fitsio,fitsio_torch,smart,OK,,True,off,NRC-054711,0.020506207831203938,305.140625,,4876572.051895024,rows/s,20.70648193359375,100000,"{'schema': 'wide', 'nrows': 100000, 'ncols': 41, 'variable': False, 'compressed': False, 'profile': 'base'}",True,1,1.0,0.0
exhaustive_mps_20261007_204350,fitstable,fitstable_io,wide_100000::predicate_filter,wide_100000 [predicate_filter],predicate_filter,specialized,torchfits,torchfits_specialized,specialized,OK,,True,off,NRC-054711,0.019820417277514935,282.09375,,5045302.45755441,rows/s,20.70648193359375,100000,"{'schema': 'wide', 'nrows': 100000, 'ncols': 41, 'variable': False, 'compressed': False, 'profile': 'base'}",True,1,1.0,0.0
exhaustive_mps_20261007_204350,fitstable,fitstable_io,wide_100000::predicate_filter,wide_100000 [predicate_filter],predicate_filter,specialized,astropy,astropy,specialized,OK,,True,off,NRC-054711,0.03604187536984682,276.96875,,2774550.4076533574,rows/s,20.70648193359375,100000,"{'schema': 'wide', 'nrows': 100000, 'ncols': 41, 'variable': False, 'compressed': False, 'profile': 'base'}",False,3,1.8184216237835795,81.84216237835795
exhaustive_mps_20261007_204350,fitstable,fitstable_io,wide_100000::predicate_filter,wide_100000 [predicate_filter],predicate_filter,specialized,fitsio,fitsio,specialized,OK,,True,off,NRC-054711,0.020951416343450546,276.765625,,4772947.010394368,rows/s,20.70648193359375,100000,"{'schema': 'wide', 'nrows': 100000, 'ncols': 41, 'variable': False, 'compressed': False, 'profile': 'base'}",False,2,1.0570623236685668,5.706232366856678
exhaustive_mps_20261007_204350,fitstable,fitstable_io,wide_100000::predicate_filter_selective,wide_100000 [predicate_filter_selective],predicate_filter_selective,smart,torchfits,torchfits,smart,OK,,True,off,NRC-054711,0.02276524994522333,274.71875,,4392659.875934386,rows/s,20.70648193359375,100000,"{'schema': 'wide', 'nrows': 100000, 'ncols': 41, 'variable': False, 'compressed': False, 'profile': 'base'}",False,2,1.0234447724411841,2.3444772441184147
exhaustive_mps_20261007_204350,fitstable,fitstable_io,wide_100000::predicate_filter_selective,wide_100000 [predicate_filter_selective],predicate_filter_selective,smart,astropy,astropy_torch,smart,FAILED,,False,off,NRC-054711,,,,,rows/s,20.70648193359375,100000,"{'schema': 'wide', 'nrows': 100000, 'ncols': 41, 'variable': False, 'compressed': False, 'profile': 'base'}",False,,,
exhaustive_mps_20261007_204350,fitstable,fitstable_io,wide_100000::predicate_filter_selective,wide_100000 [predicate_filter_selective],predicate_filter_selective,smart,fitsio,fitsio_torch,smart,OK,,True,off,NRC-054711,0.022243750281631947,274.71875,,4495644.787137187,rows/s,20.70648193359375,100000,"{'schema': 'wide', 'nrows': 100000, 'ncols': 41, 'variable': False, 'compressed': False, 'profile': 'base'}",True,1,1.0,0.0
exhaustive_mps_20261007_204350,fitstable,fitstable_io,wide_100000::predicate_filter_selective,wide_100000 [predicate_filter_selective],predicate_filter_selective,specialized,torchfits,torchfits_specialized,specialized,OK,,True,off,NRC-054711,0.0224155830219388,274.84375,,4461182.2008879725,rows/s,20.70648193359375,100000,"{'schema': 'wide', 'nrows': 100000, 'ncols': 41, 'variable': False, 'compressed': False, 'profile': 'base'}",False,2,1.1496301067825723,14.963010678257227
exhaustive_mps_20261007_204350,fitstable,fitstable_io,wide_100000::predicate_filter_selective,wide_100000 [predicate_filter_selective],predicate_filter_selective,specialized,astropy,astropy,specialized,OK,,True,off,NRC-054711,0.033767249435186386,274.84375,,2961449.3828389025,rows/s,20.70648193359375,100000,"{'schema': 'wide', 'nrows': 100000, 'ncols': 41, 'variable': False, 'compressed': False, 'profile': 'base'}",False,3,1.7318240857680538,73.18240857680539
exhaustive_mps_20261007_204350,fitstable,fitstable_io,wide_100000::predicate_filter_selective,wide_100000 [predicate_filter_selective],predicate_filter_selective,specialized,fitsio,fitsio,specialized,OK,,True,off,NRC-054711,0.01949808280915022,274.59375,,5128709.36998335,rows/s,20.70648193359375,100000,"{'schema': 'wide', 'nrows': 100000, 'ncols': 41, 'variable': False, 'compressed': False, 'profile': 'base'}",True,1,1.0,0.0
exhaustive_mps_20261007_204350,fitstable,fitstable_io,wide_100000::scan_count,wide_100000 [scan_count],scan_count,smart,torchfits,torchfits,smart,OK,,True,off,NRC-054711,3.587547689676285e-05,268.953125,,2787419392.019937,rows/s,20.70648193359375,100000,"{'schema': 'wide', 'nrows': 100000, 'ncols': 41, 'variable': False, 'compressed': False, 'profile': 'base'}",True,1,1.0,0.0
exhaustive_mps_20261007_204350,fitstable,fitstable_io,wide_100000::scan_count,wide_100000 [scan_count],scan_count,smart,astropy,astropy_torch,smart,OK,,True,off,NRC-054711,0.002092166803777218,264.859375,,47797336.1490389,rows/s,20.70648193359375,100000,"{'schema': 'wide', 'nrows': 100000, 'ncols': 41, 'variable': False, 'compressed': False, 'profile': 'base'}",False,3,58.31746320188988,5731.746320188988
exhaustive_mps_20261007_204350,fitstable,fitstable_io,wide_100000::scan_count,wide_100000 [scan_count],scan_count,smart,fitsio,fitsio_torch,smart,OK,,True,off,NRC-054711,0.0008977493271231651,247.671875,,111389668.56199121,rows/s,20.70648193359375,100000,"{'schema': 'wide', 'nrows': 100000, 'ncols': 41, 'variable': False, 'compressed': False, 'profile': 'base'}",False,2,25.024038835959608,2402.403883595961
exhaustive_mps_20261007_204350,fitstable,fitstable_io,wide_100000::scan_count,wide_100000 [scan_count],scan_count,specialized,torchfits,torchfits_specialized,specialized,OK,,True,off,NRC-054711,3.5458244383335114e-05,247.703125,,2820218590.602264,rows/s,20.70648193359375,100000,"{'schema': 'wide', 'nrows': 100000, 'ncols': 41, 'variable': False, 'compressed': False, 'profile': 'base'}",True,1,1.0,0.0
exhaustive_mps_20261007_204350,fitstable,fitstable_io,wide_100000::scan_count,wide_100000 [scan_count],scan_count,specialized,astropy,astropy,specialized,OK,,True,off,NRC-054711,0.001826833002269268,247.515625,,54739540.98474316,rows/s,20.70648193359375,100000,"{'schema': 'wide', 'nrows': 100000, 'ncols': 41, 'variable': False, 'compressed': False, 'profile': 'base'}",False,3,51.52068394925538,5052.068394925538
exhaustive_mps_20261007_204350,fitstable,fitstable_io,wide_100000::scan_count,wide_100000 [scan_count],scan_count,specialized,fitsio,fitsio,specialized,OK,,True,off,NRC-054711,0.0008045416325330734,247.515625,,124294375.77413268,rows/s,20.70648193359375,100000,"{'schema': 'wide', 'nrows': 100000, 'ncols': 41, 'variable': False, 'compressed': False, 'profile': 'base'}",False,2,22.68983268983269,2168.983268983269
exhaustive_mps_20261007_204350,fitstable,fitstable_io,narrow_1000000::read_full,narrow_1000000 [read_full],read_full,smart,torchfits,torchfits,smart,OK,,True,off,NRC-054711,0.020491291768848896,354.953125,,48801218.16039982,rows/s,12.403564453125,1000000,"{'schema': 'narrow', 'nrows': 1000000, 'ncols': 4, 'variable': False, 'compressed': False, 'profile': 'base'}",False,2,1.0186479646885547,1.8647964688554675
exhaustive_mps_20261007_204350,fitstable,fitstable_io,narrow_1000000::read_full,narrow_1000000 [read_full],read_full,smart,astropy,astropy_torch,smart,OK,,True,off,NRC-054711,0.04223150014877319,362.765625,,23679007.292594355,rows/s,12.403564453125,1000000,"{'schema': 'narrow', 'nrows': 1000000, 'ncols': 4, 'variable': False, 'compressed': False, 'profile': 'base'}",False,3,2.099381149688681,109.93811496886812
exhaustive_mps_20261007_204350,fitstable,fitstable_io,narrow_1000000::read_full,narrow_1000000 [read_full],read_full,smart,fitsio,fitsio_torch,smart,OK,,True,off,NRC-054711,0.020116166211664677,362.78125,,49711261.553413406,rows/s,12.403564453125,1000000,"{'schema': 'narrow', 'nrows': 1000000, 'ncols': 4, 'variable': False, 'compressed': False, 'profile': 'base'}",True,1,1.0,0.0
exhaustive_mps_20261007_204350,fitstable,fitstable_io,narrow_1000000::read_full,narrow_1000000 [read_full],read_full,specialized,torchfits,torchfits_specialized,specialized,OK,,True,off,NRC-054711,0.019870500080287457,383.765625,,50325859.73978837,rows/s,12.403564453125,1000000,"{'schema': 'narrow', 'nrows': 1000000, 'ncols': 4, 'variable': False, 'compressed': False, 'profile': 'base'}",True,1,1.0,0.0
exhaustive_mps_20261007_204350,fitstable,fitstable_io,narrow_1000000::read_full,narrow_1000000 [read_full],read_full,specialized,astropy,astropy,specialized,OK,,True,off,NRC-054711,0.0327697079628706,382.5625,,30515987.54352771,rows/s,12.403564453125,1000000,"{'schema': 'narrow', 'nrows': 1000000, 'ncols': 4, 'variable': False, 'compressed': False, 'profile': 'base'}",False,3,1.6491637266532517,64.91637266532517
exhaustive_mps_20261007_204350,fitstable,fitstable_io,narrow_1000000::read_full,narrow_1000000 [read_full],read_full,specialized,fitsio,fitsio,specialized,OK,,True,off,NRC-054711,0.020440416410565376,359.953125,,48922682.391299695,rows/s,12.403564453125,1000000,"{'schema': 'narrow', 'nrows': 1000000, 'ncols': 4, 'variable': False, 'compressed': False, 'profile': 'base'}",False,2,1.0286815293009814,2.8681529300981445
exhaustive_mps_20261007_204350,fitstable,fitstable_io,narrow_1000000::projection,narrow_1000000 [projection],projection,smart,torchfits,torchfits,smart,OK,,True,off,NRC-054711,0.017214332707226276,345.109375,,58091127.72522501,rows/s,12.403564453125,1000000,"{'schema': 'narrow', 'nrows': 1000000, 'ncols': 4, 'variable': False, 'compressed': False, 'profile': 'base'}",True,1,1.0,0.0
exhaustive_mps_20261007_204350,fitstable,fitstable_io,narrow_1000000::projection,narrow_1000000 [projection],projection,smart,astropy,astropy_torch,smart,OK,,True,off,NRC-054711,0.027567874640226364,358.6875,,36274105.74991605,rows/s,12.403564453125,1000000,"{'schema': 'narrow', 'nrows': 1000000, 'ncols': 4, 'variable': False, 'compressed': False, 'profile': 'base'}",False,2,1.6014489268383811,60.144892683838115
exhaustive_mps_20261007_204350,fitstable,fitstable_io,narrow_1000000::projection,narrow_1000000 [projection],projection,smart,fitsio,fitsio_torch,smart,OK,,True,off,NRC-054711,0.12800129130482674,359.546875,,7812421.185803236,rows/s,12.403564453125,1000000,"{'schema': 'narrow', 'nrows': 1000000, 'ncols': 4, 'variable': False, 'compressed': False, 'profile': 'base'}",False,3,7.4357393621824235,643.5739362182424
exhaustive_mps_20261007_204350,fitstable,fitstable_io,narrow_1000000::projection,narrow_1000000 [projection],projection,specialized,torchfits,torchfits_specialized,specialized,OK,,True,off,NRC-054711,0.01835291739553213,390.796875,,54487250.089375,rows/s,12.403564453125,1000000,"{'schema': 'narrow', 'nrows': 1000000, 'ncols': 4, 'variable': False, 'compressed': False, 'profile': 'base'}",True,1,1.0,0.0
exhaustive_mps_20261007_204350,fitstable,fitstable_io,narrow_1000000::projection,narrow_1000000 [projection],projection,specialized,astropy,astropy,specialized,OK,,True,off,NRC-054711,0.024166708812117577,381.578125,,41379238.18151787,rows/s,12.403564453125,1000000,"{'schema': 'narrow', 'nrows': 1000000, 'ncols': 4, 'variable': False, 'compressed': False, 'profile': 'base'}",False,2,1.3167775068829528,31.67775068829528
exhaustive_mps_20261007_204350,fitstable,fitstable_io,narrow_1000000::projection,narrow_1000000 [projection],projection,specialized,fitsio,fitsio,specialized,OK,,True,off,NRC-054711,0.12387695908546448,390.203125,,8072526.217810092,rows/s,12.403564453125,1000000,"{'schema': 'narrow', 'nrows': 1000000, 'ncols': 4, 'variable': False, 'compressed': False, 'profile': 'base'}",False,3,6.749714850000977,574.9714850000977
exhaustive_mps_20261007_204350,fitstable,fitstable_io,narrow_1000000::row_slice,narrow_1000000 [row_slice],row_slice,smart,torchfits,torchfits,smart,OK,,True,off,NRC-054711,0.0008370829746127129,349.09375,,1194624703.079958,rows/s,12.403564453125,1000000,"{'schema': 'narrow', 'nrows': 1000000, 'ncols': 4, 'variable': False, 'compressed': False, 'profile': 'base'}",True,1,1.0,0.0
exhaustive_mps_20261007_204350,fitstable,fitstable_io,narrow_1000000::row_slice,narrow_1000000 [row_slice],row_slice,smart,astropy,astropy_torch,smart,OK,,True,off,NRC-054711,0.016296415589749813,342.390625,,61363187.16791833,rows/s,12.403564453125,1000000,"{'schema': 'narrow', 'nrows': 1000000, 'ncols': 4, 'variable': False, 'compressed': False, 'profile': 'base'}",False,3,19.468100635172465,1846.8100635172466
exhaustive_mps_20261007_204350,fitstable,fitstable_io,narrow_1000000::row_slice,narrow_1000000 [row_slice],row_slice,smart,fitsio,fitsio_torch,smart,OK,,True,off,NRC-054711,0.003010292537510395,315.375,,332193628.20698845,rows/s,12.403564453125,1000000,"{'schema': 'narrow', 'nrows': 1000000, 'ncols': 4, 'variable': False, 'compressed': False, 'profile': 'base'}",False,2,3.5961698288071684,259.6169828807168
exhaustive_mps_20261007_204350,fitstable,fitstable_io,narrow_1000000::row_slice,narrow_1000000 [row_slice],row_slice,specialized,torchfits,torchfits_specialized,specialized,OK,,True,off,NRC-054711,0.0003935825079679489,309.640625,,2540763320.918302,rows/s,12.403564453125,1000000,"{'schema': 'narrow', 'nrows': 1000000, 'ncols': 4, 'variable': False, 'compressed': False, 'profile': 'base'}",True,1,1.0,0.0
exhaustive_mps_20261007_204350,fitstable,fitstable_io,narrow_1000000::row_slice,narrow_1000000 [row_slice],row_slice,specialized,astropy,astropy,specialized,OK,,True,off,NRC-054711,0.015339790843427181,309.78125,,65189937.08629878,rows/s,12.403564453125,1000000,"{'schema': 'narrow', 'nrows': 1000000, 'ncols': 4, 'variable': False, 'compressed': False, 'profile': 'base'}",False,3,38.974777925538206,3797.4777925538206
exhaustive_mps_20261007_204350,fitstable,fitstable_io,narrow_1000000::row_slice,narrow_1000000 [row_slice],row_slice,specialized,fitsio,fitsio,specialized,OK,,True,off,NRC-054711,0.0019237082451581955,309.25,,519829346.5326211,rows/s,12.403564453125,1000000,"{'schema': 'narrow', 'nrows': 1000000, 'ncols': 4, 'variable': False, 'compressed': False, 'profile': 'base'}",False,2,4.887687349446056,388.76873494460557
exhaustive_mps_20261007_204350,fitstable,fitstable_io,narrow_1000000::predicate_filter,narrow_1000000 [predicate_filter],predicate_filter,smart,torchfits,torchfits,smart,OK,,True,off,NRC-054711,0.034063708037137985,302.453125,,29356757.01863547,rows/s,12.403564453125,1000000,"{'schema': 'narrow', 'nrows': 1000000, 'ncols': 4, 'variable': False, 'compressed': False, 'profile': 'base'}",True,1,1.0,0.0
exhaustive_mps_20261007_204350,fitstable,fitstable_io,narrow_1000000::predicate_filter,narrow_1000000 [predicate_filter],predicate_filter,smart,astropy,astropy_torch,smart,FAILED,,False,off,NRC-054711,,,,,rows/s,12.403564453125,1000000,"{'schema': 'narrow', 'nrows': 1000000, 'ncols': 4, 'variable': False, 'compressed': False, 'profile': 'base'}",False,,,
exhaustive_mps_20261007_204350,fitstable,fitstable_io,narrow_1000000::predicate_filter,narrow_1000000 [predicate_filter],predicate_filter,smart,fitsio,fitsio_torch,smart,OK,,True,off,NRC-054711,0.06038245838135481,292.734375,,16561101.134444451,rows/s,12.403564453125,1000000,"{'schema': 'narrow', 'nrows': 1000000, 'ncols': 4, 'variable': False, 'compressed': False, 'profile': 'base'}",False,2,1.7726331588893018,77.26331588893018
exhaustive_mps_20261007_204350,fitstable,fitstable_io,narrow_1000000::predicate_filter,narrow_1000000 [predicate_filter],predicate_filter,specialized,torchfits,torchfits_specialized,specialized,OK,,True,off,NRC-054711,0.03731308225542307,326.734375,,26800251.803230766,rows/s,12.403564453125,1000000,"{'schema': 'narrow', 'nrows': 1000000, 'ncols': 4, 'variable': False, 'compressed': False, 'profile': 'base'}",False,2,1.1501267160957473,15.012671609574735
exhaustive_mps_20261007_204350,fitstable,fitstable_io,narrow_1000000::predicate_filter,narrow_1000000 [predicate_filter],predicate_filter,specialized,astropy,astropy,specialized,OK,,True,off,NRC-054711,0.032442583702504635,329.625,,30823685.59698893,rows/s,12.403564453125,1000000,"{'schema': 'narrow', 'nrows': 1000000, 'ncols': 4, 'variable': False, 'compressed': False, 'profile': 'base'}",True,1,1.0,0.0
exhaustive_mps_20261007_204350,fitstable,fitstable_io,narrow_1000000::predicate_filter,narrow_1000000 [predicate_filter],predicate_filter,specialized,fitsio,fitsio,specialized,OK,,True,off,NRC-054711,0.07370670791715384,329.59375,,13567286.18410142,rows/s,12.403564453125,1000000,"{'schema': 'narrow', 'nrows': 1000000, 'ncols': 4, 'variable': False, 'compressed': False, 'profile': 'base'}",False,3,2.271912391227445,127.1912391227445
exhaustive_mps_20261007_204350,fitstable,fitstable_io,narrow_1000000::predicate_filter_selective,narrow_1000000 [predicate_filter_selective],predicate_filter_selective,smart,torchfits,torchfits,smart,OK,,True,off,NRC-054711,0.029876749962568283,327.75,,33470842.754077036,rows/s,12.403564453125,1000000,"{'schema': 'narrow', 'nrows': 1000000, 'ncols': 4, 'variable': False, 'compressed': False, 'profile': 'base'}",True,1,1.0,0.0
exhaustive_mps_20261007_204350,fitstable,fitstable_io,narrow_1000000::predicate_filter_selective,narrow_1000000 [predicate_filter_selective],predicate_filter_selective,smart,astropy,astropy_torch,smart,FAILED,,False,off,NRC-054711,,,,,rows/s,12.403564453125,1000000,"{'schema': 'narrow', 'nrows': 1000000, 'ncols': 4, 'variable': False, 'compressed': False, 'profile': 'base'}",False,,,
exhaustive_mps_20261007_204350,fitstable,fitstable_io,narrow_1000000::predicate_filter_selective,narrow_1000000 [predicate_filter_selective],predicate_filter_selective,smart,fitsio,fitsio_torch,smart,OK,,True,off,NRC-054711,0.04974520765244961,326.453125,,20102438.952242605,rows/s,12.403564453125,1000000,"{'schema': 'narrow', 'nrows': 1000000, 'ncols': 4, 'variable': False, 'compressed': False, 'profile': 'base'}",False,2,1.6650140231040504,66.50140231040504
exhaustive_mps_20261007_204350,fitstable,fitstable_io,narrow_1000000::predicate_filter_selective,narrow_1000000 [predicate_filter_selective],predicate_filter_selective,specialized,torchfits,torchfits_specialized,specialized,OK,,True,off,NRC-054711,0.0362206669524312,329.96875,,27608547.38852008,rows/s,12.403564453125,1000000,"{'schema': 'narrow', 'nrows': 1000000, 'ncols': 4, 'variable': False, 'compressed': False, 'profile': 'base'}",False,2,1.621043590306711,62.104359030671105
exhaustive_mps_20261007_204350,fitstable,fitstable_io,narrow_1000000::predicate_filter_selective,narrow_1000000 [predicate_filter_selective],predicate_filter_selective,specialized,astropy,astropy,specialized,OK,,True,off,NRC-054711,0.022344042547047138,331.6875,,44754658.781839564,rows/s,12.403564453125,1000000,"{'schema': 'narrow', 'nrows': 1000000, 'ncols': 4, 'variable': False, 'compressed': False, 'profile': 'base'}",True,1,1.0,0.0
exhaustive_mps_20261007_204350,fitstable,fitstable_io,narrow_1000000::predicate_filter_selective,narrow_1000000 [predicate_filter_selective],predicate_filter_selective,specialized,fitsio,fitsio,specialized,OK,,True,off,NRC-054711,0.04907800070941448,328.65625,,20375728.13776363,rows/s,12.403564453125,1000000,"{'schema': 'narrow', 'nrows': 1000000, 'ncols': 4, 'variable': False, 'compressed': False, 'profile': 'base'}",False,3,2.196469175444725,119.6469175444725
exhaustive_mps_20261007_204350,fitstable,fitstable_io,narrow_1000000::scan_count,narrow_1000000 [scan_count],scan_count,smart,torchfits,torchfits,smart,OK,,True,off,NRC-054711,2.9250048100948334e-05,320.015625,,34187977966.695324,rows/s,12.403564453125,1000000,"{'schema': 'narrow', 'nrows': 1000000, 'ncols': 4, 'variable': False, 'compressed': False, 'profile': 'base'}",True,1,1.0,0.0
exhaustive_mps_20261007_204350,fitstable,fitstable_io,narrow_1000000::scan_count,narrow_1000000 [scan_count],scan_count,smart,astropy,astropy_torch,smart,OK,,True,off,NRC-054711,0.0012790001928806305,320.03125,,781860710.863341,rows/s,12.403564453125,1000000,"{'schema': 'narrow', 'nrows': 1000000, 'ncols': 4, 'variable': False, 'compressed': False, 'profile': 'base'}",False,3,43.72643041360206,4272.643041360206
exhaustive_mps_20261007_204350,fitstable,fitstable_io,narrow_1000000::scan_count,narrow_1000000 [scan_count],scan_count,smart,fitsio,fitsio_torch,smart,OK,,True,off,NRC-054711,0.000272250734269619,314.6875,,3673084675.722735,rows/s,12.403564453125,1000000,"{'schema': 'narrow', 'nrows': 1000000, 'ncols': 4, 'variable': False, 'compressed': False, 'profile': 'base'}",False,2,9.307702104626356,830.7702104626356
exhaustive_mps_20261007_204350,fitstable,fitstable_io,narrow_1000000::scan_count,narrow_1000000 [scan_count],scan_count,specialized,torchfits,torchfits_specialized,specialized,OK,,True,off,NRC-054711,4.558265209197998e-05,314.6875,,21938170644.00131,rows/s,12.403564453125,1000000,"{'schema': 'narrow', 'nrows': 1000000, 'ncols': 4, 'variable': False, 'compressed': False, 'profile': 'base'}",True,1,1.0,0.0
exhaustive_mps_20261007_204350,fitstable,fitstable_io,narrow_1000000::scan_count,narrow_1000000 [scan_count],scan_count,specialized,astropy,astropy,specialized,OK,,True,off,NRC-054711,0.0014813337475061417,314.6875,,675067318.0054948,rows/s,12.403564453125,1000000,"{'schema': 'narrow', 'nrows': 1000000, 'ncols': 4, 'variable': False, 'compressed': False, 'profile': 'base'}",False,3,32.49775253350768,3149.775253350768
exhaustive_mps_20261007_204350,fitstable,fitstable_io,narrow_1000000::scan_count,narrow_1000000 [scan_count],scan_count,specialized,fitsio,fitsio,specialized,OK,,True,off,NRC-054711,0.0003092074766755104,312.875,,3234074449.789012,rows/s,12.403564453125,1000000,"{'schema': 'narrow', 'nrows': 1000000, 'ncols': 4, 'variable': False, 'compressed': False, 'profile': 'base'}",False,2,6.783446387708401,578.3446387708401
exhaustive_mps_20261007_204350,fitstable,fitstable_io,mixed_1000000::read_full,mixed_1000000 [read_full],read_full,smart,torchfits,torchfits,smart,OK,,True,off,NRC-054711,0.0635963324457407,588.625,,15724177.18982746,rows/s,50.55084228515625,1000000,"{'schema': 'mixed', 'nrows': 1000000, 'ncols': 8, 'variable': False, 'compressed': False, 'profile': 'base'}",True,1,1.0,0.0
exhaustive_mps_20261007_204350,fitstable,fitstable_io,mixed_1000000::read_full,mixed_1000000 [read_full],read_full,smart,astropy,astropy_torch,smart,OK,,True,off,NRC-054711,3.088743249885738,649.625,,323756.27208153124,rows/s,50.55084228515625,1000000,"{'schema': 'mixed', 'nrows': 1000000, 'ncols': 8, 'variable': False, 'compressed': False, 'profile': 'base'}",False,3,48.567946155086865,4756.794615508687
exhaustive_mps_20261007_204350,fitstable,fitstable_io,mixed_1000000::read_full,mixed_1000000 [read_full],read_full,smart,fitsio,fitsio_torch,smart,OK,,True,off,NRC-054711,2.116455875337124,596.765625,,472487.9982866229,rows/s,50.55084228515625,1000000,"{'schema': 'mixed', 'nrows': 1000000, 'ncols': 8, 'variable': False, 'compressed': False, 'profile': 'base'}",False,2,33.27952719825232,3227.9527198252317
exhaustive_mps_20261007_204350,fitstable,fitstable_io,mixed_1000000::read_full,mixed_1000000 [read_full],read_full,specialized,torchfits,torchfits_specialized,specialized,OK,,True,off,NRC-054711,0.07375949993729591,569.34375,,13557575.645850575,rows/s,50.55084228515625,1000000,"{'schema': 'mixed', 'nrows': 1000000, 'ncols': 8, 'variable': False, 'compressed': False, 'profile': 'base'}",True,1,1.0,0.0
exhaustive_mps_20261007_204350,fitstable,fitstable_io,mixed_1000000::read_full,mixed_1000000 [read_full],read_full,specialized,astropy,astropy,specialized,OK,,True,off,NRC-054711,1.1036479584872723,649.6875,,906086.0325158953,rows/s,50.55084228515625,1000000,"{'schema': 'mixed', 'nrows': 1000000, 'ncols': 8, 'variable': False, 'compressed': False, 'profile': 'base'}",False,3,14.962790683579748,1396.2790683579747
exhaustive_mps_20261007_204350,fitstable,fitstable_io,mixed_1000000::read_full,mixed_1000000 [read_full],read_full,specialized,fitsio,fitsio,specialized,OK,,True,off,NRC-054711,0.5263268342241645,715.125,,1899960.129287454,rows/s,50.55084228515625,1000000,"{'schema': 'mixed', 'nrows': 1000000, 'ncols': 8, 'variable': False, 'compressed': False, 'profile': 'base'}",False,2,7.135715869435165,613.5715869435165
exhaustive_mps_20261007_204350,fitstable,fitstable_io,mixed_1000000::projection,mixed_1000000 [projection],projection,smart,torchfits,torchfits,smart,OK,,True,off,NRC-054711,0.025989041663706303,830.453125,,38477755.85340263,rows/s,50.55084228515625,1000000,"{'schema': 'mixed', 'nrows': 1000000, 'ncols': 8, 'variable': False, 'compressed': False, 'profile': 'base'}",True,1,1.0,0.0
exhaustive_mps_20261007_204350,fitstable,fitstable_io,mixed_1000000::projection,mixed_1000000 [projection],projection,smart,astropy,astropy_torch,smart,OK,,True,off,NRC-054711,0.05083300080150366,838.125,,19672259.835788008,rows/s,50.55084228515625,1000000,"{'schema': 'mixed', 'nrows': 1000000, 'ncols': 8, 'variable': False, 'compressed': False, 'profile': 'base'}",False,2,1.9559397941360779,95.59397941360778
exhaustive_mps_20261007_204350,fitstable,fitstable_io,mixed_1000000::projection,mixed_1000000 [projection],projection,smart,fitsio,fitsio_torch,smart,OK,,True,off,NRC-054711,0.16803008411079645,830.234375,,5951315.237934508,rows/s,50.55084228515625,1000000,"{'schema': 'mixed', 'nrows': 1000000, 'ncols': 8, 'variable': False, 'compressed': False, 'profile': 'base'}",False,3,6.465420552441934,546.5420552441934
exhaustive_mps_20261007_204350,fitstable,fitstable_io,mixed_1000000::projection,mixed_1000000 [projection],projection,specialized,torchfits,torchfits_specialized,specialized,OK,,True,off,NRC-054711,0.03144504129886627,638.359375,,31801516.50925179,rows/s,50.55084228515625,1000000,"{'schema': 'mixed', 'nrows': 1000000, 'ncols': 8, 'variable': False, 'compressed': False, 'profile': 'base'}",True,1,1.0,0.0
exhaustive_mps_20261007_204350,fitstable,fitstable_io,mixed_1000000::projection,mixed_1000000 [projection],projection,specialized,astropy,astropy,specialized,OK,,True,off,NRC-054711,0.044621000066399574,638.359375,,22410972.378743663,rows/s,50.55084228515625,1000000,"{'schema': 'mixed', 'nrows': 1000000, 'ncols': 8, 'variable': False, 'compressed': False, 'profile': 'base'}",False,2,1.4190154702709312,41.90154702709312
exhaustive_mps_20261007_204350,fitstable,fitstable_io,mixed_1000000::projection,mixed_1000000 [projection],projection,specialized,fitsio,fitsio,specialized,OK,,True,off,NRC-054711,0.18185112439095974,631.296875,,5499003.667693091,rows/s,50.55084228515625,1000000,"{'schema': 'mixed', 'nrows': 1000000, 'ncols': 8, 'variable': False, 'compressed': False, 'profile': 'base'}",False,3,5.7831415345451065,478.31415345451063
exhaustive_mps_20261007_204350,fitstable,fitstable_io,mixed_1000000::row_slice,mixed_1000000 [row_slice],row_slice,smart,torchfits,torchfits,smart,OK,,True,off,NRC-054711,0.0017280839383602142,580.03125,,578675594.2821296,rows/s,50.55084228515625,1000000,"{'schema': 'mixed', 'nrows': 1000000, 'ncols': 8, 'variable': False, 'compressed': False, 'profile': 'base'}",True,1,1.0,0.0
exhaustive_mps_20261007_204350,fitstable,fitstable_io,mixed_1000000::row_slice,mixed_1000000 [row_slice],row_slice,smart,astropy,astropy_torch,smart,OK,,True,off,NRC-054711,0.06505820900201797,526.375,,15370850.432863623,rows/s,50.55084228515625,1000000,"{'schema': 'mixed', 'nrows': 1000000, 'ncols': 8, 'variable': False, 'compressed': False, 'profile': 'base'}",False,3,37.64759775717375,3664.759775717375
exhaustive_mps_20261007_204350,fitstable,fitstable_io,mixed_1000000::row_slice,mixed_1000000 [row_slice],row_slice,smart,fitsio,fitsio_torch,smart,OK,,True,off,NRC-054711,0.025029041804373264,526.484375,,39953587.02965898,rows/s,50.55084228515625,1000000,"{'schema': 'mixed', 'nrows': 1000000, 'ncols': 8, 'variable': False, 'compressed': False, 'profile': 'base'}",False,2,14.483695640457965,1348.3695640457966
exhaustive_mps_20261007_204350,fitstable,fitstable_io,mixed_1000000::row_slice,mixed_1000000 [row_slice],row_slice,specialized,torchfits,torchfits_specialized,specialized,OK,,True,off,NRC-054711,0.0007037073373794556,540.390625,,1421045293.8062468,rows/s,50.55084228515625,1000000,"{'schema': 'mixed', 'nrows': 1000000, 'ncols': 8, 'variable': False, 'compressed': False, 'profile': 'base'}",True,1,1.0,0.0
exhaustive_mps_20261007_204350,fitstable,fitstable_io,mixed_1000000::row_slice,mixed_1000000 [row_slice],row_slice,specialized,astropy,astropy,specialized,OK,,True,off,NRC-054711,0.040656874887645245,544.859375,,24596086.215762705,rows/s,50.55084228515625,1000000,"{'schema': 'mixed', 'nrows': 1000000, 'ncols': 8, 'variable': False, 'compressed': False, 'profile': 'base'}",False,3,57.77526071995765,5677.526071995765
exhaustive_mps_20261007_204350,fitstable,fitstable_io,mixed_1000000::row_slice,mixed_1000000 [row_slice],row_slice,specialized,fitsio,fitsio,specialized,OK,,True,off,NRC-054711,0.006218083202838898,544.859375,,160821263.94568744,rows/s,50.55084228515625,1000000,"{'schema': 'mixed', 'nrows': 1000000, 'ncols': 8, 'variable': False, 'compressed': False, 'profile': 'base'}",False,2,8.83617787188989,783.6177871889889
exhaustive_mps_20261007_204350,fitstable,fitstable_io,mixed_1000000::predicate_filter,mixed_1000000 [predicate_filter],predicate_filter,smart,torchfits,torchfits,smart,OK,,True,off,NRC-054711,0.0705122072249651,574.640625,,14181941.529777365,rows/s,50.55084228515625,1000000,"{'schema': 'mixed', 'nrows': 1000000, 'ncols': 8, 'variable': False, 'compressed': False, 'profile': 'base'}",True,1,1.0,0.0
exhaustive_mps_20261007_204350,fitstable,fitstable_io,mixed_1000000::predicate_filter,mixed_1000000 [predicate_filter],predicate_filter,smart,astropy,astropy_torch,smart,FAILED,,False,off,NRC-054711,,,,,rows/s,50.55084228515625,1000000,"{'schema': 'mixed', 'nrows': 1000000, 'ncols': 8, 'variable': False, 'compressed': False, 'profile': 'base'}",False,,,
exhaustive_mps_20261007_204350,fitstable,fitstable_io,mixed_1000000::predicate_filter,mixed_1000000 [predicate_filter],predicate_filter,smart,fitsio,fitsio_torch,smart,OK,,True,off,NRC-054711,0.11239629238843918,574.640625,,8897090.63128187,rows/s,50.55084228515625,1000000,"{'schema': 'mixed', 'nrows': 1000000, 'ncols': 8, 'variable': False, 'compressed': False, 'profile': 'base'}",False,2,1.593997646816605,59.39976468166051
exhaustive_mps_20261007_204350,fitstable,fitstable_io,mixed_1000000::predicate_filter,mixed_1000000 [predicate_filter],predicate_filter,specialized,torchfits,torchfits_specialized,specialized,OK,,True,off,NRC-054711,0.04978275019675493,533.65625,,20087279.148856357,rows/s,50.55084228515625,1000000,"{'schema': 'mixed', 'nrows': 1000000, 'ncols': 8, 'variable': False, 'compressed': False, 'profile': 'base'}",False,2,1.1616352621264803,16.163526212648026
exhaustive_mps_20261007_204350,fitstable,fitstable_io,mixed_1000000::predicate_filter,mixed_1000000 [predicate_filter],predicate_filter,specialized,astropy,astropy,specialized,OK,,True,off,NRC-054711,0.04285574983805418,519.09375,,23334091.779489536,rows/s,50.55084228515625,1000000,"{'schema': 'mixed', 'nrows': 1000000, 'ncols': 8, 'variable': False, 'compressed': False, 'profile': 'base'}",True,1,1.0,0.0
exhaustive_mps_20261007_204350,fitstable,fitstable_io,mixed_1000000::predicate_filter,mixed_1000000 [predicate_filter],predicate_filter,specialized,fitsio,fitsio,specialized,OK,,True,off,NRC-054711,0.08542145788669586,519.109375,,11706660.419287307,rows/s,50.55084228515625,1000000,"{'schema': 'mixed', 'nrows': 1000000, 'ncols': 8, 'variable': False, 'compressed': False, 'profile': 'base'}",False,3,1.9932321382659615,99.32321382659615
exhaustive_mps_20261007_204350,fitstable,fitstable_io,mixed_1000000::predicate_filter_selective,mixed_1000000 [predicate_filter_selective],predicate_filter_selective,smart,torchfits,torchfits,smart,OK,,True,off,NRC-054711,0.06192875001579523,518.234375,,16147588.959004423,rows/s,50.55084228515625,1000000,"{'schema': 'mixed', 'nrows': 1000000, 'ncols': 8, 'variable': False, 'compressed': False, 'profile': 'base'}",True,1,1.0,0.0
exhaustive_mps_20261007_204350,fitstable,fitstable_io,mixed_1000000::predicate_filter_selective,mixed_1000000 [predicate_filter_selective],predicate_filter_selective,smart,astropy,astropy_torch,smart,FAILED,,False,off,NRC-054711,,,,,rows/s,50.55084228515625,1000000,"{'schema': 'mixed', 'nrows': 1000000, 'ncols': 8, 'variable': False, 'compressed': False, 'profile': 'base'}",False,,,
exhaustive_mps_20261007_204350,fitstable,fitstable_io,mixed_1000000::predicate_filter_selective,mixed_1000000 [predicate_filter_selective],predicate_filter_selective,smart,fitsio,fitsio_torch,smart,OK,,True,off,NRC-054711,0.0868777921423316,522.34375,,11510421.42463408,rows/s,50.55084228515625,1000000,"{'schema': 'mixed', 'nrows': 1000000, 'ncols': 8, 'variable': False, 'compressed': False, 'profile': 'base'}",False,2,1.4028668771801949,40.286687718019486
exhaustive_mps_20261007_204350,fitstable,fitstable_io,mixed_1000000::predicate_filter_selective,mixed_1000000 [predicate_filter_selective],predicate_filter_selective,specialized,torchfits,torchfits_specialized,specialized,OK,,True,off,NRC-054711,0.04853141587227583,522.390625,,20605209.677619614,rows/s,50.55084228515625,1000000,"{'schema': 'mixed', 'nrows': 1000000, 'ncols': 8, 'variable': False, 'compressed': False, 'profile': 'base'}",False,2,1.5050328574404628,50.50328574404628
exhaustive_mps_20261007_204350,fitstable,fitstable_io,mixed_1000000::predicate_filter_selective,mixed_1000000 [predicate_filter_selective],predicate_filter_selective,specialized,astropy,astropy,specialized,OK,,True,off,NRC-054711,0.032246083952486515,522.390625,,31011517.59926772,rows/s,50.55084228515625,1000000,"{'schema': 'mixed', 'nrows': 1000000, 'ncols': 8, 'variable': False, 'compressed': False, 'profile': 'base'}",True,1,1.0,0.0
exhaustive_mps_20261007_204350,fitstable,fitstable_io,mixed_1000000::predicate_filter_selective,mixed_1000000 [predicate_filter_selective],predicate_filter_selective,specialized,fitsio,fitsio,specialized,OK,,True,off,NRC-054711,0.07571237441152334,518.859375,,13207880.584548159,rows/s,50.55084228515625,1000000,"{'schema': 'mixed', 'nrows': 1000000, 'ncols': 8, 'variable': False, 'compressed': False, 'profile': 'base'}",False,3,2.3479556315453034,134.79556315453033
exhaustive_mps_20261007_204350,fitstable,fitstable_io,mixed_1000000::scan_count,mixed_1000000 [scan_count],scan_count,smart,torchfits,torchfits,smart,OK,,True,off,NRC-054711,4.3665990233421326e-05,516.265625,,22901118116.282047,rows/s,50.55084228515625,1000000,"{'schema': 'mixed', 'nrows': 1000000, 'ncols': 8, 'variable': False, 'compressed': False, 'profile': 'base'}",True,1,1.0,0.0
exhaustive_mps_20261007_204350,fitstable,fitstable_io,mixed_1000000::scan_count,mixed_1000000 [scan_count],scan_count,smart,astropy,astropy_torch,smart,OK,,True,off,NRC-054711,0.0014802506193518639,516.265625,,675561277.8854,rows/s,50.55084228515625,1000000,"{'schema': 'mixed', 'nrows': 1000000, 'ncols': 8, 'variable': False, 'compressed': False, 'profile': 'base'}",False,3,33.89939427547669,3289.939427547669
exhaustive_mps_20261007_204350,fitstable,fitstable_io,mixed_1000000::scan_count,mixed_1000000 [scan_count],scan_count,smart,fitsio,fitsio_torch,smart,OK,,True,off,NRC-054711,0.0009124167263507843,512.46875,,1095990429.7233846,rows/s,50.55084228515625,1000000,"{'schema': 'mixed', 'nrows': 1000000, 'ncols': 8, 'variable': False, 'compressed': False, 'profile': 'base'}",False,2,20.895363221430703,1989.5363221430703
exhaustive_mps_20261007_204350,fitstable,fitstable_io,mixed_1000000::scan_count,mixed_1000000 [scan_count],scan_count,specialized,torchfits,torchfits_specialized,specialized,OK,,True,off,NRC-054711,4.624947905540466e-05,475.296875,,21621865163.109142,rows/s,50.55084228515625,1000000,"{'schema': 'mixed', 'nrows': 1000000, 'ncols': 8, 'variable': False, 'compressed': False, 'profile': 'base'}",True,1,1.0,0.0
exhaustive_mps_20261007_204350,fitstable,fitstable_io,mixed_1000000::scan_count,mixed_1000000 [scan_count],scan_count,specialized,astropy,astropy,specialized,OK,,True,off,NRC-054711,0.0016156258061528206,460.0625,,618955203.7307646,rows/s,50.55084228515625,1000000,"{'schema': 'mixed', 'nrows': 1000000, 'ncols': 8, 'variable': False, 'compressed': False, 'profile': 'base'}",False,3,34.932843334675795,3393.2843334675795
exhaustive_mps_20261007_204350,fitstable,fitstable_io,mixed_1000000::scan_count,mixed_1000000 [scan_count],scan_count,specialized,fitsio,fitsio,specialized,OK,,True,off,NRC-054711,0.0003653746098279953,458.484375,,2736917051.9833403,rows/s,50.55084228515625,1000000,"{'schema': 'mixed', 'nrows': 1000000, 'ncols': 8, 'variable': False, 'compressed': False, 'profile': 'base'}",False,2,7.900080547724527,690.0080547724527
exhaustive_mps_20261007_204350,fitstable,fitstable_io,varlen_1000::read_full,varlen_1000 [read_full],read_full,smart,torchfits,torchfits,smart,OK,,True,off,NRC-054711,0.0032805418595671654,462.09375,,304827.6909144333,rows/s,0.0384521484375,1000,"{'schema': 'varlen', 'nrows': 1000, 'ncols': 3, 'variable': True, 'compressed': False, 'profile': 'varlen'}",True,1,1.0,0.0
exhaustive_mps_20261007_204350,fitstable,fitstable_io,varlen_1000::read_full,varlen_1000 [read_full],read_full,smart,astropy,astropy_torch,smart,OK,,True,off,NRC-054711,0.02244245819747448,462.125,,44558.398692373776,rows/s,0.0384521484375,1000,"{'schema': 'varlen', 'nrows': 1000, 'ncols': 3, 'variable': True, 'compressed': False, 'profile': 'varlen'}",False,3,6.8410827107798395,584.108271077984
exhaustive_mps_20261007_204350,fitstable,fitstable_io,varlen_1000::read_full,varlen_1000 [read_full],read_full,smart,fitsio,fitsio_torch,smart,OK,,True,off,NRC-054711,0.005104166455566883,462.109375,,195918.3754497946,rows/s,0.0384521484375,1000,"{'schema': 'varlen', 'nrows': 1000, 'ncols': 3, 'variable': True, 'compressed': False, 'profile': 'varlen'}",False,2,1.5558912746933602,55.58912746933602
exhaustive_mps_20261007_204350,fitstable,fitstable_io,varlen_1000::read_full,varlen_1000 [read_full],read_full,specialized,torchfits,torchfits_specialized,specialized,OK,,True,off,NRC-054711,0.0023335833102464676,444.75,,428525.5193629159,rows/s,0.0384521484375,1000,"{'schema': 'varlen', 'nrows': 1000, 'ncols': 3, 'variable': True, 'compressed': False, 'profile': 'varlen'}",True,1,1.0,0.0
exhaustive_mps_20261007_204350,fitstable,fitstable_io,varlen_1000::read_full,varlen_1000 [read_full],read_full,specialized,astropy,astropy,specialized,OK,,True,off,NRC-054711,0.020239291712641716,444.78125,,49408.84365905885,rows/s,0.0384521484375,1000,"{'schema': 'varlen', 'nrows': 1000, 'ncols': 3, 'variable': True, 'compressed': False, 'profile': 'varlen'}",False,3,8.67305299269735,767.3052992697351
exhaustive_mps_20261007_204350,fitstable,fitstable_io,varlen_1000::read_full,varlen_1000 [read_full],read_full,specialized,fitsio,fitsio,specialized,OK,,True,off,NRC-054711,0.005045000463724136,410.65625,,198216.03728095922,rows/s,0.0384521484375,1000,"{'schema': 'varlen', 'nrows': 1000, 'ncols': 3, 'variable': True, 'compressed': False, 'profile': 'varlen'}",False,2,2.161911443903537,116.1911443903537
exhaustive_mps_20261007_204350,fitstable,fitstable_io,varlen_1000::projection,varlen_1000 [projection],projection,smart,torchfits,torchfits,smart,OK,,True,off,NRC-054711,0.0023455824702978134,377.0,,426333.33624506166,rows/s,0.0384521484375,1000,"{'schema': 'varlen', 'nrows': 1000, 'ncols': 3, 'variable': True, 'compressed': False, 'profile': 'varlen'}",True,1,1.0,0.0
exhaustive_mps_20261007_204350,fitstable,fitstable_io,varlen_1000::projection,varlen_1000 [projection],projection,smart,astropy,astropy_torch,smart,OK,,True,off,NRC-054711,0.02070654183626175,376.625,,48293.9163819609,rows/s,0.0384521484375,1000,"{'schema': 'varlen', 'nrows': 1000, 'ncols': 3, 'variable': True, 'compressed': False, 'profile': 'varlen'}",False,3,8.827889063151417,782.7889063151417
exhaustive_mps_20261007_204350,fitstable,fitstable_io,varlen_1000::projection,varlen_1000 [projection],projection,smart,fitsio,fitsio_torch,smart,OK,,True,off,NRC-054711,0.003989582881331444,376.59375,,250652.7699121944,rows/s,0.0384521484375,1000,"{'schema': 'varlen', 'nrows': 1000, 'ncols': 3, 'variable': True, 'compressed': False, 'profile': 'varlen'}",False,2,1.7008921800242203,70.08921800242203
exhaustive_mps_20261007_204350,fitstable,fitstable_io,varlen_1000::projection,varlen_1000 [projection],projection,specialized,torchfits,torchfits_specialized,specialized,OK,,True,off,NRC-054711,0.0028970828279852867,281.390625,,345174.80492452066,rows/s,0.0384521484375,1000,"{'schema': 'varlen', 'nrows': 1000, 'ncols': 3, 'variable': True, 'compressed': False, 'profile': 'varlen'}",True,1,1.0,0.0
exhaustive_mps_20261007_204350,fitstable,fitstable_io,varlen_1000::projection,varlen_1000 [projection],projection,specialized,astropy,astropy,specialized,OK,,True,off,NRC-054711,0.023850000463426113,281.421875,,41928.720359292915,rows/s,0.0384521484375,1000,"{'schema': 'varlen', 'nrows': 1000, 'ncols': 3, 'variable': True, 'compressed': False, 'profile': 'varlen'}",False,3,8.232419257412836,723.2419257412836
exhaustive_mps_20261007_204350,fitstable,fitstable_io,varlen_1000::projection,varlen_1000 [projection],projection,specialized,fitsio,fitsio,specialized,OK,,True,off,NRC-054711,0.007655542343854904,281.28125,,130624.3183153051,rows/s,0.0384521484375,1000,"{'schema': 'varlen', 'nrows': 1000, 'ncols': 3, 'variable': True, 'compressed': False, 'profile': 'varlen'}",False,2,2.6425003351315244,164.25003351315243
exhaustive_mps_20261007_204350,fitstable,fitstable_io,varlen_1000::row_slice,varlen_1000 [row_slice],row_slice,smart,torchfits,torchfits,smart,OK,,True,off,NRC-054711,0.0006422074511647224,281.21875,,1557129.2394480577,rows/s,0.0384521484375,1000,"{'schema': 'varlen', 'nrows': 1000, 'ncols': 3, 'variable': True, 'compressed': False, 'profile': 'varlen'}",True,1,1.0,0.0
exhaustive_mps_20261007_204350,fitstable,fitstable_io,varlen_1000::row_slice,varlen_1000 [row_slice],row_slice,smart,astropy,astropy_torch,smart,OK,,True,off,NRC-054711,0.0076812924817204475,281.21875,,130186.42401389474,rows/s,0.0384521484375,1000,"{'schema': 'varlen', 'nrows': 1000, 'ncols': 3, 'variable': True, 'compressed': False, 'profile': 'varlen'}",False,3,11.960765120039445,1096.0765120039446
exhaustive_mps_20261007_204350,fitstable,fitstable_io,varlen_1000::row_slice,varlen_1000 [row_slice],row_slice,smart,fitsio,fitsio_torch,smart,OK,,True,off,NRC-054711,0.0012382492423057556,281.21875,,807591.852943831,rows/s,0.0384521484375,1000,"{'schema': 'varlen', 'nrows': 1000, 'ncols': 3, 'variable': True, 'compressed': False, 'profile': 'varlen'}",False,2,1.928114100918695,92.8114100918695
exhaustive_mps_20261007_204350,fitstable,fitstable_io,varlen_1000::row_slice,varlen_1000 [row_slice],row_slice,specialized,torchfits,torchfits_specialized,specialized,OK,,True,off,NRC-054711,0.00041841622442007065,281.21875,,2389964.6850119415,rows/s,0.0384521484375,1000,"{'schema': 'varlen', 'nrows': 1000, 'ncols': 3, 'variable': True, 'compressed': False, 'profile': 'varlen'}",True,1,1.0,0.0
exhaustive_mps_20261007_204350,fitstable,fitstable_io,varlen_1000::row_slice,varlen_1000 [row_slice],row_slice,specialized,astropy,astropy,specialized,OK,,True,off,NRC-054711,0.006597999483346939,281.21875,,151561.09098279805,rows/s,0.0384521484375,1000,"{'schema': 'varlen', 'nrows': 1000, 'ncols': 3, 'variable': True, 'compressed': False, 'profile': 'varlen'}",False,3,15.76898575692622,1476.898575692622
exhaustive_mps_20261007_204350,fitstable,fitstable_io,varlen_1000::row_slice,varlen_1000 [row_slice],row_slice,specialized,fitsio,fitsio,specialized,OK,,True,off,NRC-054711,0.0010071666911244392,281.21875,,992884.3048647309,rows/s,0.0384521484375,1000,"{'schema': 'varlen', 'nrows': 1000, 'ncols': 3, 'variable': True, 'compressed': False, 'profile': 'varlen'}",False,2,2.40709282370774,140.709282370774
exhaustive_mps_20261007_204350,fitstable,fitstable_io,varlen_1000::predicate_filter,varlen_1000 [predicate_filter],predicate_filter,smart,torchfits,torchfits,smart,OK,,True,off,NRC-054711,0.0003143325448036194,281.234375,,3181344.14183792,rows/s,0.0384521484375,1000,"{'schema': 'varlen', 'nrows': 1000, 'ncols': 3, 'variable': True, 'compressed': False, 'profile': 'varlen'}",True,1,1.0,0.0
exhaustive_mps_20261007_204350,fitstable,fitstable_io,varlen_1000::predicate_filter,varlen_1000 [predicate_filter],predicate_filter,smart,astropy,astropy_torch,smart,FAILED,,False,off,NRC-054711,,,,,rows/s,0.0384521484375,1000,"{'schema': 'varlen', 'nrows': 1000, 'ncols': 3, 'variable': True, 'compressed': False, 'profile': 'varlen'}",False,,,
exhaustive_mps_20261007_204350,fitstable,fitstable_io,varlen_1000::predicate_filter,varlen_1000 [predicate_filter],predicate_filter,smart,fitsio,fitsio_torch,smart,OK,,True,off,NRC-054711,0.00040504150092601776,281.234375,,2468882.812535927,rows/s,0.0384521484375,1000,"{'schema': 'varlen', 'nrows': 1000, 'ncols': 3, 'variable': True, 'compressed': False, 'profile': 'varlen'}",False,2,1.288576406172225,28.85764061722249
exhaustive_mps_20261007_204350,fitstable,fitstable_io,varlen_1000::predicate_filter,varlen_1000 [predicate_filter],predicate_filter,specialized,torchfits,torchfits_specialized,specialized,OK,,True,off,NRC-054711,0.00036633294075727463,281.234375,,2729757.2474176744,rows/s,0.0384521484375,1000,"{'schema': 'varlen', 'nrows': 1000, 'ncols': 3, 'variable': True, 'compressed': False, 'profile': 'varlen'}",True,1,1.0,0.0
exhaustive_mps_20261007_204350,fitstable,fitstable_io,varlen_1000::predicate_filter,varlen_1000 [predicate_filter],predicate_filter,specialized,astropy,astropy,specialized,OK,,True,off,NRC-054711,0.0032638749107718468,281.234375,,306384.29086227395,rows/s,0.0384521484375,1000,"{'schema': 'varlen', 'nrows': 1000, 'ncols': 3, 'variable': True, 'compressed': False, 'profile': 'varlen'}",False,3,8.909586192344165,790.9586192344165
exhaustive_mps_20261007_204350,fitstable,fitstable_io,varlen_1000::predicate_filter,varlen_1000 [predicate_filter],predicate_filter,specialized,fitsio,fitsio,specialized,OK,,True,off,NRC-054711,0.0005011251196265221,281.234375,,1995509.6259099501,rows/s,0.0384521484375,1000,"{'schema': 'varlen', 'nrows': 1000, 'ncols': 3, 'variable': True, 'compressed': False, 'profile': 'varlen'}",False,2,1.3679499271635478,36.79499271635478
exhaustive_mps_20261007_204350,fitstable,fitstable_io,varlen_1000::predicate_filter_selective,varlen_1000 [predicate_filter_selective],predicate_filter_selective,smart,torchfits,torchfits,smart,OK,,True,off,NRC-054711,0.00028020795434713364,278.21875,,3568778.061029478,rows/s,0.0384521484375,1000,"{'schema': 'varlen', 'nrows': 1000, 'ncols': 3, 'variable': True, 'compressed': False, 'profile': 'varlen'}",True,1,1.0,0.0
exhaustive_mps_20261007_204350,fitstable,fitstable_io,varlen_1000::predicate_filter_selective,varlen_1000 [predicate_filter_selective],predicate_filter_selective,smart,astropy,astropy_torch,smart,FAILED,,False,off,NRC-054711,,,,,rows/s,0.0384521484375,1000,"{'schema': 'varlen', 'nrows': 1000, 'ncols': 3, 'variable': True, 'compressed': False, 'profile': 'varlen'}",False,,,
exhaustive_mps_20261007_204350,fitstable,fitstable_io,varlen_1000::predicate_filter_selective,varlen_1000 [predicate_filter_selective],predicate_filter_selective,smart,fitsio,fitsio_torch,smart,OK,,True,off,NRC-054711,0.0005383342504501343,278.21875,,1857581.9747003627,rows/s,0.0384521484375,1000,"{'schema': 'varlen', 'nrows': 1000, 'ncols': 3, 'variable': True, 'compressed': False, 'profile': 'varlen'}",False,2,1.9211954625071874,92.11954625071874
exhaustive_mps_20261007_204350,fitstable,fitstable_io,varlen_1000::predicate_filter_selective,varlen_1000 [predicate_filter_selective],predicate_filter_selective,specialized,torchfits,torchfits_specialized,specialized,OK,,True,off,NRC-054711,0.0004141656681895256,268.828125,,2414492.74241242,rows/s,0.0384521484375,1000,"{'schema': 'varlen', 'nrows': 1000, 'ncols': 3, 'variable': True, 'compressed': False, 'profile': 'varlen'}",True,1,1.0,0.0
exhaustive_mps_20261007_204350,fitstable,fitstable_io,varlen_1000::predicate_filter_selective,varlen_1000 [predicate_filter_selective],predicate_filter_selective,specialized,astropy,astropy,specialized,OK,,True,off,NRC-054711,0.003237375058233738,268.828125,,308892.2296650993,rows/s,0.0384521484375,1000,"{'schema': 'varlen', 'nrows': 1000, 'ncols': 3, 'variable': True, 'compressed': False, 'profile': 'varlen'}",False,3,7.816618582572345,681.6618582572345
exhaustive_mps_20261007_204350,fitstable,fitstable_io,varlen_1000::predicate_filter_selective,varlen_1000 [predicate_filter_selective],predicate_filter_selective,specialized,fitsio,fitsio,specialized,OK,,True,off,NRC-054711,0.0004995409399271011,268.828125,,2001837.927730071,rows/s,0.0384521484375,1000,"{'schema': 'varlen', 'nrows': 1000, 'ncols': 3, 'variable': True, 'compressed': False, 'profile': 'varlen'}",False,2,1.2061379739918643,20.613797399186428
exhaustive_mps_20261007_204350,fitstable,fitstable_io,varlen_1000::scan_count,varlen_1000 [scan_count],scan_count,smart,torchfits,torchfits,smart,OK,,True,off,NRC-054711,3.2791867852211e-05,267.625,,30495365.63476285,rows/s,0.0384521484375,1000,"{'schema': 'varlen', 'nrows': 1000, 'ncols': 3, 'variable': True, 'compressed': False, 'profile': 'varlen'}",True,1,1.0,0.0
exhaustive_mps_20261007_204350,fitstable,fitstable_io,varlen_1000::scan_count,varlen_1000 [scan_count],scan_count,smart,astropy,astropy_torch,smart,OK,,True,off,NRC-054711,0.0012365831062197685,267.59375,,808679.9787011466,rows/s,0.0384521484375,1000,"{'schema': 'varlen', 'nrows': 1000, 'ncols': 3, 'variable': True, 'compressed': False, 'profile': 'varlen'}",False,3,37.71005396194263,3671.0053961942626
exhaustive_mps_20261007_204350,fitstable,fitstable_io,varlen_1000::scan_count,varlen_1000 [scan_count],scan_count,smart,fitsio,fitsio_torch,smart,OK,,True,off,NRC-054711,0.00027970876544713974,267.59375,,3575147.165665007,rows/s,0.0384521484375,1000,"{'schema': 'varlen', 'nrows': 1000, 'ncols': 3, 'variable': True, 'compressed': False, 'profile': 'varlen'}",False,2,8.529821073558647,752.9821073558647
exhaustive_mps_20261007_204350,fitstable,fitstable_io,varlen_1000::scan_count,varlen_1000 [scan_count],scan_count,specialized,torchfits,torchfits_specialized,specialized,OK,,True,off,NRC-054711,2.808310091495514e-05,267.59375,,35608603.30304437,rows/s,0.0384521484375,1000,"{'schema': 'varlen', 'nrows': 1000, 'ncols': 3, 'variable': True, 'compressed': False, 'profile': 'varlen'}",True,1,1.0,0.0
exhaustive_mps_20261007_204350,fitstable,fitstable_io,varlen_1000::scan_count,varlen_1000 [scan_count],scan_count,specialized,astropy,astropy,specialized,OK,,True,off,NRC-054711,0.001239667646586895,267.59375,,806667.8216159323,rows/s,0.0384521484375,1000,"{'schema': 'varlen', 'nrows': 1000, 'ncols': 3, 'variable': True, 'compressed': False, 'profile': 'varlen'}",False,3,44.14283345493135,4314.283345493135
exhaustive_mps_20261007_204350,fitstable,fitstable_io,varlen_1000::scan_count,varlen_1000 [scan_count],scan_count,specialized,fitsio,fitsio,specialized,OK,,True,off,NRC-054711,0.0002749999985098839,267.59375,,3636363.656067651,rows/s,0.0384521484375,1000,"{'schema': 'varlen', 'nrows': 1000, 'ncols': 3, 'variable': True, 'compressed': False, 'profile': 'varlen'}",False,2,9.792365855276248,879.2365855276248
exhaustive_mps_20261007_204350,fitstable,fitstable_io,varlen_10000::read_full,varlen_10000 [read_full],read_full,smart,torchfits,torchfits,smart,OK,,True,off,NRC-054711,0.026256375014781952,259.625,,380859.8861941204,rows/s,0.3131103515625,10000,"{'schema': 'varlen', 'nrows': 10000, 'ncols': 3, 'variable': True, 'compressed': False, 'profile': 'varlen'}",True,1,1.0,0.0
exhaustive_mps_20261007_204350,fitstable,fitstable_io,varlen_10000::read_full,varlen_10000 [read_full],read_full,smart,astropy,astropy_torch,smart,OK,,True,off,NRC-054711,0.18926029093563557,257.890625,,52837.28536273276,rows/s,0.3131103515625,10000,"{'schema': 'varlen', 'nrows': 10000, 'ncols': 3, 'variable': True, 'compressed': False, 'profile': 'varlen'}",False,3,7.208165286681227,620.8165286681227
exhaustive_mps_20261007_204350,fitstable,fitstable_io,varlen_10000::read_full,varlen_10000 [read_full],read_full,smart,fitsio,fitsio_torch,smart,OK,,True,off,NRC-054711,0.04313320852816105,257.890625,,231839.928937147,rows/s,0.3131103515625,10000,"{'schema': 'varlen', 'nrows': 10000, 'ncols': 3, 'variable': True, 'compressed': False, 'profile': 'varlen'}",False,2,1.6427708891222679,64.27708891222679
exhaustive_mps_20261007_204350,fitstable,fitstable_io,varlen_10000::read_full,varlen_10000 [read_full],read_full,specialized,torchfits,torchfits_specialized,specialized,OK,,True,off,NRC-054711,0.027829624712467194,246.640625,,359329.31555200496,rows/s,0.3131103515625,10000,"{'schema': 'varlen', 'nrows': 10000, 'ncols': 3, 'variable': True, 'compressed': False, 'profile': 'varlen'}",True,1,1.0,0.0
exhaustive_mps_20261007_204350,fitstable,fitstable_io,varlen_10000::read_full,varlen_10000 [read_full],read_full,specialized,astropy,astropy,specialized,OK,,True,off,NRC-054711,0.2524816244840622,245.5625,,39606.842757110215,rows/s,0.3131103515625,10000,"{'schema': 'varlen', 'nrows': 10000, 'ncols': 3, 'variable': True, 'compressed': False, 'profile': 'varlen'}",False,3,9.072404931531642,807.2404931531642
exhaustive_mps_20261007_204350,fitstable,fitstable_io,varlen_10000::read_full,varlen_10000 [read_full],read_full,specialized,fitsio,fitsio,specialized,OK,,True,off,NRC-054711,0.052980500273406506,245.765625,,188748.6895819194,rows/s,0.3131103515625,10000,"{'schema': 'varlen', 'nrows': 10000, 'ncols': 3, 'variable': True, 'compressed': False, 'profile': 'varlen'}",False,2,1.9037446900845971,90.37446900845971
exhaustive_mps_20261007_204350,fitstable,fitstable_io,varlen_10000::projection,varlen_10000 [projection],projection,smart,torchfits,torchfits,smart,OK,,True,off,NRC-054711,0.02930437494069338,244.0,,341245.97505451477,rows/s,0.3131103515625,10000,"{'schema': 'varlen', 'nrows': 10000, 'ncols': 3, 'variable': True, 'compressed': False, 'profile': 'varlen'}",True,1,1.0,0.0
exhaustive_mps_20261007_204350,fitstable,fitstable_io,varlen_10000::projection,varlen_10000 [projection],projection,smart,astropy,astropy_torch,smart,OK,,True,off,NRC-054711,0.21104266587644815,243.65625,,47383.78355139976,rows/s,0.3131103515625,10000,"{'schema': 'varlen', 'nrows': 10000, 'ncols': 3, 'variable': True, 'compressed': False, 'profile': 'varlen'}",False,3,7.201746029511272,620.1746029511272
exhaustive_mps_20261007_204350,fitstable,fitstable_io,varlen_10000::projection,varlen_10000 [projection],projection,smart,fitsio,fitsio_torch,smart,OK,,True,off,NRC-054711,0.04756150022149086,243.484375,,210254.09109112708,rows/s,0.3131103515625,10000,"{'schema': 'varlen', 'nrows': 10000, 'ncols': 3, 'variable': True, 'compressed': False, 'profile': 'varlen'}",False,2,1.6230170518138167,62.30170518138167
exhaustive_mps_20261007_204350,fitstable,fitstable_io,varlen_10000::projection,varlen_10000 [projection],projection,specialized,torchfits,torchfits_specialized,specialized,OK,,True,off,NRC-054711,0.042898958548903465,238.84375,,233105.89203699,rows/s,0.3131103515625,10000,"{'schema': 'varlen', 'nrows': 10000, 'ncols': 3, 'variable': True, 'compressed': False, 'profile': 'varlen'}",True,1,1.0,0.0
exhaustive_mps_20261007_204350,fitstable,fitstable_io,varlen_10000::projection,varlen_10000 [projection],projection,specialized,astropy,astropy,specialized,OK,,True,off,NRC-054711,0.5243647499009967,238.890625,,19070.69459167128,rows/s,0.3131103515625,10000,"{'schema': 'varlen', 'nrows': 10000, 'ncols': 3, 'variable': True, 'compressed': False, 'profile': 'varlen'}",False,3,12.223251277842499,1122.3251277842498
exhaustive_mps_20261007_204350,fitstable,fitstable_io,varlen_10000::projection,varlen_10000 [projection],projection,specialized,fitsio,fitsio,specialized,OK,,True,off,NRC-054711,0.11787812504917383,238.6875,,84833.38190040279,rows/s,0.3131103515625,10000,"{'schema': 'varlen', 'nrows': 10000, 'ncols': 3, 'variable': True, 'compressed': False, 'profile': 'varlen'}",False,2,2.747808549123552,174.7808549123552
exhaustive_mps_20261007_204350,fitstable,fitstable_io,varlen_10000::row_slice,varlen_10000 [row_slice],row_slice,smart,torchfits,torchfits,smart,OK,,True,off,NRC-054711,0.0031399577856063843,239.453125,,3184756.1918953676,rows/s,0.3131103515625,10000,"{'schema': 'varlen', 'nrows': 10000, 'ncols': 3, 'variable': True, 'compressed': False, 'profile': 'varlen'}",True,1,1.0,0.0
exhaustive_mps_20261007_204350,fitstable,fitstable_io,varlen_10000::row_slice,varlen_10000 [row_slice],row_slice,smart,astropy,astropy_torch,smart,OK,,True,off,NRC-054711,0.033439042046666145,239.453125,,299051.6291119947,rows/s,0.3131103515625,10000,"{'schema': 'varlen', 'nrows': 10000, 'ncols': 3, 'variable': True, 'compressed': False, 'profile': 'varlen'}",False,3,10.649519620916955,964.9519620916955
exhaustive_mps_20261007_204350,fitstable,fitstable_io,varlen_10000::row_slice,varlen_10000 [row_slice],row_slice,smart,fitsio,fitsio_torch,smart,OK,,True,off,NRC-054711,0.008620250038802624,239.421875,,1160059.1577955002,rows/s,0.3131103515625,10000,"{'schema': 'varlen', 'nrows': 10000, 'ncols': 3, 'variable': True, 'compressed': False, 'profile': 'varlen'}",False,2,2.745339468676294,174.53394686762942
exhaustive_mps_20261007_204350,fitstable,fitstable_io,varlen_10000::row_slice,varlen_10000 [row_slice],row_slice,specialized,torchfits,torchfits_specialized,specialized,OK,,True,off,NRC-054711,0.002265624701976776,230.15625,,4413793.684044369,rows/s,0.3131103515625,10000,"{'schema': 'varlen', 'nrows': 10000, 'ncols': 3, 'variable': True, 'compressed': False, 'profile': 'varlen'}",True,1,1.0,0.0
exhaustive_mps_20261007_204350,fitstable,fitstable_io,varlen_10000::row_slice,varlen_10000 [row_slice],row_slice,specialized,astropy,astropy,specialized,OK,,True,off,NRC-054711,0.02280187513679266,230.1875,,438560.42277260765,rows/s,0.3131103515625,10000,"{'schema': 'varlen', 'nrows': 10000, 'ncols': 3, 'variable': True, 'compressed': False, 'profile': 'varlen'}",False,3,10.064277246314377,906.4277246314377
exhaustive_mps_20261007_204350,fitstable,fitstable_io,varlen_10000::row_slice,varlen_10000 [row_slice],row_slice,specialized,fitsio,fitsio,specialized,OK,,True,off,NRC-054711,0.004426875151693821,230.09375,,2258929.75458632,rows/s,0.3131103515625,10000,"{'schema': 'varlen', 'nrows': 10000, 'ncols': 3, 'variable': True, 'compressed': False, 'profile': 'varlen'}",False,2,1.9539313584599145,95.39313584599145
exhaustive_mps_20261007_204350,fitstable,fitstable_io,varlen_10000::predicate_filter,varlen_10000 [predicate_filter],predicate_filter,smart,torchfits,torchfits,smart,OK,,True,off,NRC-054711,0.0007899580523371696,230.046875,,12658900.01426532,rows/s,0.3131103515625,10000,"{'schema': 'varlen', 'nrows': 10000, 'ncols': 3, 'variable': True, 'compressed': False, 'profile': 'varlen'}",True,1,1.0,0.0
exhaustive_mps_20261007_204350,fitstable,fitstable_io,varlen_10000::predicate_filter,varlen_10000 [predicate_filter],predicate_filter,smart,astropy,astropy_torch,smart,FAILED,,False,off,NRC-054711,,,,,rows/s,0.3131103515625,10000,"{'schema': 'varlen', 'nrows': 10000, 'ncols': 3, 'variable': True, 'compressed': False, 'profile': 'varlen'}",False,,,
exhaustive_mps_20261007_204350,fitstable,fitstable_io,varlen_10000::predicate_filter,varlen_10000 [predicate_filter],predicate_filter,smart,fitsio,fitsio_torch,smart,OK,,True,off,NRC-054711,0.0010952921584248543,227.34375,,9129984.107967189,rows/s,0.3131103515625,10000,"{'schema': 'varlen', 'nrows': 10000, 'ncols': 3, 'variable': True, 'compressed': False, 'profile': 'varlen'}",False,2,1.386519391990908,38.651939199090805
exhaustive_mps_20261007_204350,fitstable,fitstable_io,varlen_10000::predicate_filter,varlen_10000 [predicate_filter],predicate_filter,specialized,torchfits,torchfits_specialized,specialized,OK,,True,off,NRC-054711,0.001248459331691265,226.4375,,8009872.445306795,rows/s,0.3131103515625,10000,"{'schema': 'varlen', 'nrows': 10000, 'ncols': 3, 'variable': True, 'compressed': False, 'profile': 'varlen'}",True,1,1.0,0.0
exhaustive_mps_20261007_204350,fitstable,fitstable_io,varlen_10000::predicate_filter,varlen_10000 [predicate_filter],predicate_filter,specialized,astropy,astropy,specialized,OK,,True,off,NRC-054711,0.0048584165051579475,226.546875,,2058283.8028364757,rows/s,0.3131103515625,10000,"{'schema': 'varlen', 'nrows': 10000, 'ncols': 3, 'variable': True, 'compressed': False, 'profile': 'varlen'}",False,3,3.891529649248838,289.1529649248838
exhaustive_mps_20261007_204350,fitstable,fitstable_io,varlen_10000::predicate_filter,varlen_10000 [predicate_filter],predicate_filter,specialized,fitsio,fitsio,specialized,OK,,True,off,NRC-054711,0.001261875033378601,226.546875,,7924714.9959259825,rows/s,0.3131103515625,10000,"{'schema': 'varlen', 'nrows': 10000, 'ncols': 3, 'variable': True, 'compressed': False, 'profile': 'varlen'}",False,2,1.0107458059279848,1.0745805927984797
exhaustive_mps_20261007_204350,fitstable,fitstable_io,varlen_10000::predicate_filter_selective,varlen_10000 [predicate_filter_selective],predicate_filter_selective,smart,torchfits,torchfits,smart,OK,,True,off,NRC-054711,0.0005759168416261673,225.71875,,17363617.934429303,rows/s,0.3131103515625,10000,"{'schema': 'varlen', 'nrows': 10000, 'ncols': 3, 'variable': True, 'compressed': False, 'profile': 'varlen'}",True,1,1.0,0.0
exhaustive_mps_20261007_204350,fitstable,fitstable_io,varlen_10000::predicate_filter_selective,varlen_10000 [predicate_filter_selective],predicate_filter_selective,smart,astropy,astropy_torch,smart,FAILED,,False,off,NRC-054711,,,,,rows/s,0.3131103515625,10000,"{'schema': 'varlen', 'nrows': 10000, 'ncols': 3, 'variable': True, 'compressed': False, 'profile': 'varlen'}",False,,,
exhaustive_mps_20261007_204350,fitstable,fitstable_io,varlen_10000::predicate_filter_selective,varlen_10000 [predicate_filter_selective],predicate_filter_selective,smart,fitsio,fitsio_torch,smart,OK,,True,off,NRC-054711,0.001273084431886673,225.640625,,7854938.564585461,rows/s,0.3131103515625,10000,"{'schema': 'varlen', 'nrows': 10000, 'ncols': 3, 'variable': True, 'compressed': False, 'profile': 'varlen'}",False,2,2.2105351673550175,121.05351673550176
exhaustive_mps_20261007_204350,fitstable,fitstable_io,varlen_10000::predicate_filter_selective,varlen_10000 [predicate_filter_selective],predicate_filter_selective,specialized,torchfits,torchfits_specialized,specialized,OK,,True,off,NRC-054711,0.002216542139649391,223.390625,,4511531.642516746,rows/s,0.3131103515625,10000,"{'schema': 'varlen', 'nrows': 10000, 'ncols': 3, 'variable': True, 'compressed': False, 'profile': 'varlen'}",False,2,1.3265419416832855,32.65419416832855
exhaustive_mps_20261007_204350,fitstable,fitstable_io,varlen_10000::predicate_filter_selective,varlen_10000 [predicate_filter_selective],predicate_filter_selective,specialized,astropy,astropy,specialized,OK,,True,off,NRC-054711,0.004666624590754509,223.671875,,2142876.463603253,rows/s,0.3131103515625,10000,"{'schema': 'varlen', 'nrows': 10000, 'ncols': 3, 'variable': True, 'compressed': False, 'profile': 'varlen'}",False,3,2.792851593024824,179.2851593024824
exhaustive_mps_20261007_204350,fitstable,fitstable_io,varlen_10000::predicate_filter_selective,varlen_10000 [predicate_filter_selective],predicate_filter_selective,specialized,fitsio,fitsio,specialized,OK,,True,off,NRC-054711,0.001670917496085167,223.65625,,5984735.945029747,rows/s,0.3131103515625,10000,"{'schema': 'varlen', 'nrows': 10000, 'ncols': 3, 'variable': True, 'compressed': False, 'profile': 'varlen'}",True,1,1.0,0.0
exhaustive_mps_20261007_204350,fitstable,fitstable_io,varlen_10000::scan_count,varlen_10000 [scan_count],scan_count,smart,torchfits,torchfits,smart,OK,,True,off,NRC-054711,3.4499913454055786e-05,223.5,,289855799.58967716,rows/s,0.3131103515625,10000,"{'schema': 'varlen', 'nrows': 10000, 'ncols': 3, 'variable': True, 'compressed': False, 'profile': 'varlen'}",True,1,1.0,0.0
exhaustive_mps_20261007_204350,fitstable,fitstable_io,varlen_10000::scan_count,varlen_10000 [scan_count],scan_count,smart,astropy,astropy_torch,smart,OK,,True,off,NRC-054711,0.0011880416423082352,222.59375,,8417213.373574257,rows/s,0.3131103515625,10000,"{'schema': 'varlen', 'nrows': 10000, 'ncols': 3, 'variable': True, 'compressed': False, 'profile': 'varlen'}",False,3,34.43607601770867,3343.6076017708674
exhaustive_mps_20261007_204350,fitstable,fitstable_io,varlen_10000::scan_count,varlen_10000 [scan_count],scan_count,smart,fitsio,fitsio_torch,smart,OK,,True,off,NRC-054711,0.0002882499247789383,222.375,,34692116.59870891,rows/s,0.3131103515625,10000,"{'schema': 'varlen', 'nrows': 10000, 'ncols': 3, 'variable': True, 'compressed': False, 'profile': 'varlen'}",False,2,8.355091242846346,735.5091242846346
exhaustive_mps_20261007_204350,fitstable,fitstable_io,varlen_10000::scan_count,varlen_10000 [scan_count],scan_count,specialized,torchfits,torchfits_specialized,specialized,OK,,True,off,NRC-054711,3.766641020774841e-05,221.84375,,265488533.2805855,rows/s,0.3131103515625,10000,"{'schema': 'varlen', 'nrows': 10000, 'ncols': 3, 'variable': True, 'compressed': False, 'profile': 'varlen'}",True,1,1.0,0.0
exhaustive_mps_20261007_204350,fitstable,fitstable_io,varlen_10000::scan_count,varlen_10000 [scan_count],scan_count,specialized,astropy,astropy,specialized,OK,,True,off,NRC-054711,0.0014202501624822617,221.859375,,7041013.100482497,rows/s,0.3131103515625,10000,"{'schema': 'varlen', 'nrows': 10000, 'ncols': 3, 'variable': True, 'compressed': False, 'profile': 'varlen'}",False,3,37.70601325289289,3670.601325289289
exhaustive_mps_20261007_204350,fitstable,fitstable_io,varlen_10000::scan_count,varlen_10000 [scan_count],scan_count,specialized,fitsio,fitsio,specialized,OK,,True,off,NRC-054711,0.0003821663558483124,221.78125,,26166615.263142504,rows/s,0.3131103515625,10000,"{'schema': 'varlen', 'nrows': 10000, 'ncols': 3, 'variable': True, 'compressed': False, 'profile': 'varlen'}",False,2,10.146078528335476,914.6078528335476
exhaustive_mps_20261007_204350,fitstable,fitstable_io,varlen_100000::read_full,varlen_100000 [read_full],read_full,smart,torchfits,torchfits,smart,OK,,True,off,NRC-054711,0.31773087475448847,254.203125,,314731.76812694164,rows/s,3.0596923828125,100000,"{'schema': 'varlen', 'nrows': 100000, 'ncols': 3, 'variable': True, 'compressed': False, 'profile': 'varlen'}",True,1,1.0,0.0
exhaustive_mps_20261007_204350,fitstable,fitstable_io,varlen_100000::read_full,varlen_100000 [read_full],read_full,smart,astropy,astropy_torch,smart,OK,,True,off,NRC-054711,2.0929844584316015,224.640625,,47778.66342826835,rows/s,3.0596923828125,100000,"{'schema': 'varlen', 'nrows': 100000, 'ncols': 3, 'variable': True, 'compressed': False, 'profile': 'varlen'}",False,3,6.5872869926438735,558.7286992643874
exhaustive_mps_20261007_204350,fitstable,fitstable_io,varlen_100000::read_full,varlen_100000 [read_full],read_full,smart,fitsio,fitsio_torch,smart,OK,,True,off,NRC-054711,0.4507933743298054,214.796875,,221831.12196063224,rows/s,3.0596923828125,100000,"{'schema': 'varlen', 'nrows': 100000, 'ncols': 3, 'variable': True, 'compressed': False, 'profile': 'varlen'}",False,2,1.418789957627299,41.87899576272991
exhaustive_mps_20261007_204350,fitstable,fitstable_io,varlen_100000::read_full,varlen_100000 [read_full],read_full,specialized,torchfits,torchfits_specialized,specialized,OK,,True,off,NRC-054711,0.2925005415454507,253.4375,,341879.7089114494,rows/s,3.0596923828125,100000,"{'schema': 'varlen', 'nrows': 100000, 'ncols': 3, 'variable': True, 'compressed': False, 'profile': 'varlen'}",True,1,1.0,0.0
exhaustive_mps_20261007_204350,fitstable,fitstable_io,varlen_100000::read_full,varlen_100000 [read_full],read_full,specialized,astropy,astropy,specialized,OK,,True,off,NRC-054711,1.9622886246070266,219.078125,,50960.90286923326,rows/s,3.0596923828125,100000,"{'schema': 'varlen', 'nrows': 100000, 'ncols': 3, 'variable': True, 'compressed': False, 'profile': 'varlen'}",False,3,6.708666637808987,570.8666637808986
exhaustive_mps_20261007_204350,fitstable,fitstable_io,varlen_100000::read_full,varlen_100000 [read_full],read_full,specialized,fitsio,fitsio,specialized,OK,,True,off,NRC-054711,0.41112962551414967,212.171875,,243232.28926872445,rows/s,3.0596923828125,100000,"{'schema': 'varlen', 'nrows': 100000, 'ncols': 3, 'variable': True, 'compressed': False, 'profile': 'varlen'}",False,2,1.405568766956507,40.556876695650686
exhaustive_mps_20261007_204350,fitstable,fitstable_io,varlen_100000::projection,varlen_100000 [projection],projection,smart,torchfits,torchfits,smart,OK,,True,off,NRC-054711,0.3076627077534795,244.5625,,325031.26794335723,rows/s,3.0596923828125,100000,"{'schema': 'varlen', 'nrows': 100000, 'ncols': 3, 'variable': True, 'compressed': False, 'profile': 'varlen'}",True,1,1.0,0.0
exhaustive_mps_20261007_204350,fitstable,fitstable_io,varlen_100000::projection,varlen_100000 [projection],projection,smart,astropy,astropy_torch,smart,OK,,True,off,NRC-054711,2.07147862482816,215.3125,,48274.695573214296,rows/s,3.0596923828125,100000,"{'schema': 'varlen', 'nrows': 100000, 'ncols': 3, 'variable': True, 'compressed': False, 'profile': 'varlen'}",False,3,6.732953239454588,573.2953239454588
exhaustive_mps_20261007_204350,fitstable,fitstable_io,varlen_100000::projection,varlen_100000 [projection],projection,smart,fitsio,fitsio_torch,smart,OK,,True,off,NRC-054711,0.42225900012999773,211.921875,,236821.47679318557,rows/s,3.0596923828125,100000,"{'schema': 'varlen', 'nrows': 100000, 'ncols': 3, 'variable': True, 'compressed': False, 'profile': 'varlen'}",False,2,1.3724737821274742,37.24737821274742
exhaustive_mps_20261007_204350,fitstable,fitstable_io,varlen_100000::projection,varlen_100000 [projection],projection,specialized,torchfits,torchfits_specialized,specialized,OK,,True,off,NRC-054711,0.2894627498462796,243.0,,345467.5948912439,rows/s,3.0596923828125,100000,"{'schema': 'varlen', 'nrows': 100000, 'ncols': 3, 'variable': True, 'compressed': False, 'profile': 'varlen'}",True,1,1.0,0.0
exhaustive_mps_20261007_204350,fitstable,fitstable_io,varlen_100000::projection,varlen_100000 [projection],projection,specialized,astropy,astropy,specialized,OK,,True,off,NRC-054711,2.035167290829122,211.265625,,49136.009826130925,rows/s,3.0596923828125,100000,"{'schema': 'varlen', 'nrows': 100000, 'ncols': 3, 'variable': True, 'compressed': False, 'profile': 'varlen'}",False,3,7.030843491640655,603.0843491640655
exhaustive_mps_20261007_204350,fitstable,fitstable_io,varlen_100000::projection,varlen_100000 [projection],projection,specialized,fitsio,fitsio,specialized,OK,,True,off,NRC-054711,0.4395940825343132,201.84375,,227482.58899093425,rows/s,3.0596923828125,100000,"{'schema': 'varlen', 'nrows': 100000, 'ncols': 3, 'variable': True, 'compressed': False, 'profile': 'varlen'}",False,2,1.5186551042155214,51.865510421552145
exhaustive_mps_20261007_204350,fitstable,fitstable_io,varlen_100000::row_slice,varlen_100000 [row_slice],row_slice,smart,torchfits,torchfits,smart,OK,,True,off,NRC-054711,0.0310649573802948,191.546875,,3219061.2327519963,rows/s,3.0596923828125,100000,"{'schema': 'varlen', 'nrows': 100000, 'ncols': 3, 'variable': True, 'compressed': False, 'profile': 'varlen'}",True,1,1.0,0.0
exhaustive_mps_20261007_204350,fitstable,fitstable_io,varlen_100000::row_slice,varlen_100000 [row_slice],row_slice,smart,astropy,astropy_torch,smart,OK,,True,off,NRC-054711,0.24033829290419817,190.75,,416080.17928238027,rows/s,3.0596923828125,100000,"{'schema': 'varlen', 'nrows': 100000, 'ncols': 3, 'variable': True, 'compressed': False, 'profile': 'varlen'}",False,3,7.736636814336985,673.6636814336986
exhaustive_mps_20261007_204350,fitstable,fitstable_io,varlen_100000::row_slice,varlen_100000 [row_slice],row_slice,smart,fitsio,fitsio_torch,smart,OK,,True,off,NRC-054711,0.07413429114967585,190.3125,,1348903.4352281287,rows/s,3.0596923828125,100000,"{'schema': 'varlen', 'nrows': 100000, 'ncols': 3, 'variable': True, 'compressed': False, 'profile': 'varlen'}",False,2,2.386428226574709,138.64282265747093
exhaustive_mps_20261007_204350,fitstable,fitstable_io,varlen_100000::row_slice,varlen_100000 [row_slice],row_slice,specialized,torchfits,torchfits_specialized,specialized,OK,,True,off,NRC-054711,0.025611666031181812,198.109375,,3904470.7157375677,rows/s,3.0596923828125,100000,"{'schema': 'varlen', 'nrows': 100000, 'ncols': 3, 'variable': True, 'compressed': False, 'profile': 'varlen'}",True,1,1.0,0.0
exhaustive_mps_20261007_204350,fitstable,fitstable_io,varlen_100000::row_slice,varlen_100000 [row_slice],row_slice,specialized,astropy,astropy,specialized,OK,,True,off,NRC-054711,0.18754912447184324,198.953125,,533193.6381020696,rows/s,3.0596923828125,100000,"{'schema': 'varlen', 'nrows': 100000, 'ncols': 3, 'variable': True, 'compressed': False, 'profile': 'varlen'}",False,3,7.322800642625319,632.2800642625319
exhaustive_mps_20261007_204350,fitstable,fitstable_io,varlen_100000::row_slice,varlen_100000 [row_slice],row_slice,specialized,fitsio,fitsio,specialized,OK,,True,off,NRC-054711,0.04626579210162163,198.953125,,2161424.1420605653,rows/s,3.0596923828125,100000,"{'schema': 'varlen', 'nrows': 100000, 'ncols': 3, 'variable': True, 'compressed': False, 'profile': 'varlen'}",False,2,1.8064343040118411,80.64343040118412
exhaustive_mps_20261007_204350,fitstable,fitstable_io,varlen_100000::predicate_filter,varlen_100000 [predicate_filter],predicate_filter,smart,torchfits,torchfits,smart,OK,,True,off,NRC-054711,0.00575620774179697,200.109375,,17372548.817840625,rows/s,3.0596923828125,100000,"{'schema': 'varlen', 'nrows': 100000, 'ncols': 3, 'variable': True, 'compressed': False, 'profile': 'varlen'}",True,1,1.0,0.0
exhaustive_mps_20261007_204350,fitstable,fitstable_io,varlen_100000::predicate_filter,varlen_100000 [predicate_filter],predicate_filter,smart,astropy,astropy_torch,smart,FAILED,,False,off,NRC-054711,,,,,rows/s,3.0596923828125,100000,"{'schema': 'varlen', 'nrows': 100000, 'ncols': 3, 'variable': True, 'compressed': False, 'profile': 'varlen'}",False,,,
exhaustive_mps_20261007_204350,fitstable,fitstable_io,varlen_100000::predicate_filter,varlen_100000 [predicate_filter],predicate_filter,smart,fitsio,fitsio_torch,smart,OK,,True,off,NRC-054711,0.006068124435842037,200.109375,,16479556.58412987,rows/s,3.0596923828125,100000,"{'schema': 'varlen', 'nrows': 100000, 'ncols': 3, 'variable': True, 'compressed': False, 'profile': 'varlen'}",False,2,1.054187879943974,5.418787994397389
exhaustive_mps_20261007_204350,fitstable,fitstable_io,varlen_100000::predicate_filter,varlen_100000 [predicate_filter],predicate_filter,specialized,torchfits,torchfits_specialized,specialized,OK,,True,off,NRC-054711,0.004528875462710857,206.203125,,22080536.509198427,rows/s,3.0596923828125,100000,"{'schema': 'varlen', 'nrows': 100000, 'ncols': 3, 'variable': True, 'compressed': False, 'profile': 'varlen'}",True,1,1.0,0.0
exhaustive_mps_20261007_204350,fitstable,fitstable_io,varlen_100000::predicate_filter,varlen_100000 [predicate_filter],predicate_filter,specialized,astropy,astropy,specialized,OK,,True,off,NRC-054711,0.00575866736471653,206.203125,,17365128.712365296,rows/s,3.0596923828125,100000,"{'schema': 'varlen', 'nrows': 100000, 'ncols': 3, 'variable': True, 'compressed': False, 'profile': 'varlen'}",False,2,1.2715446499095282,27.15446499095282
exhaustive_mps_20261007_204350,fitstable,fitstable_io,varlen_100000::predicate_filter,varlen_100000 [predicate_filter],predicate_filter,specialized,fitsio,fitsio,specialized,OK,,True,off,NRC-054711,0.006671000272035599,206.203125,,14990255.722098157,rows/s,3.0596923828125,100000,"{'schema': 'varlen', 'nrows': 100000, 'ncols': 3, 'variable': True, 'compressed': False, 'profile': 'varlen'}",False,3,1.4729926505955466,47.29926505955466
exhaustive_mps_20261007_204350,fitstable,fitstable_io,varlen_100000::predicate_filter_selective,varlen_100000 [predicate_filter_selective],predicate_filter_selective,smart,torchfits,torchfits,smart,OK,,True,off,NRC-054711,0.007270416244864464,206.625,,13754370.67590677,rows/s,3.0596923828125,100000,"{'schema': 'varlen', 'nrows': 100000, 'ncols': 3, 'variable': True, 'compressed': False, 'profile': 'varlen'}",False,2,1.618495324192499,61.84953241924991
exhaustive_mps_20261007_204350,fitstable,fitstable_io,varlen_100000::predicate_filter_selective,varlen_100000 [predicate_filter_selective],predicate_filter_selective,smart,astropy,astropy_torch,smart,FAILED,,False,off,NRC-054711,,,,,rows/s,3.0596923828125,100000,"{'schema': 'varlen', 'nrows': 100000, 'ncols': 3, 'variable': True, 'compressed': False, 'profile': 'varlen'}",False,,,
exhaustive_mps_20261007_204350,fitstable,fitstable_io,varlen_100000::predicate_filter_selective,varlen_100000 [predicate_filter_selective],predicate_filter_selective,smart,fitsio,fitsio_torch,smart,OK,,True,off,NRC-054711,0.004492083564400673,199.8125,,22261384.62616553,rows/s,3.0596923828125,100000,"{'schema': 'varlen', 'nrows': 100000, 'ncols': 3, 'variable': True, 'compressed': False, 'profile': 'varlen'}",True,1,1.0,0.0
exhaustive_mps_20261007_204350,fitstable,fitstable_io,varlen_100000::predicate_filter_selective,varlen_100000 [predicate_filter_selective],predicate_filter_selective,specialized,torchfits,torchfits_specialized,specialized,OK,,True,off,NRC-054711,0.004709874279797077,203.90625,,21231989.233544566,rows/s,3.0596923828125,100000,"{'schema': 'varlen', 'nrows': 100000, 'ncols': 3, 'variable': True, 'compressed': False, 'profile': 'varlen'}",False,2,1.0858082839545562,8.580828395455619
exhaustive_mps_20261007_204350,fitstable,fitstable_io,varlen_100000::predicate_filter_selective,varlen_100000 [predicate_filter_selective],predicate_filter_selective,specialized,astropy,astropy,specialized,OK,,True,off,NRC-054711,0.007014832459390163,203.28125,,14255507.965288388,rows/s,3.0596923828125,100000,"{'schema': 'varlen', 'nrows': 100000, 'ncols': 3, 'variable': True, 'compressed': False, 'profile': 'varlen'}",False,3,1.6171903414983122,61.71903414983122
exhaustive_mps_20261007_204350,fitstable,fitstable_io,varlen_100000::predicate_filter_selective,varlen_100000 [predicate_filter_selective],predicate_filter_selective,specialized,fitsio,fitsio,specialized,OK,,True,off,NRC-054711,0.004337666556239128,201.0625,,23053869.794616636,rows/s,3.0596923828125,100000,"{'schema': 'varlen', 'nrows': 100000, 'ncols': 3, 'variable': True, 'compressed': False, 'profile': 'varlen'}",True,1,1.0,0.0
exhaustive_mps_20261007_204350,fitstable,fitstable_io,varlen_100000::scan_count,varlen_100000 [scan_count],scan_count,smart,torchfits,torchfits,smart,OK,,True,off,NRC-054711,2.958253026008606e-05,200.171875,,3380373454.224909,rows/s,3.0596923828125,100000,"{'schema': 'varlen', 'nrows': 100000, 'ncols': 3, 'variable': True, 'compressed': False, 'profile': 'varlen'}",True,1,1.0,0.0
exhaustive_mps_20261007_204350,fitstable,fitstable_io,varlen_100000::scan_count,varlen_100000 [scan_count],scan_count,smart,astropy,astropy_torch,smart,OK,,True,off,NRC-054711,0.001119750551879406,200.171875,,89305604.56715874,rows/s,3.0596923828125,100000,"{'schema': 'varlen', 'nrows': 100000, 'ncols': 3, 'variable': True, 'compressed': False, 'profile': 'varlen'}",False,3,37.851750409268355,3685.1750409268357
exhaustive_mps_20261007_204350,fitstable,fitstable_io,varlen_100000::scan_count,varlen_100000 [scan_count],scan_count,smart,fitsio,fitsio_torch,smart,OK,,True,off,NRC-054711,0.0002471655607223511,200.171875,,404587110.387653,rows/s,3.0596923828125,100000,"{'schema': 'varlen', 'nrows': 100000, 'ncols': 3, 'variable': True, 'compressed': False, 'profile': 'varlen'}",False,2,8.355119002644503,735.5119002644503
exhaustive_mps_20261007_204350,fitstable,fitstable_io,varlen_100000::scan_count,varlen_100000 [scan_count],scan_count,specialized,torchfits,torchfits_specialized,specialized,OK,,True,off,NRC-054711,3.8166530430316925e-05,199.265625,,2620096688.709402,rows/s,3.0596923828125,100000,"{'schema': 'varlen', 'nrows': 100000, 'ncols': 3, 'variable': True, 'compressed': False, 'profile': 'varlen'}",True,1,1.0,0.0
exhaustive_mps_20261007_204350,fitstable,fitstable_io,varlen_100000::scan_count,varlen_100000 [scan_count],scan_count,specialized,astropy,astropy,specialized,OK,,True,off,NRC-054711,0.001009625382721424,197.96875,,99046638.20005405,rows/s,3.0596923828125,100000,"{'schema': 'varlen', 'nrows': 100000, 'ncols': 3, 'variable': True, 'compressed': False, 'profile': 'varlen'}",False,3,26.45316122105366,2545.316122105366
exhaustive_mps_20261007_204350,fitstable,fitstable_io,varlen_100000::scan_count,varlen_100000 [scan_count],scan_count,specialized,fitsio,fitsio,specialized,OK,,True,off,NRC-054711,0.0002832086756825447,197.96875,,353096527.7069844,rows/s,3.0596923828125,100000,"{'schema': 'varlen', 'nrows': 100000, 'ncols': 3, 'variable': True, 'compressed': False, 'profile': 'varlen'}",False,2,7.420341133696103,642.0341133696103
exhaustive_mps_20261007_204350,fitstable,fitstable_io,typed_10000::read_full,typed_10000 [read_full],read_full,smart,torchfits,torchfits,smart,OK,,True,off,NRC-054711,0.0026358747854828835,191.421875,,3793806.9194618566,rows/s,0.24444580078125,10000,"{'schema': 'typed', 'nrows': 10000, 'ncols': 4, 'variable': False, 'compressed': False, 'profile': 'typed'}",True,1,1.0,0.0
exhaustive_mps_20261007_204350,fitstable,fitstable_io,typed_10000::read_full,typed_10000 [read_full],read_full,smart,astropy,astropy_torch,smart,OK,,True,off,NRC-054711,0.033137209713459015,188.671875,,301775.5594532873,rows/s,0.24444580078125,10000,"{'schema': 'typed', 'nrows': 10000, 'ncols': 4, 'variable': False, 'compressed': False, 'profile': 'typed'}",False,3,12.571617550257946,1157.1617550257945
exhaustive_mps_20261007_204350,fitstable,fitstable_io,typed_10000::read_full,typed_10000 [read_full],read_full,smart,fitsio,fitsio_torch,smart,OK,,True,off,NRC-054711,0.02535212505608797,188.671875,,394444.2518280587,rows/s,0.24444580078125,10000,"{'schema': 'typed', 'nrows': 10000, 'ncols': 4, 'variable': False, 'compressed': False, 'profile': 'typed'}",False,2,9.618106746084885,861.8106746084885
exhaustive_mps_20261007_204350,fitstable,fitstable_io,typed_10000::read_full,typed_10000 [read_full],read_full,specialized,torchfits,torchfits_specialized,specialized,OK,,True,off,NRC-054711,0.003521542064845562,186.359375,,2839665.0716817584,rows/s,0.24444580078125,10000,"{'schema': 'typed', 'nrows': 10000, 'ncols': 4, 'variable': False, 'compressed': False, 'profile': 'typed'}",True,1,1.0,0.0
exhaustive_mps_20261007_204350,fitstable,fitstable_io,typed_10000::read_full,typed_10000 [read_full],read_full,specialized,astropy,astropy,specialized,OK,,True,off,NRC-054711,0.019339583814144135,186.359375,,517074.2088403388,rows/s,0.24444580078125,10000,"{'schema': 'typed', 'nrows': 10000, 'ncols': 4, 'variable': False, 'compressed': False, 'profile': 'typed'}",False,3,5.491794065788698,449.17940657886976
exhaustive_mps_20261007_204350,fitstable,fitstable_io,typed_10000::read_full,typed_10000 [read_full],read_full,specialized,fitsio,fitsio,specialized,OK,,True,off,NRC-054711,0.006351042538881302,186.359375,,1574544.6418882655,rows/s,0.24444580078125,10000,"{'schema': 'typed', 'nrows': 10000, 'ncols': 4, 'variable': False, 'compressed': False, 'profile': 'typed'}",False,2,1.8034833666426269,80.34833666426269
exhaustive_mps_20261007_204350,fitstable,fitstable_io,typed_10000::projection,typed_10000 [projection],projection,smart,torchfits,torchfits,smart,OK,,True,off,NRC-054711,0.0016875006258487701,185.625,,5925923.728158769,rows/s,0.24444580078125,10000,"{'schema': 'typed', 'nrows': 10000, 'ncols': 4, 'variable': False, 'compressed': False, 'profile': 'typed'}",True,1,1.0,0.0
exhaustive_mps_20261007_204350,fitstable,fitstable_io,typed_10000::projection,typed_10000 [projection],projection,smart,astropy,astropy_torch,smart,OK,,True,off,NRC-054711,0.033050499856472015,185.328125,,302567.2847136011,rows/s,0.24444580078125,10000,"{'schema': 'typed', 'nrows': 10000, 'ncols': 4, 'variable': False, 'compressed': False, 'profile': 'typed'}",False,3,19.585474132697552,1858.5474132697552
exhaustive_mps_20261007_204350,fitstable,fitstable_io,typed_10000::projection,typed_10000 [projection],projection,smart,fitsio,fitsio_torch,smart,OK,,True,off,NRC-054711,0.020902125164866447,180.125,,478420.25254009117,rows/s,0.24444580078125,10000,"{'schema': 'typed', 'nrows': 10000, 'ncols': 4, 'variable': False, 'compressed': False, 'profile': 'typed'}",False,2,12.38643994834266,1138.643994834266
exhaustive_mps_20261007_204350,fitstable,fitstable_io,typed_10000::projection,typed_10000 [projection],projection,specialized,torchfits,torchfits_specialized,specialized,OK,,True,off,NRC-054711,0.001688208431005478,177.421875,,5923439.201191593,rows/s,0.24444580078125,10000,"{'schema': 'typed', 'nrows': 10000, 'ncols': 4, 'variable': False, 'compressed': False, 'profile': 'typed'}",True,1,1.0,0.0
exhaustive_mps_20261007_204350,fitstable,fitstable_io,typed_10000::projection,typed_10000 [projection],projection,specialized,astropy,astropy,specialized,OK,,True,off,NRC-054711,0.015969082713127136,177.796875,,626210.0447247139,rows/s,0.24444580078125,10000,"{'schema': 'typed', 'nrows': 10000, 'ncols': 4, 'variable': False, 'compressed': False, 'profile': 'typed'}",False,3,9.459189055000827,845.9189055000827
exhaustive_mps_20261007_204350,fitstable,fitstable_io,typed_10000::projection,typed_10000 [projection],projection,specialized,fitsio,fitsio,specialized,OK,,True,off,NRC-054711,0.005746415816247463,177.765625,,1740215.1740787567,rows/s,0.24444580078125,10000,"{'schema': 'typed', 'nrows': 10000, 'ncols': 4, 'variable': False, 'compressed': False, 'profile': 'typed'}",False,2,3.4038544712307606,240.38544712307606
exhaustive_mps_20261007_204350,fitstable,fitstable_io,typed_10000::row_slice,typed_10000 [row_slice],row_slice,smart,torchfits,torchfits,smart,OK,,True,off,NRC-054711,0.0005939174443483353,177.828125,,16837356.9342997,rows/s,0.24444580078125,10000,"{'schema': 'typed', 'nrows': 10000, 'ncols': 4, 'variable': False, 'compressed': False, 'profile': 'typed'}",True,1,1.0,0.0
exhaustive_mps_20261007_204350,fitstable,fitstable_io,typed_10000::row_slice,typed_10000 [row_slice],row_slice,smart,astropy,astropy_torch,smart,OK,,True,off,NRC-054711,0.009892291389405727,177.921875,,1010888.1356557718,rows/s,0.24444580078125,10000,"{'schema': 'typed', 'nrows': 10000, 'ncols': 4, 'variable': False, 'compressed': False, 'profile': 'typed'}",False,3,16.656004102152377,1565.6004102152376
exhaustive_mps_20261007_204350,fitstable,fitstable_io,typed_10000::row_slice,typed_10000 [row_slice],row_slice,smart,fitsio,fitsio_torch,smart,OK,,True,off,NRC-054711,0.00294637493789196,177.859375,,3394001.1745941234,rows/s,0.24444580078125,10000,"{'schema': 'typed', 'nrows': 10000, 'ncols': 4, 'variable': False, 'compressed': False, 'profile': 'typed'}",False,2,4.9609166491562044,396.09166491562047
exhaustive_mps_20261007_204350,fitstable,fitstable_io,typed_10000::row_slice,typed_10000 [row_slice],row_slice,specialized,torchfits,torchfits_specialized,specialized,OK,,True,off,NRC-054711,0.0003314577043056488,177.90625,,30169761.843214385,rows/s,0.24444580078125,10000,"{'schema': 'typed', 'nrows': 10000, 'ncols': 4, 'variable': False, 'compressed': False, 'profile': 'typed'}",True,1,1.0,0.0
exhaustive_mps_20261007_204350,fitstable,fitstable_io,typed_10000::row_slice,typed_10000 [row_slice],row_slice,specialized,astropy,astropy,specialized,OK,,True,off,NRC-054711,0.006691666319966316,177.9375,,1494396.0923697609,rows/s,0.24444580078125,10000,"{'schema': 'typed', 'nrows': 10000, 'ncols': 4, 'variable': False, 'compressed': False, 'profile': 'typed'}",False,3,20.18859792076426,1918.859792076426
exhaustive_mps_20261007_204350,fitstable,fitstable_io,typed_10000::row_slice,typed_10000 [row_slice],row_slice,specialized,fitsio,fitsio,specialized,OK,,True,off,NRC-054711,0.0013208743184804916,177.90625,,7570742.999609386,rows/s,0.24444580078125,10000,"{'schema': 'typed', 'nrows': 10000, 'ncols': 4, 'variable': False, 'compressed': False, 'profile': 'typed'}",False,2,3.9850463613374543,298.5046361337454
exhaustive_mps_20261007_204350,fitstable,fitstable_io,typed_10000::predicate_filter,typed_10000 [predicate_filter],predicate_filter,smart,torchfits,torchfits,smart,OK,,True,off,NRC-054711,0.001062292605638504,177.953125,,9413602.19107369,rows/s,0.24444580078125,10000,"{'schema': 'typed', 'nrows': 10000, 'ncols': 4, 'variable': False, 'compressed': False, 'profile': 'typed'}",True,1,1.0,0.0
exhaustive_mps_20261007_204350,fitstable,fitstable_io,typed_10000::predicate_filter,typed_10000 [predicate_filter],predicate_filter,smart,astropy,astropy_torch,smart,FAILED,,False,off,NRC-054711,,,,,rows/s,0.24444580078125,10000,"{'schema': 'typed', 'nrows': 10000, 'ncols': 4, 'variable': False, 'compressed': False, 'profile': 'typed'}",False,,,
exhaustive_mps_20261007_204350,fitstable,fitstable_io,typed_10000::predicate_filter,typed_10000 [predicate_filter],predicate_filter,smart,fitsio,fitsio_torch,smart,OK,,True,off,NRC-054711,0.00125783309340477,177.921875,,7950180.395501811,rows/s,0.24444580078125,10000,"{'schema': 'typed', 'nrows': 10000, 'ncols': 4, 'variable': False, 'compressed': False, 'profile': 'typed'}",False,2,1.1840740364080138,18.407403640801377
exhaustive_mps_20261007_204350,fitstable,fitstable_io,typed_10000::predicate_filter,typed_10000 [predicate_filter],predicate_filter,specialized,torchfits,torchfits_specialized,specialized,OK,,True,off,NRC-054711,0.0009071668609976768,177.921875,,11023330.359535266,rows/s,0.24444580078125,10000,"{'schema': 'typed', 'nrows': 10000, 'ncols': 4, 'variable': False, 'compressed': False, 'profile': 'typed'}",True,1,1.0,0.0
exhaustive_mps_20261007_204350,fitstable,fitstable_io,typed_10000::predicate_filter,typed_10000 [predicate_filter],predicate_filter,specialized,astropy,astropy,specialized,OK,,True,off,NRC-054711,0.004978833720088005,177.921875,,2008502.505245996,rows/s,0.24444580078125,10000,"{'schema': 'typed', 'nrows': 10000, 'ncols': 4, 'variable': False, 'compressed': False, 'profile': 'typed'}",False,3,5.488332890172401,448.83328901724013
exhaustive_mps_20261007_204350,fitstable,fitstable_io,typed_10000::predicate_filter,typed_10000 [predicate_filter],predicate_filter,specialized,fitsio,fitsio,specialized,OK,,True,off,NRC-054711,0.0013082083314657211,177.921875,,7644042.435348173,rows/s,0.24444580078125,10000,"{'schema': 'typed', 'nrows': 10000, 'ncols': 4, 'variable': False, 'compressed': False, 'profile': 'typed'}",False,2,1.442081261684306,44.208126168430596
exhaustive_mps_20261007_204350,fitstable,fitstable_io,typed_10000::predicate_filter_selective,typed_10000 [predicate_filter_selective],predicate_filter_selective,smart,torchfits,torchfits,smart,OK,,True,off,NRC-054711,0.0009160423651337624,175.375,,10916525.67677891,rows/s,0.24444580078125,10000,"{'schema': 'typed', 'nrows': 10000, 'ncols': 4, 'variable': False, 'compressed': False, 'profile': 'typed'}",True,1,1.0,0.0
exhaustive_mps_20261007_204350,fitstable,fitstable_io,typed_10000::predicate_filter_selective,typed_10000 [predicate_filter_selective],predicate_filter_selective,smart,astropy,astropy_torch,smart,FAILED,,False,off,NRC-054711,,,,,rows/s,0.24444580078125,10000,"{'schema': 'typed', 'nrows': 10000, 'ncols': 4, 'variable': False, 'compressed': False, 'profile': 'typed'}",False,,,
exhaustive_mps_20261007_204350,fitstable,fitstable_io,typed_10000::predicate_filter_selective,typed_10000 [predicate_filter_selective],predicate_filter_selective,smart,fitsio,fitsio_torch,smart,OK,,True,off,NRC-054711,0.0012158751487731934,175.359375,,8224528.6533653615,rows/s,0.24444580078125,10000,"{'schema': 'typed', 'nrows': 10000, 'ncols': 4, 'variable': False, 'compressed': False, 'profile': 'typed'}",False,2,1.3273132281339945,32.73132281339946
exhaustive_mps_20261007_204350,fitstable,fitstable_io,typed_10000::predicate_filter_selective,typed_10000 [predicate_filter_selective],predicate_filter_selective,specialized,torchfits,torchfits_specialized,specialized,OK,,True,off,NRC-054711,0.0009420830756425858,174.84375,,10614775.128169134,rows/s,0.24444580078125,10000,"{'schema': 'typed', 'nrows': 10000, 'ncols': 4, 'variable': False, 'compressed': False, 'profile': 'typed'}",True,1,1.0,0.0
exhaustive_mps_20261007_204350,fitstable,fitstable_io,typed_10000::predicate_filter_selective,typed_10000 [predicate_filter_selective],predicate_filter_selective,specialized,astropy,astropy,specialized,OK,,True,off,NRC-054711,0.004077166318893433,174.84375,,2452683.853896365,rows/s,0.24444580078125,10000,"{'schema': 'typed', 'nrows': 10000, 'ncols': 4, 'variable': False, 'compressed': False, 'profile': 'typed'}",False,3,4.3278203635198915,332.7820363519892
exhaustive_mps_20261007_204350,fitstable,fitstable_io,typed_10000::predicate_filter_selective,typed_10000 [predicate_filter_selective],predicate_filter_selective,specialized,fitsio,fitsio,specialized,OK,,True,off,NRC-054711,0.0010174177587032318,174.84375,,9828804.25907415,rows/s,0.24444580078125,10000,"{'schema': 'typed', 'nrows': 10000, 'ncols': 4, 'variable': False, 'compressed': False, 'profile': 'typed'}",False,2,1.0799660720040651,7.996607200406514
exhaustive_mps_20261007_204350,fitstable,fitstable_io,typed_10000::scan_count,typed_10000 [scan_count],scan_count,smart,torchfits,torchfits,smart,OK,,True,off,NRC-054711,4.779081791639328e-05,174.84375,,209245215.6289584,rows/s,0.24444580078125,10000,"{'schema': 'typed', 'nrows': 10000, 'ncols': 4, 'variable': False, 'compressed': False, 'profile': 'typed'}",True,1,1.0,0.0
exhaustive_mps_20261007_204350,fitstable,fitstable_io,typed_10000::scan_count,typed_10000 [scan_count],scan_count,smart,astropy,astropy_torch,smart,OK,,True,off,NRC-054711,0.0015730001032352448,174.84375,,6357278.6673266245,rows/s,0.24444580078125,10000,"{'schema': 'typed', 'nrows': 10000, 'ncols': 4, 'variable': False, 'compressed': False, 'profile': 'typed'}",False,3,32.91427457858326,3191.427457858326
exhaustive_mps_20261007_204350,fitstable,fitstable_io,typed_10000::scan_count,typed_10000 [scan_count],scan_count,smart,fitsio,fitsio_torch,smart,OK,,True,off,NRC-054711,0.00041687488555908203,174.84375,,23988012.582213327,rows/s,0.24444580078125,10000,"{'schema': 'typed', 'nrows': 10000, 'ncols': 4, 'variable': False, 'compressed': False, 'profile': 'typed'}",False,2,8.722907531910748,772.2907531910747
exhaustive_mps_20261007_204350,fitstable,fitstable_io,typed_10000::scan_count,typed_10000 [scan_count],scan_count,specialized,torchfits,torchfits_specialized,specialized,OK,,True,off,NRC-054711,2.637505531311035e-05,174.84375,,379146124.29378533,rows/s,0.24444580078125,10000,"{'schema': 'typed', 'nrows': 10000, 'ncols': 4, 'variable': False, 'compressed': False, 'profile': 'typed'}",True,1,1.0,0.0
exhaustive_mps_20261007_204350,fitstable,fitstable_io,typed_10000::scan_count,typed_10000 [scan_count],scan_count,specialized,astropy,astropy,specialized,OK,,True,off,NRC-054711,0.0011070836335420609,174.84375,,9032741.246481515,rows/s,0.24444580078125,10000,"{'schema': 'typed', 'nrows': 10000, 'ncols': 4, 'variable': False, 'compressed': False, 'profile': 'typed'}",False,3,41.974646892655365,4097.464689265536
exhaustive_mps_20261007_204350,fitstable,fitstable_io,typed_10000::scan_count,typed_10000 [scan_count],scan_count,specialized,fitsio,fitsio,specialized,OK,,True,off,NRC-054711,0.00023020803928375244,174.84375,,43438969.51258981,rows/s,0.24444580078125,10000,"{'schema': 'typed', 'nrows': 10000, 'ncols': 4, 'variable': False, 'compressed': False, 'profile': 'typed'}",False,2,8.728248587570622,772.8248587570622
exhaustive_mps_20261007_204350,fitstable,fitstable_io,typed_100000::read_full,typed_100000 [read_full],read_full,smart,torchfits,torchfits,smart,OK,,True,off,NRC-054711,0.019955666735768318,245.578125,,5011107.9386168085,rows/s,2.39227294921875,100000,"{'schema': 'typed', 'nrows': 100000, 'ncols': 4, 'variable': False, 'compressed': False, 'profile': 'typed'}",True,1,1.0,0.0
exhaustive_mps_20261007_204350,fitstable,fitstable_io,typed_100000::read_full,typed_100000 [read_full],read_full,smart,astropy,astropy_torch,smart,OK,,True,off,NRC-054711,0.2746853334829211,231.921875,,364052.9282435009,rows/s,2.39227294921875,100000,"{'schema': 'typed', 'nrows': 100000, 'ncols': 4, 'variable': False, 'compressed': False, 'profile': 'typed'}",False,3,13.764778552378715,1276.4778552378716
exhaustive_mps_20261007_204350,fitstable,fitstable_io,typed_100000::read_full,typed_100000 [read_full],read_full,smart,fitsio,fitsio_torch,smart,OK,,True,off,NRC-054711,0.19867724925279617,221.703125,,503328.8933488322,rows/s,2.39227294921875,100000,"{'schema': 'typed', 'nrows': 100000, 'ncols': 4, 'variable': False, 'compressed': False, 'profile': 'typed'}",False,2,9.955931409532374,895.5931409532374
exhaustive_mps_20261007_204350,fitstable,fitstable_io,typed_100000::read_full,typed_100000 [read_full],read_full,specialized,torchfits,torchfits_specialized,specialized,OK,,True,off,NRC-054711,0.02940483298152685,221.125,,3400801.496231028,rows/s,2.39227294921875,100000,"{'schema': 'typed', 'nrows': 100000, 'ncols': 4, 'variable': False, 'compressed': False, 'profile': 'typed'}",True,1,1.0,0.0
exhaustive_mps_20261007_204350,fitstable,fitstable_io,typed_100000::read_full,typed_100000 [read_full],read_full,specialized,astropy,astropy,specialized,OK,,True,off,NRC-054711,0.10482037533074617,205.484375,,954012.9930317827,rows/s,2.39227294921875,100000,"{'schema': 'typed', 'nrows': 100000, 'ncols': 4, 'variable': False, 'compressed': False, 'profile': 'typed'}",False,3,3.5647328926029953,256.4732892602995
exhaustive_mps_20261007_204350,fitstable,fitstable_io,typed_100000::read_full,typed_100000 [read_full],read_full,specialized,fitsio,fitsio,specialized,OK,,True,off,NRC-054711,0.06949845794588327,218.265625,,1438880.8465055083,rows/s,2.39227294921875,100000,"{'schema': 'typed', 'nrows': 100000, 'ncols': 4, 'variable': False, 'compressed': False, 'profile': 'typed'}",False,2,2.3635045976810902,136.35045976810903
exhaustive_mps_20261007_204350,fitstable,fitstable_io,typed_100000::projection,typed_100000 [projection],projection,smart,torchfits,torchfits,smart,OK,,True,off,NRC-054711,0.014873916283249855,182.71875,,6723178.892207039,rows/s,2.39227294921875,100000,"{'schema': 'typed', 'nrows': 100000, 'ncols': 4, 'variable': False, 'compressed': False, 'profile': 'typed'}",True,1,1.0,0.0
exhaustive_mps_20261007_204350,fitstable,fitstable_io,typed_100000::projection,typed_100000 [projection],projection,smart,astropy,astropy_torch,smart,OK,,True,off,NRC-054711,0.2538217082619667,196.734375,,393977.3342664255,rows/s,2.39227294921875,100000,"{'schema': 'typed', 'nrows': 100000, 'ncols': 4, 'variable': False, 'compressed': False, 'profile': 'typed'}",False,3,17.064887513707877,1606.4887513707877
exhaustive_mps_20261007_204350,fitstable,fitstable_io,typed_100000::projection,typed_100000 [projection],projection,smart,fitsio,fitsio_torch,smart,OK,,True,off,NRC-054711,0.21568404138088226,202.21875,,463641.1639904656,rows/s,2.39227294921875,100000,"{'schema': 'typed', 'nrows': 100000, 'ncols': 4, 'variable': False, 'compressed': False, 'profile': 'typed'}",False,2,14.500823943978572,1350.0823943978571
exhaustive_mps_20261007_204350,fitstable,fitstable_io,typed_100000::projection,typed_100000 [projection],projection,specialized,torchfits,torchfits_specialized,specialized,OK,,True,off,NRC-054711,0.01677041593939066,240.890625,,5962881.323957993,rows/s,2.39227294921875,100000,"{'schema': 'typed', 'nrows': 100000, 'ncols': 4, 'variable': False, 'compressed': False, 'profile': 'typed'}",True,1,1.0,0.0
exhaustive_mps_20261007_204350,fitstable,fitstable_io,typed_100000::projection,typed_100000 [projection],projection,specialized,astropy,astropy,specialized,OK,,True,off,NRC-054711,0.16646258439868689,246.03125,,600735.5968984273,rows/s,2.39227294921875,100000,"{'schema': 'typed', 'nrows': 100000, 'ncols': 4, 'variable': False, 'compressed': False, 'profile': 'typed'}",False,3,9.925966356487113,892.5966356487113
exhaustive_mps_20261007_204350,fitstable,fitstable_io,typed_100000::projection,typed_100000 [projection],projection,specialized,fitsio,fitsio,specialized,OK,,True,off,NRC-054711,0.04745075013488531,246.265625,,2107448.2429832234,rows/s,2.39227294921875,100000,"{'schema': 'typed', 'nrows': 100000, 'ncols': 4, 'variable': False, 'compressed': False, 'profile': 'typed'}",False,2,2.829431917871048,182.9431917871048
exhaustive_mps_20261007_204350,fitstable,fitstable_io,typed_100000::row_slice,typed_100000 [row_slice],row_slice,smart,torchfits,torchfits,smart,OK,,True,off,NRC-054711,0.004218791611492634,194.46875,,23703469.905359797,rows/s,2.39227294921875,100000,"{'schema': 'typed', 'nrows': 100000, 'ncols': 4, 'variable': False, 'compressed': False, 'profile': 'typed'}",True,1,1.0,0.0
exhaustive_mps_20261007_204350,fitstable,fitstable_io,typed_100000::row_slice,typed_100000 [row_slice],row_slice,smart,astropy,astropy_torch,smart,OK,,True,off,NRC-054711,0.03823433257639408,194.765625,,2615450.3887362247,rows/s,2.39227294921875,100000,"{'schema': 'typed', 'nrows': 100000, 'ncols': 4, 'variable': False, 'compressed': False, 'profile': 'typed'}",False,3,9.062863515760748,806.2863515760748
exhaustive_mps_20261007_204350,fitstable,fitstable_io,typed_100000::row_slice,typed_100000 [row_slice],row_slice,smart,fitsio,fitsio_torch,smart,OK,,True,off,NRC-054711,0.030321583151817322,195.125,,3297980.8309912244,rows/s,2.39227294921875,100000,"{'schema': 'typed', 'nrows': 100000, 'ncols': 4, 'variable': False, 'compressed': False, 'profile': 'typed'}",False,2,7.187267337219665,618.7267337219665
exhaustive_mps_20261007_204350,fitstable,fitstable_io,typed_100000::row_slice,typed_100000 [row_slice],row_slice,specialized,torchfits,torchfits_specialized,specialized,OK,,True,off,NRC-054711,0.0019381670281291008,191.796875,,51595140.43355144,rows/s,2.39227294921875,100000,"{'schema': 'typed', 'nrows': 100000, 'ncols': 4, 'variable': False, 'compressed': False, 'profile': 'typed'}",True,1,1.0,0.0
exhaustive_mps_20261007_204350,fitstable,fitstable_io,typed_100000::row_slice,typed_100000 [row_slice],row_slice,specialized,astropy,astropy,specialized,OK,,True,off,NRC-054711,0.01607054192572832,192.25,,6222565.515348542,rows/s,2.39227294921875,100000,"{'schema': 'typed', 'nrows': 100000, 'ncols': 4, 'variable': False, 'compressed': False, 'profile': 'typed'}",False,3,8.29161867501229,729.1618675012289
exhaustive_mps_20261007_204350,fitstable,fitstable_io,typed_100000::row_slice,typed_100000 [row_slice],row_slice,specialized,fitsio,fitsio,specialized,OK,,True,off,NRC-054711,0.007727665826678276,192.21875,,12940518.164588494,rows/s,2.39227294921875,100000,"{'schema': 'typed', 'nrows': 100000, 'ncols': 4, 'variable': False, 'compressed': False, 'profile': 'typed'}",False,2,3.9871000355102204,298.71000355102206
exhaustive_mps_20261007_204350,fitstable,fitstable_io,typed_100000::predicate_filter,typed_100000 [predicate_filter],predicate_filter,smart,torchfits,torchfits,smart,OK,,True,off,NRC-054711,0.008349750190973282,188.90625,,11976406.205314698,rows/s,2.39227294921875,100000,"{'schema': 'typed', 'nrows': 100000, 'ncols': 4, 'variable': False, 'compressed': False, 'profile': 'typed'}",False,2,1.5549847406253188,55.498474062531876
exhaustive_mps_20261007_204350,fitstable,fitstable_io,typed_100000::predicate_filter,typed_100000 [predicate_filter],predicate_filter,smart,astropy,astropy_torch,smart,FAILED,,False,off,NRC-054711,,,,,rows/s,2.39227294921875,100000,"{'schema': 'typed', 'nrows': 100000, 'ncols': 4, 'variable': False, 'compressed': False, 'profile': 'typed'}",False,,,
exhaustive_mps_20261007_204350,fitstable,fitstable_io,typed_100000::predicate_filter,typed_100000 [predicate_filter],predicate_filter,smart,fitsio,fitsio_torch,smart,OK,,True,off,NRC-054711,0.005369666963815689,184.296875,,18623128.896794733,rows/s,2.39227294921875,100000,"{'schema': 'typed', 'nrows': 100000, 'ncols': 4, 'variable': False, 'compressed': False, 'profile': 'typed'}",True,1,1.0,0.0
exhaustive_mps_20261007_204350,fitstable,fitstable_io,typed_100000::predicate_filter,typed_100000 [predicate_filter],predicate_filter,specialized,torchfits,torchfits_specialized,specialized,OK,,True,off,NRC-054711,0.00931958295404911,185.109375,,10730093.877918933,rows/s,2.39227294921875,100000,"{'schema': 'typed', 'nrows': 100000, 'ncols': 4, 'variable': False, 'compressed': False, 'profile': 'typed'}",False,3,1.4063490448409268,40.63490448409268
exhaustive_mps_20261007_204350,fitstable,fitstable_io,typed_100000::predicate_filter,typed_100000 [predicate_filter],predicate_filter,specialized,astropy,astropy,specialized,OK,,True,off,NRC-054711,0.006626792252063751,185.09375,,15090257.276264766,rows/s,2.39227294921875,100000,"{'schema': 'typed', 'nrows': 100000, 'ncols': 4, 'variable': False, 'compressed': False, 'profile': 'typed'}",True,1,1.0,0.0
exhaustive_mps_20261007_204350,fitstable,fitstable_io,typed_100000::predicate_filter,typed_100000 [predicate_filter],predicate_filter,specialized,fitsio,fitsio,specialized,OK,,True,off,NRC-054711,0.006978457793593407,185.09375,,14329813.686314085,rows/s,2.39227294921875,100000,"{'schema': 'typed', 'nrows': 100000, 'ncols': 4, 'variable': False, 'compressed': False, 'profile': 'typed'}",False,2,1.0530672349687946,5.306723496879462
exhaustive_mps_20261007_204350,fitstable,fitstable_io,typed_100000::predicate_filter_selective,typed_100000 [predicate_filter_selective],predicate_filter_selective,smart,torchfits,torchfits,smart,OK,,True,off,NRC-054711,0.006537541747093201,185.09375,,15296269.434067199,rows/s,2.39227294921875,100000,"{'schema': 'typed', 'nrows': 100000, 'ncols': 4, 'variable': False, 'compressed': False, 'profile': 'typed'}",True,1,1.0,0.0
exhaustive_mps_20261007_204350,fitstable,fitstable_io,typed_100000::predicate_filter_selective,typed_100000 [predicate_filter_selective],predicate_filter_selective,smart,astropy,astropy_torch,smart,FAILED,,False,off,NRC-054711,,,,,rows/s,2.39227294921875,100000,"{'schema': 'typed', 'nrows': 100000, 'ncols': 4, 'variable': False, 'compressed': False, 'profile': 'typed'}",False,,,
exhaustive_mps_20261007_204350,fitstable,fitstable_io,typed_100000::predicate_filter_selective,typed_100000 [predicate_filter_selective],predicate_filter_selective,smart,fitsio,fitsio_torch,smart,OK,,True,off,NRC-054711,0.0070524998009204865,184.578125,,14179369.41833704,rows/s,2.39227294921875,100000,"{'schema': 'typed', 'nrows': 100000, 'ncols': 4, 'variable': False, 'compressed': False, 'profile': 'typed'}",False,2,1.0787693713858504,7.876937138585038
exhaustive_mps_20261007_204350,fitstable,fitstable_io,typed_100000::predicate_filter_selective,typed_100000 [predicate_filter_selective],predicate_filter_selective,specialized,torchfits,torchfits_specialized,specialized,OK,,True,off,NRC-054711,0.009027916938066483,187.375,,11076752.332351109,rows/s,2.39227294921875,100000,"{'schema': 'typed', 'nrows': 100000, 'ncols': 4, 'variable': False, 'compressed': False, 'profile': 'typed'}",False,3,1.4311002505917858,43.11002505917858
exhaustive_mps_20261007_204350,fitstable,fitstable_io,typed_100000::predicate_filter_selective,typed_100000 [predicate_filter_selective],predicate_filter_selective,specialized,astropy,astropy,specialized,OK,,True,off,NRC-054711,0.008077334612607956,187.375,,12380321.578347076,rows/s,2.39227294921875,100000,"{'schema': 'typed', 'nrows': 100000, 'ncols': 4, 'variable': False, 'compressed': False, 'profile': 'typed'}",False,2,1.2804144818253782,28.04144818253782
exhaustive_mps_20261007_204350,fitstable,fitstable_io,typed_100000::predicate_filter_selective,typed_100000 [predicate_filter_selective],predicate_filter_selective,specialized,fitsio,fitsio,specialized,OK,,True,off,NRC-054711,0.006308374926447868,187.375,,15851943.038570821,rows/s,2.39227294921875,100000,"{'schema': 'typed', 'nrows': 100000, 'ncols': 4, 'variable': False, 'compressed': False, 'profile': 'typed'}",True,1,1.0,0.0
exhaustive_mps_20261007_204350,fitstable,fitstable_io,typed_100000::scan_count,typed_100000 [scan_count],scan_count,smart,torchfits,torchfits,smart,OK,,True,off,NRC-054711,3.7167221307754517e-05,187.40625,,2690542808.459457,rows/s,2.39227294921875,100000,"{'schema': 'typed', 'nrows': 100000, 'ncols': 4, 'variable': False, 'compressed': False, 'profile': 'typed'}",True,1,1.0,0.0
exhaustive_mps_20261007_204350,fitstable,fitstable_io,typed_100000::scan_count,typed_100000 [scan_count],scan_count,smart,astropy,astropy_torch,smart,OK,,True,off,NRC-054711,0.0016459999606013298,187.234375,,60753342.887971394,rows/s,2.39227294921875,100000,"{'schema': 'typed', 'nrows': 100000, 'ncols': 4, 'variable': False, 'compressed': False, 'profile': 'typed'}",False,3,44.28633356720457,4328.633356720457
exhaustive_mps_20261007_204350,fitstable,fitstable_io,typed_100000::scan_count,typed_100000 [scan_count],scan_count,smart,fitsio,fitsio_torch,smart,OK,,True,off,NRC-054711,0.00033895857632160187,185.25,,295021300.4940185,rows/s,2.39227294921875,100000,"{'schema': 'typed', 'nrows': 100000, 'ncols': 4, 'variable': False, 'compressed': False, 'profile': 'typed'}",False,2,9.119825598877418,811.9825598877418
exhaustive_mps_20261007_204350,fitstable,fitstable_io,typed_100000::scan_count,typed_100000 [scan_count],scan_count,specialized,torchfits,torchfits_specialized,specialized,OK,,True,off,NRC-054711,2.2125430405139923e-05,185.140625,,4519686088.310814,rows/s,2.39227294921875,100000,"{'schema': 'typed', 'nrows': 100000, 'ncols': 4, 'variable': False, 'compressed': False, 'profile': 'typed'}",True,1,1.0,0.0
exhaustive_mps_20261007_204350,fitstable,fitstable_io,typed_100000::scan_count,typed_100000 [scan_count],scan_count,specialized,astropy,astropy,specialized,OK,,True,off,NRC-054711,0.0010319994762539864,185.109375,,96899273.98314774,rows/s,2.39227294921875,100000,"{'schema': 'typed', 'nrows': 100000, 'ncols': 4, 'variable': False, 'compressed': False, 'profile': 'typed'}",False,3,46.64313675969188,4564.313675969188
exhaustive_mps_20261007_204350,fitstable,fitstable_io,typed_100000::scan_count,typed_100000 [scan_count],scan_count,specialized,fitsio,fitsio,specialized,OK,,True,off,NRC-054711,0.0002615414559841156,185.109375,,382348563.5335508,rows/s,2.39227294921875,100000,"{'schema': 'typed', 'nrows': 100000, 'ncols': 4, 'variable': False, 'compressed': False, 'profile': 'typed'}",False,2,11.820852801279623,1082.0852801279623
exhaustive_mps_20261007_204350,fitstable,fitstable_io,ascii_1000::read_full,ascii_1000 [read_full],read_full,smart,torchfits,torchfits,smart,OK,,True,off,NRC-054711,0.0006719166412949562,185.75,,1488279.8527995122,rows/s,0.0494384765625,1000,"{'schema': 'ascii', 'nrows': 1000, 'ncols': 3, 'variable': False, 'compressed': False, 'profile': 'ascii'}",True,1,1.0,0.0
exhaustive_mps_20261007_204350,fitstable,fitstable_io,ascii_1000::read_full,ascii_1000 [read_full],read_full,smart,astropy,astropy_torch,smart,OK,,True,off,NRC-054711,0.009221624583005905,183.96875,,108440.76236229055,rows/s,0.0494384765625,1000,"{'schema': 'ascii', 'nrows': 1000, 'ncols': 3, 'variable': False, 'compressed': False, 'profile': 'ascii'}",False,3,13.724358076968391,1272.4358076968392
exhaustive_mps_20261007_204350,fitstable,fitstable_io,ascii_1000::read_full,ascii_1000 [read_full],read_full,smart,fitsio,fitsio_torch,smart,OK,,True,off,NRC-054711,0.0028807083144783974,183.96875,,347136.84650890017,rows/s,0.0494384765625,1000,"{'schema': 'ascii', 'nrows': 1000, 'ncols': 3, 'variable': False, 'compressed': False, 'profile': 'ascii'}",False,2,4.28730014623024,328.730014623024
exhaustive_mps_20261007_204350,fitstable,fitstable_io,ascii_1000::read_full,ascii_1000 [read_full],read_full,specialized,torchfits,torchfits_specialized,specialized,OK,,True,off,NRC-054711,0.0004371674731373787,176.09375,,2287452.890361202,rows/s,0.0494384765625,1000,"{'schema': 'ascii', 'nrows': 1000, 'ncols': 3, 'variable': False, 'compressed': False, 'profile': 'ascii'}",True,1,1.0,0.0
exhaustive_mps_20261007_204350,fitstable,fitstable_io,ascii_1000::read_full,ascii_1000 [read_full],read_full,specialized,astropy,astropy,specialized,OK,,True,off,NRC-054711,0.007548792287707329,176.109375,,132471.5215211881,rows/s,0.0494384765625,1000,"{'schema': 'ascii', 'nrows': 1000, 'ncols': 3, 'variable': False, 'compressed': False, 'profile': 'ascii'}",False,3,17.26750673725248,1626.750673725248
exhaustive_mps_20261007_204350,fitstable,fitstable_io,ascii_1000::read_full,ascii_1000 [read_full],read_full,specialized,fitsio,fitsio,specialized,OK,,True,off,NRC-054711,0.002068709582090378,176.109375,,483393.13002530095,rows/s,0.0494384765625,1000,"{'schema': 'ascii', 'nrows': 1000, 'ncols': 3, 'variable': False, 'compressed': False, 'profile': 'ascii'}",False,2,4.732075712870549,373.2075712870549
exhaustive_mps_20261007_204350,fitstable,fitstable_io,ascii_1000::projection,ascii_1000 [projection],projection,smart,torchfits,torchfits,smart,OK,,True,off,NRC-054711,0.0006207088008522987,176.3125,,1611061.4166045242,rows/s,0.0494384765625,1000,"{'schema': 'ascii', 'nrows': 1000, 'ncols': 3, 'variable': False, 'compressed': False, 'profile': 'ascii'}",True,1,1.0,0.0
exhaustive_mps_20261007_204350,fitstable,fitstable_io,ascii_1000::projection,ascii_1000 [projection],projection,smart,astropy,astropy_torch,smart,OK,,True,off,NRC-054711,0.009230416268110275,176.3125,,108337.47590071883,rows/s,0.0494384765625,1000,"{'schema': 'ascii', 'nrows': 1000, 'ncols': 3, 'variable': False, 'compressed': False, 'profile': 'ascii'}",False,3,14.870767508751188,1387.0767508751187
exhaustive_mps_20261007_204350,fitstable,fitstable_io,ascii_1000::projection,ascii_1000 [projection],projection,smart,fitsio,fitsio_torch,smart,OK,,True,off,NRC-054711,0.0032835835590958595,176.3125,,304545.31824838097,rows/s,0.0494384765625,1000,"{'schema': 'ascii', 'nrows': 1000, 'ncols': 3, 'variable': False, 'compressed': False, 'profile': 'ascii'}",False,2,5.290054780256301,429.0054780256301
exhaustive_mps_20261007_204350,fitstable,fitstable_io,ascii_1000::projection,ascii_1000 [projection],projection,specialized,torchfits,torchfits_specialized,specialized,OK,,True,off,NRC-054711,0.0004155002534389496,176.3125,,2406737.4008158874,rows/s,0.0494384765625,1000,"{'schema': 'ascii', 'nrows': 1000, 'ncols': 3, 'variable': False, 'compressed': False, 'profile': 'ascii'}",True,1,1.0,0.0
exhaustive_mps_20261007_204350,fitstable,fitstable_io,ascii_1000::projection,ascii_1000 [projection],projection,specialized,astropy,astropy,specialized,OK,,True,off,NRC-054711,0.007683290168642998,176.3125,,130152.57501027289,rows/s,0.0494384765625,1000,"{'schema': 'ascii', 'nrows': 1000, 'ncols': 3, 'variable': False, 'compressed': False, 'profile': 'ascii'}",False,3,18.49166181019411,1749.166181019411
exhaustive_mps_20261007_204350,fitstable,fitstable_io,ascii_1000::projection,ascii_1000 [projection],projection,specialized,fitsio,fitsio,specialized,OK,,True,off,NRC-054711,0.0011803749948740005,176.3125,,847188.397198083,rows/s,0.0494384765625,1000,"{'schema': 'ascii', 'nrows': 1000, 'ncols': 3, 'variable': False, 'compressed': False, 'profile': 'ascii'}",False,2,2.8408526471511184,184.08526471511183
exhaustive_mps_20261007_204350,fitstable,fitstable_io,ascii_1000::row_slice,ascii_1000 [row_slice],row_slice,smart,torchfits,torchfits,smart,OK,,True,off,NRC-054711,0.0005195410922169685,176.40625,,1924775.5663230277,rows/s,0.0494384765625,1000,"{'schema': 'ascii', 'nrows': 1000, 'ncols': 3, 'variable': False, 'compressed': False, 'profile': 'ascii'}",True,1,1.0,0.0
exhaustive_mps_20261007_204350,fitstable,fitstable_io,ascii_1000::row_slice,ascii_1000 [row_slice],row_slice,smart,astropy,astropy_torch,smart,OK,,True,off,NRC-054711,0.0074996668845415115,176.375,,133339.25564897066,rows/s,0.0494384765625,1000,"{'schema': 'ascii', 'nrows': 1000, 'ncols': 3, 'variable': False, 'compressed': False, 'profile': 'ascii'}",False,3,14.435175574927445,1343.5175574927446
exhaustive_mps_20261007_204350,fitstable,fitstable_io,ascii_1000::row_slice,ascii_1000 [row_slice],row_slice,smart,fitsio,fitsio_torch,smart,OK,,True,off,NRC-054711,0.0009792502969503403,176.375,,1021189.3763160247,rows/s,0.0494384765625,1000,"{'schema': 'ascii', 'nrows': 1000, 'ncols': 3, 'variable': False, 'compressed': False, 'profile': 'ascii'}",False,2,1.8848370448845844,88.48370448845844
exhaustive_mps_20261007_204350,fitstable,fitstable_io,ascii_1000::row_slice,ascii_1000 [row_slice],row_slice,specialized,torchfits,torchfits_specialized,specialized,OK,,True,off,NRC-054711,0.0002553751692175865,176.375,,3915807.488503211,rows/s,0.0494384765625,1000,"{'schema': 'ascii', 'nrows': 1000, 'ncols': 3, 'variable': False, 'compressed': False, 'profile': 'ascii'}",True,1,1.0,0.0
exhaustive_mps_20261007_204350,fitstable,fitstable_io,ascii_1000::row_slice,ascii_1000 [row_slice],row_slice,specialized,astropy,astropy,specialized,OK,,True,off,NRC-054711,0.0057972501963377,176.375,,172495.57395879354,rows/s,0.0494384765625,1000,"{'schema': 'ascii', 'nrows': 1000, 'ncols': 3, 'variable': False, 'compressed': False, 'profile': 'ascii'}",False,3,22.700915731545876,2170.0915731545874
exhaustive_mps_20261007_204350,fitstable,fitstable_io,ascii_1000::row_slice,ascii_1000 [row_slice],row_slice,specialized,fitsio,fitsio,specialized,OK,,True,off,NRC-054711,0.0007083751261234283,176.375,,1411681.414439951,rows/s,0.0494384765625,1000,"{'schema': 'ascii', 'nrows': 1000, 'ncols': 3, 'variable': False, 'compressed': False, 'profile': 'ascii'}",False,2,2.7738606235435275,177.38606235435276
exhaustive_mps_20261007_204350,fitstable,fitstable_io,ascii_1000::predicate_filter,ascii_1000 [predicate_filter],predicate_filter,smart,torchfits,torchfits,smart,OK,,True,off,NRC-054711,0.00046883244067430496,176.375,,2132958.2026400217,rows/s,0.0494384765625,1000,"{'schema': 'ascii', 'nrows': 1000, 'ncols': 3, 'variable': False, 'compressed': False, 'profile': 'ascii'}",True,1,1.0,0.0
exhaustive_mps_20261007_204350,fitstable,fitstable_io,ascii_1000::predicate_filter,ascii_1000 [predicate_filter],predicate_filter,smart,astropy,astropy_torch,smart,OK,,True,off,NRC-054711,0.0054192496463656425,175.21875,,184527.39129127192,rows/s,0.0494384765625,1000,"{'schema': 'ascii', 'nrows': 1000, 'ncols': 3, 'variable': False, 'compressed': False, 'profile': 'ascii'}",False,3,11.559032985369633,1055.9032985369633
exhaustive_mps_20261007_204350,fitstable,fitstable_io,ascii_1000::predicate_filter,ascii_1000 [predicate_filter],predicate_filter,smart,fitsio,fitsio_torch,smart,OK,,True,off,NRC-054711,0.0005450425669550896,175.21875,,1834719.0854955702,rows/s,0.0494384765625,1000,"{'schema': 'ascii', 'nrows': 1000, 'ncols': 3, 'variable': False, 'compressed': False, 'profile': 'ascii'}",False,2,1.1625530139748315,16.255301397483144
exhaustive_mps_20261007_204350,fitstable,fitstable_io,ascii_1000::predicate_filter,ascii_1000 [predicate_filter],predicate_filter,specialized,torchfits,torchfits_specialized,specialized,OK,,True,off,NRC-054711,0.00038020871579647064,173.1875,,2630134.3405691665,rows/s,0.0494384765625,1000,"{'schema': 'ascii', 'nrows': 1000, 'ncols': 3, 'variable': False, 'compressed': False, 'profile': 'ascii'}",True,1,1.0,0.0
exhaustive_mps_20261007_204350,fitstable,fitstable_io,ascii_1000::predicate_filter,ascii_1000 [predicate_filter],predicate_filter,specialized,astropy,astropy,specialized,OK,,True,off,NRC-054711,0.004730790853500366,173.1875,,211381.14767007477,rows/s,0.0494384765625,1000,"{'schema': 'ascii', 'nrows': 1000, 'ncols': 3, 'variable': False, 'compressed': False, 'profile': 'ascii'}",False,3,12.44261548184183,1144.261548184183
exhaustive_mps_20261007_204350,fitstable,fitstable_io,ascii_1000::predicate_filter,ascii_1000 [predicate_filter],predicate_filter,specialized,fitsio,fitsio,specialized,OK,,True,off,NRC-054711,0.0004909578710794449,173.1875,,2036834.6428612077,rows/s,0.0494384765625,1000,"{'schema': 'ascii', 'nrows': 1000, 'ncols': 3, 'variable': False, 'compressed': False, 'profile': 'ascii'}",False,2,1.2912851564987777,29.128515649877773
exhaustive_mps_20261007_204350,fitstable,fitstable_io,ascii_1000::predicate_filter_selective,ascii_1000 [predicate_filter_selective],predicate_filter_selective,smart,torchfits,torchfits,smart,OK,,True,off,NRC-054711,0.00041787512600421906,173.046875,,2393059.4040428805,rows/s,0.0494384765625,1000,"{'schema': 'ascii', 'nrows': 1000, 'ncols': 3, 'variable': False, 'compressed': False, 'profile': 'ascii'}",True,1,1.0,0.0
exhaustive_mps_20261007_204350,fitstable,fitstable_io,ascii_1000::predicate_filter_selective,ascii_1000 [predicate_filter_selective],predicate_filter_selective,smart,astropy,astropy_torch,smart,OK,,True,off,NRC-054711,0.004479208029806614,172.671875,,223253.75230298785,rows/s,0.0494384765625,1000,"{'schema': 'ascii', 'nrows': 1000, 'ncols': 3, 'variable': False, 'compressed': False, 'profile': 'ascii'}",False,3,10.7190108983931,971.90108983931
exhaustive_mps_20261007_204350,fitstable,fitstable_io,ascii_1000::predicate_filter_selective,ascii_1000 [predicate_filter_selective],predicate_filter_selective,smart,fitsio,fitsio_torch,smart,OK,,True,off,NRC-054711,0.0005734162405133247,172.671875,,1743933.8640021698,rows/s,0.0494384765625,1000,"{'schema': 'ascii', 'nrows': 1000, 'ncols': 3, 'variable': False, 'compressed': False, 'profile': 'ascii'}",False,2,1.372219126791326,37.22191267913259
exhaustive_mps_20261007_204350,fitstable,fitstable_io,ascii_1000::predicate_filter_selective,ascii_1000 [predicate_filter_selective],predicate_filter_selective,specialized,torchfits,torchfits_specialized,specialized,OK,,True,off,NRC-054711,0.0005010832101106644,171.53125,,1995676.5260188018,rows/s,0.0494384765625,1000,"{'schema': 'ascii', 'nrows': 1000, 'ncols': 3, 'variable': False, 'compressed': False, 'profile': 'ascii'}",True,1,1.0,0.0
exhaustive_mps_20261007_204350,fitstable,fitstable_io,ascii_1000::predicate_filter_selective,ascii_1000 [predicate_filter_selective],predicate_filter_selective,specialized,astropy,astropy,specialized,OK,,True,off,NRC-054711,0.0040632085874676704,170.921875,,246110.91911066126,rows/s,0.0494384765625,1000,"{'schema': 'ascii', 'nrows': 1000, 'ncols': 3, 'variable': False, 'compressed': False, 'profile': 'ascii'}",False,3,8.108849998327242,710.8849998327242
exhaustive_mps_20261007_204350,fitstable,fitstable_io,ascii_1000::predicate_filter_selective,ascii_1000 [predicate_filter_selective],predicate_filter_selective,specialized,fitsio,fitsio,specialized,OK,,True,off,NRC-054711,0.0006292909383773804,170.8125,,1589090.0996898012,rows/s,0.0494384765625,1000,"{'schema': 'ascii', 'nrows': 1000, 'ncols': 3, 'variable': False, 'compressed': False, 'profile': 'ascii'}",False,2,1.2558611537560824,25.586115375608244
exhaustive_mps_20261007_204350,fitstable,fitstable_io,ascii_1000::scan_count,ascii_1000 [scan_count],scan_count,smart,torchfits,torchfits,smart,OK,,True,off,NRC-054711,3.0749477446079254e-05,170.8125,,32520877.85080413,rows/s,0.0494384765625,1000,"{'schema': 'ascii', 'nrows': 1000, 'ncols': 3, 'variable': False, 'compressed': False, 'profile': 'ascii'}",True,1,1.0,0.0
exhaustive_mps_20261007_204350,fitstable,fitstable_io,ascii_1000::scan_count,ascii_1000 [scan_count],scan_count,smart,astropy,astropy_torch,smart,OK,,True,off,NRC-054711,0.0011069169268012047,170.8125,,903410.1618536309,rows/s,0.0494384765625,1000,"{'schema': 'ascii', 'nrows': 1000, 'ncols': 3, 'variable': False, 'compressed': False, 'profile': 'ascii'}",False,3,35.99791016748947,3499.791016748947
exhaustive_mps_20261007_204350,fitstable,fitstable_io,ascii_1000::scan_count,ascii_1000 [scan_count],scan_count,smart,fitsio,fitsio_torch,smart,OK,,True,off,NRC-054711,0.00029524974524974823,169.90625,,3386963.125587499,rows/s,0.0494384765625,1000,"{'schema': 'ascii', 'nrows': 1000, 'ncols': 3, 'variable': False, 'compressed': False, 'profile': 'ascii'}",False,2,9.6017809007481,860.17809007481
exhaustive_mps_20261007_204350,fitstable,fitstable_io,ascii_1000::scan_count,ascii_1000 [scan_count],scan_count,specialized,torchfits,torchfits_specialized,specialized,OK,,True,off,NRC-054711,2.191774547100067e-05,169.765625,,45625130.619529195,rows/s,0.0494384765625,1000,"{'schema': 'ascii', 'nrows': 1000, 'ncols': 3, 'variable': False, 'compressed': False, 'profile': 'ascii'}",True,1,1.0,0.0
exhaustive_mps_20261007_204350,fitstable,fitstable_io,ascii_1000::scan_count,ascii_1000 [scan_count],scan_count,specialized,astropy,astropy,specialized,OK,,True,off,NRC-054711,0.0011487910524010658,168.609375,,870480.3174693253,rows/s,0.0494384765625,1000,"{'schema': 'ascii', 'nrows': 1000, 'ncols': 3, 'variable': False, 'compressed': False, 'profile': 'ascii'}",False,3,52.41374182034503,5141.374182034503
exhaustive_mps_20261007_204350,fitstable,fitstable_io,ascii_1000::scan_count,ascii_1000 [scan_count],scan_count,specialized,fitsio,fitsio,specialized,OK,,True,off,NRC-054711,0.00025566667318344116,167.21875,,3911342.794696197,rows/s,0.0494384765625,1000,"{'schema': 'ascii', 'nrows': 1000, 'ncols': 3, 'variable': False, 'compressed': False, 'profile': 'ascii'}",False,2,11.664825359054984,1066.4825359054983
exhaustive_mps_20261007_204350,fitstable,fitstable_io,ascii_10000::read_full,ascii_10000 [read_full],read_full,smart,torchfits,torchfits,smart,OK,,True,off,NRC-054711,0.003428124822676182,174.546875,,2917046.641316127,rows/s,0.4449462890625,10000,"{'schema': 'ascii', 'nrows': 10000, 'ncols': 3, 'variable': False, 'compressed': False, 'profile': 'ascii'}",True,1,1.0,0.0
exhaustive_mps_20261007_204350,fitstable,fitstable_io,ascii_10000::read_full,ascii_10000 [read_full],read_full,smart,astropy,astropy_torch,smart,OK,,True,off,NRC-054711,0.041359500028193,174.578125,,241782.4198354291,rows/s,0.4449462890625,10000,"{'schema': 'ascii', 'nrows': 10000, 'ncols': 3, 'variable': False, 'compressed': False, 'profile': 'ascii'}",False,3,12.064759064375465,1106.4759064375467
exhaustive_mps_20261007_204350,fitstable,fitstable_io,ascii_10000::read_full,ascii_10000 [read_full],read_full,smart,fitsio,fitsio_torch,smart,OK,,True,off,NRC-054711,0.023270958103239536,174.40625,,429720.16689798026,rows/s,0.4449462890625,10000,"{'schema': 'ascii', 'nrows': 10000, 'ncols': 3, 'variable': False, 'compressed': False, 'profile': 'ascii'}",False,2,6.78824701752632,578.824701752632
exhaustive_mps_20261007_204350,fitstable,fitstable_io,ascii_10000::read_full,ascii_10000 [read_full],read_full,specialized,torchfits,torchfits_specialized,specialized,OK,,True,off,NRC-054711,0.0035475417971611023,173.953125,,2818853.3276767693,rows/s,0.4449462890625,10000,"{'schema': 'ascii', 'nrows': 10000, 'ncols': 3, 'variable': False, 'compressed': False, 'profile': 'ascii'}",True,1,1.0,0.0
exhaustive_mps_20261007_204350,fitstable,fitstable_io,ascii_10000::read_full,ascii_10000 [read_full],read_full,specialized,astropy,astropy,specialized,OK,,True,off,NRC-054711,0.031013041734695435,173.65625,,322444.9921921922,rows/s,0.4449462890625,10000,"{'schema': 'ascii', 'nrows': 10000, 'ncols': 3, 'variable': False, 'compressed': False, 'profile': 'ascii'}",False,3,8.742121589522476,774.2121589522476
exhaustive_mps_20261007_204350,fitstable,fitstable_io,ascii_10000::read_full,ascii_10000 [read_full],read_full,specialized,fitsio,fitsio,specialized,OK,,True,off,NRC-054711,0.0077535416930913925,173.65625,,1289733.182051534,rows/s,0.4449462890625,10000,"{'schema': 'ascii', 'nrows': 10000, 'ncols': 3, 'variable': False, 'compressed': False, 'profile': 'ascii'}",False,2,2.1856096802851246,118.56096802851246
exhaustive_mps_20261007_204350,fitstable,fitstable_io,ascii_10000::projection,ascii_10000 [projection],projection,smart,torchfits,torchfits,smart,OK,,True,off,NRC-054711,0.004094792529940605,172.234375,,2442126.170466822,rows/s,0.4449462890625,10000,"{'schema': 'ascii', 'nrows': 10000, 'ncols': 3, 'variable': False, 'compressed': False, 'profile': 'ascii'}",True,1,1.0,0.0
exhaustive_mps_20261007_204350,fitstable,fitstable_io,ascii_10000::projection,ascii_10000 [projection],projection,smart,astropy,astropy_torch,smart,OK,,True,off,NRC-054711,0.04765099938958883,171.3125,,209859.18717551345,rows/s,0.4449462890625,10000,"{'schema': 'ascii', 'nrows': 10000, 'ncols': 3, 'variable': False, 'compressed': False, 'profile': 'ascii'}",False,3,11.636975265821345,1063.6975265821345
exhaustive_mps_20261007_204350,fitstable,fitstable_io,ascii_10000::projection,ascii_10000 [projection],projection,smart,fitsio,fitsio_torch,smart,OK,,True,off,NRC-054711,0.024667375721037388,171.09375,,405393.75218060083,rows/s,0.4449462890625,10000,"{'schema': 'ascii', 'nrows': 10000, 'ncols': 3, 'variable': False, 'compressed': False, 'profile': 'ascii'}",False,2,6.02408438050833,502.408438050833
exhaustive_mps_20261007_204350,fitstable,fitstable_io,ascii_10000::projection,ascii_10000 [projection],projection,specialized,torchfits,torchfits_specialized,specialized,OK,,True,off,NRC-054711,0.003005833365023136,172.921875,,3326864.3952001077,rows/s,0.4449462890625,10000,"{'schema': 'ascii', 'nrows': 10000, 'ncols': 3, 'variable': False, 'compressed': False, 'profile': 'ascii'}",True,1,1.0,0.0
exhaustive_mps_20261007_204350,fitstable,fitstable_io,ascii_10000::projection,ascii_10000 [projection],projection,specialized,astropy,astropy,specialized,OK,,True,off,NRC-054711,0.026752249337732792,172.609375,,373800.3438049402,rows/s,0.4449462890625,10000,"{'schema': 'ascii', 'nrows': 10000, 'ncols': 3, 'variable': False, 'compressed': False, 'profile': 'ascii'}",False,3,8.900110581321888,790.0110581321889
exhaustive_mps_20261007_204350,fitstable,fitstable_io,ascii_10000::projection,ascii_10000 [projection],projection,specialized,fitsio,fitsio,specialized,OK,,True,off,NRC-054711,0.008478458039462566,172.578125,,1179459.750045998,rows/s,0.4449462890625,10000,"{'schema': 'ascii', 'nrows': 10000, 'ncols': 3, 'variable': False, 'compressed': False, 'profile': 'ascii'}",False,2,2.820668017768612,182.06680177686118
exhaustive_mps_20261007_204350,fitstable,fitstable_io,ascii_10000::row_slice,ascii_10000 [row_slice],row_slice,smart,torchfits,torchfits,smart,OK,,True,off,NRC-054711,0.0007034586742520332,172.390625,,14215476.140986823,rows/s,0.4449462890625,10000,"{'schema': 'ascii', 'nrows': 10000, 'ncols': 3, 'variable': False, 'compressed': False, 'profile': 'ascii'}",True,1,1.0,0.0
exhaustive_mps_20261007_204350,fitstable,fitstable_io,ascii_10000::row_slice,ascii_10000 [row_slice],row_slice,smart,astropy,astropy_torch,smart,OK,,True,off,NRC-054711,0.009299207478761673,172.390625,,1075360.4565592129,rows/s,0.4449462890625,10000,"{'schema': 'ascii', 'nrows': 10000, 'ncols': 3, 'variable': False, 'compressed': False, 'profile': 'ascii'}",False,3,13.21926620444228,1221.9266204442279
exhaustive_mps_20261007_204350,fitstable,fitstable_io,ascii_10000::row_slice,ascii_10000 [row_slice],row_slice,smart,fitsio,fitsio_torch,smart,OK,,True,off,NRC-054711,0.004237624816596508,172.125,,2359812.497046778,rows/s,0.4449462890625,10000,"{'schema': 'ascii', 'nrows': 10000, 'ncols': 3, 'variable': False, 'compressed': False, 'profile': 'ascii'}",False,2,6.0239854474781325,502.3985447478133
exhaustive_mps_20261007_204350,fitstable,fitstable_io,ascii_10000::row_slice,ascii_10000 [row_slice],row_slice,specialized,torchfits,torchfits_specialized,specialized,OK,,True,off,NRC-054711,0.00042458251118659973,170.65625,,23552548.05962816,rows/s,0.4449462890625,10000,"{'schema': 'ascii', 'nrows': 10000, 'ncols': 3, 'variable': False, 'compressed': False, 'profile': 'ascii'}",True,1,1.0,0.0
exhaustive_mps_20261007_204350,fitstable,fitstable_io,ascii_10000::row_slice,ascii_10000 [row_slice],row_slice,specialized,astropy,astropy,specialized,OK,,True,off,NRC-054711,0.009332790970802307,169.8125,,1071490.8360516226,rows/s,0.4449462890625,10000,"{'schema': 'ascii', 'nrows': 10000, 'ncols': 3, 'variable': False, 'compressed': False, 'profile': 'ascii'}",False,3,21.981100787028506,2098.1100787028504
exhaustive_mps_20261007_204350,fitstable,fitstable_io,ascii_10000::row_slice,ascii_10000 [row_slice],row_slice,specialized,fitsio,fitsio,specialized,OK,,True,off,NRC-054711,0.0019277501851320267,169.8125,,5187394.1328736665,rows/s,0.4449462890625,10000,"{'schema': 'ascii', 'nrows': 10000, 'ncols': 3, 'variable': False, 'compressed': False, 'profile': 'ascii'}",False,2,4.540342888227913,354.0342888227913
exhaustive_mps_20261007_204350,fitstable,fitstable_io,ascii_10000::predicate_filter,ascii_10000 [predicate_filter],predicate_filter,smart,torchfits,torchfits,smart,OK,,True,off,NRC-054711,0.001275874674320221,170.546875,,7837760.401763556,rows/s,0.4449462890625,10000,"{'schema': 'ascii', 'nrows': 10000, 'ncols': 3, 'variable': False, 'compressed': False, 'profile': 'ascii'}",True,1,1.0,0.0
exhaustive_mps_20261007_204350,fitstable,fitstable_io,ascii_10000::predicate_filter,ascii_10000 [predicate_filter],predicate_filter,smart,astropy,astropy_torch,smart,OK,,True,off,NRC-054711,0.009900916367769241,170.59375,,1010007.5213798704,rows/s,0.4449462890625,10000,"{'schema': 'ascii', 'nrows': 10000, 'ncols': 3, 'variable': False, 'compressed': False, 'profile': 'ascii'}",False,3,7.760101024847441,676.0101024847442
exhaustive_mps_20261007_204350,fitstable,fitstable_io,ascii_10000::predicate_filter,ascii_10000 [predicate_filter],predicate_filter,smart,fitsio,fitsio_torch,smart,OK,,True,off,NRC-054711,0.0013157082721590996,170.59375,,7600469.048955534,rows/s,0.4449462890625,10000,"{'schema': 'ascii', 'nrows': 10000, 'ncols': 3, 'variable': False, 'compressed': False, 'profile': 'ascii'}",False,2,1.0312206195801337,3.122061958013367
exhaustive_mps_20261007_204350,fitstable,fitstable_io,ascii_10000::predicate_filter,ascii_10000 [predicate_filter],predicate_filter,specialized,torchfits,torchfits_specialized,specialized,OK,,True,off,NRC-054711,0.0013799592852592468,169.78125,,7246590.610911643,rows/s,0.4449462890625,10000,"{'schema': 'ascii', 'nrows': 10000, 'ncols': 3, 'variable': False, 'compressed': False, 'profile': 'ascii'}",False,2,1.039061218021091,3.906121802109097
exhaustive_mps_20261007_204350,fitstable,fitstable_io,ascii_10000::predicate_filter,ascii_10000 [predicate_filter],predicate_filter,specialized,astropy,astropy,specialized,OK,,True,off,NRC-054711,0.009472625330090523,169.796875,,1055673.5489404644,rows/s,0.4449462890625,10000,"{'schema': 'ascii', 'nrows': 10000, 'ncols': 3, 'variable': False, 'compressed': False, 'profile': 'ascii'}",False,3,7.132556531544482,613.2556531544483
exhaustive_mps_20261007_204350,fitstable,fitstable_io,ascii_10000::predicate_filter,ascii_10000 [predicate_filter],predicate_filter,specialized,fitsio,fitsio,specialized,OK,,True,off,NRC-054711,0.0013280827552080154,169.796875,,7529651.266674053,rows/s,0.4449462890625,10000,"{'schema': 'ascii', 'nrows': 10000, 'ncols': 3, 'variable': False, 'compressed': False, 'profile': 'ascii'}",True,1,1.0,0.0
exhaustive_mps_20261007_204350,fitstable,fitstable_io,ascii_10000::predicate_filter_selective,ascii_10000 [predicate_filter_selective],predicate_filter_selective,smart,torchfits,torchfits,smart,OK,,True,off,NRC-054711,0.0014822082594037056,169.265625,,6746690.24177683,rows/s,0.4449462890625,10000,"{'schema': 'ascii', 'nrows': 10000, 'ncols': 3, 'variable': False, 'compressed': False, 'profile': 'ascii'}",True,1,1.0,0.0
exhaustive_mps_20261007_204350,fitstable,fitstable_io,ascii_10000::predicate_filter_selective,ascii_10000 [predicate_filter_selective],predicate_filter_selective,smart,astropy,astropy_torch,smart,OK,,True,off,NRC-054711,0.009387167170643806,169.265625,,1065284.1073580415,rows/s,0.4449462890625,10000,"{'schema': 'ascii', 'nrows': 10000, 'ncols': 3, 'variable': False, 'compressed': False, 'profile': 'ascii'}",False,3,6.333230914811038,533.3230914811038
exhaustive_mps_20261007_204350,fitstable,fitstable_io,ascii_10000::predicate_filter_selective,ascii_10000 [predicate_filter_selective],predicate_filter_selective,smart,fitsio,fitsio_torch,smart,OK,,True,off,NRC-054711,0.0015304172411561012,168.4375,,6534165.80203046,rows/s,0.4449462890625,10000,"{'schema': 'ascii', 'nrows': 10000, 'ncols': 3, 'variable': False, 'compressed': False, 'profile': 'ascii'}",False,2,1.0325251066754886,3.252510667548858
exhaustive_mps_20261007_204350,fitstable,fitstable_io,ascii_10000::predicate_filter_selective,ascii_10000 [predicate_filter_selective],predicate_filter_selective,specialized,torchfits,torchfits_specialized,specialized,OK,,True,off,NRC-054711,0.0013807909563183784,167.796875,,7242225.880927795,rows/s,0.4449462890625,10000,"{'schema': 'ascii', 'nrows': 10000, 'ncols': 3, 'variable': False, 'compressed': False, 'profile': 'ascii'}",False,2,1.0512629793606538,5.126297936065383
exhaustive_mps_20261007_204350,fitstable,fitstable_io,ascii_10000::predicate_filter_selective,ascii_10000 [predicate_filter_selective],predicate_filter_selective,specialized,astropy,astropy,specialized,OK,,True,off,NRC-054711,0.010182540863752365,167.515625,,982073.1518591621,rows/s,0.4449462890625,10000,"{'schema': 'ascii', 'nrows': 10000, 'ncols': 3, 'variable': False, 'compressed': False, 'profile': 'ascii'}",False,3,7.752461150550657,675.2461150550656
exhaustive_mps_20261007_204350,fitstable,fitstable_io,ascii_10000::predicate_filter_selective,ascii_10000 [predicate_filter_selective],predicate_filter_selective,specialized,fitsio,fitsio,specialized,OK,,True,off,NRC-054711,0.0013134591281414032,167.390625,,7613483.956786989,rows/s,0.4449462890625,10000,"{'schema': 'ascii', 'nrows': 10000, 'ncols': 3, 'variable': False, 'compressed': False, 'profile': 'ascii'}",True,1,1.0,0.0
exhaustive_mps_20261007_204350,fitstable,fitstable_io,ascii_10000::scan_count,ascii_10000 [scan_count],scan_count,smart,torchfits,torchfits,smart,OK,,True,off,NRC-054711,3.987550735473633e-05,167.0,,250780508.2212257,rows/s,0.4449462890625,10000,"{'schema': 'ascii', 'nrows': 10000, 'ncols': 3, 'variable': False, 'compressed': False, 'profile': 'ascii'}",True,1,1.0,0.0
exhaustive_mps_20261007_204350,fitstable,fitstable_io,ascii_10000::scan_count,ascii_10000 [scan_count],scan_count,smart,astropy,astropy_torch,smart,OK,,True,off,NRC-054711,0.0015920000150799751,166.90625,,6281406.975676218,rows/s,0.4449462890625,10000,"{'schema': 'ascii', 'nrows': 10000, 'ncols': 3, 'variable': False, 'compressed': False, 'profile': 'ascii'}",False,3,39.92425728699551,3892.425728699551
exhaustive_mps_20261007_204350,fitstable,fitstable_io,ascii_10000::scan_count,ascii_10000 [scan_count],scan_count,smart,fitsio,fitsio_torch,smart,OK,,True,off,NRC-054711,0.000328834168612957,166.15625,,30410465.074784115,rows/s,0.4449462890625,10000,"{'schema': 'ascii', 'nrows': 10000, 'ncols': 3, 'variable': False, 'compressed': False, 'profile': 'ascii'}",False,2,8.246519992526158,724.6519992526158
exhaustive_mps_20261007_204350,fitstable,fitstable_io,ascii_10000::scan_count,ascii_10000 [scan_count],scan_count,specialized,torchfits,torchfits_specialized,specialized,OK,,True,off,NRC-054711,3.145728260278702e-05,165.921875,,317891412.4996299,rows/s,0.4449462890625,10000,"{'schema': 'ascii', 'nrows': 10000, 'ncols': 3, 'variable': False, 'compressed': False, 'profile': 'ascii'}",True,1,1.0,0.0
exhaustive_mps_20261007_204350,fitstable,fitstable_io,ascii_10000::scan_count,ascii_10000 [scan_count],scan_count,specialized,astropy,astropy,specialized,OK,,True,off,NRC-054711,0.0019048331305384636,165.90625,,5249803.691294036,rows/s,0.4449462890625,10000,"{'schema': 'ascii', 'nrows': 10000, 'ncols': 3, 'variable': False, 'compressed': False, 'profile': 'ascii'}",False,3,60.553009444296414,5955.300944429641
exhaustive_mps_20261007_204350,fitstable,fitstable_io,ascii_10000::scan_count,ascii_10000 [scan_count],scan_count,specialized,fitsio,fitsio,specialized,OK,,True,off,NRC-054711,0.0003093341365456581,165.921875,,32327502.26557678,rows/s,0.4449462890625,10000,"{'schema': 'ascii', 'nrows': 10000, 'ncols': 3, 'variable': False, 'compressed': False, 'profile': 'ascii'}",False,2,9.833466560085265,883.3466560085265
exhaustive_mps_20261007_204350,fitstable,fitstable_io,compressed_table_placeholder::read_full,compressed_table_placeholder [read_full],read_full,smart,torchfits,torchfits,smart,SKIPPED,compressed_table_case_not_enabled_in_default_env,False,off,NRC-054711,,,,,rows/s,0.0,100000,"{'schema': 'mixed', 'nrows': 100000, 'ncols': 8, 'variable': False, 'compressed': True, 'profile': 'compressed_placeholder'}",False,,,
exhaustive_mps_20261007_204350,fitstable,fitstable_io,compressed_table_placeholder::read_full,compressed_table_placeholder [read_full],read_full,smart,astropy,astropy_torch,smart,SKIPPED,compressed_table_case_not_enabled_in_default_env,False,off,NRC-054711,,,,,rows/s,0.0,100000,"{'schema': 'mixed', 'nrows': 100000, 'ncols': 8, 'variable': False, 'compressed': True, 'profile': 'compressed_placeholder'}",False,,,
exhaustive_mps_20261007_204350,fitstable,fitstable_io,compressed_table_placeholder::read_full,compressed_table_placeholder [read_full],read_full,smart,fitsio,fitsio_torch,smart,SKIPPED,compressed_table_case_not_enabled_in_default_env,False,off,NRC-054711,,,,,rows/s,0.0,100000,"{'schema': 'mixed', 'nrows': 100000, 'ncols': 8, 'variable': False, 'compressed': True, 'profile': 'compressed_placeholder'}",False,,,
exhaustive_mps_20261007_204350,fitstable,fitstable_io,compressed_table_placeholder::read_full,compressed_table_placeholder [read_full],read_full,specialized,torchfits,torchfits_specialized,specialized,SKIPPED,compressed_table_case_not_enabled_in_default_env,False,off,NRC-054711,,,,,rows/s,0.0,100000,"{'schema': 'mixed', 'nrows': 100000, 'ncols': 8, 'variable': False, 'compressed': True, 'profile': 'compressed_placeholder'}",False,,,
exhaustive_mps_20261007_204350,fitstable,fitstable_io,compressed_table_placeholder::read_full,compressed_table_placeholder [read_full],read_full,specialized,astropy,astropy,specialized,SKIPPED,compressed_table_case_not_enabled_in_default_env,False,off,NRC-054711,,,,,rows/s,0.0,100000,"{'schema': 'mixed', 'nrows': 100000, 'ncols': 8, 'variable': False, 'compressed': True, 'profile': 'compressed_placeholder'}",False,,,
exhaustive_mps_20261007_204350,fitstable,fitstable_io,compressed_table_placeholder::read_full,compressed_table_placeholder [read_full],read_full,specialized,fitsio,fitsio,specialized,SKIPPED,compressed_table_case_not_enabled_in_default_env,False,off,NRC-054711,,,,,rows/s,0.0,100000,"{'schema': 'mixed', 'nrows': 100000, 'ncols': 8, 'variable': False, 'compressed': True, 'profile': 'compressed_placeholder'}",False,,,
exhaustive_mps_20261007_204350,fitstable,fitstable_io,compressed_table_placeholder::projection,compressed_table_placeholder [projection],projection,smart,torchfits,torchfits,smart,SKIPPED,compressed_table_case_not_enabled_in_default_env,False,off,NRC-054711,,,,,rows/s,0.0,100000,"{'schema': 'mixed', 'nrows': 100000, 'ncols': 8, 'variable': False, 'compressed': True, 'profile': 'compressed_placeholder'}",False,,,
exhaustive_mps_20261007_204350,fitstable,fitstable_io,compressed_table_placeholder::projection,compressed_table_placeholder [projection],projection,smart,astropy,astropy_torch,smart,SKIPPED,compressed_table_case_not_enabled_in_default_env,False,off,NRC-054711,,,,,rows/s,0.0,100000,"{'schema': 'mixed', 'nrows': 100000, 'ncols': 8, 'variable': False, 'compressed': True, 'profile': 'compressed_placeholder'}",False,,,
exhaustive_mps_20261007_204350,fitstable,fitstable_io,compressed_table_placeholder::projection,compressed_table_placeholder [projection],projection,smart,fitsio,fitsio_torch,smart,SKIPPED,compressed_table_case_not_enabled_in_default_env,False,off,NRC-054711,,,,,rows/s,0.0,100000,"{'schema': 'mixed', 'nrows': 100000, 'ncols': 8, 'variable': False, 'compressed': True, 'profile': 'compressed_placeholder'}",False,,,
exhaustive_mps_20261007_204350,fitstable,fitstable_io,compressed_table_placeholder::projection,compressed_table_placeholder [projection],projection,specialized,torchfits,torchfits_specialized,specialized,SKIPPED,compressed_table_case_not_enabled_in_default_env,False,off,NRC-054711,,,,,rows/s,0.0,100000,"{'schema': 'mixed', 'nrows': 100000, 'ncols': 8, 'variable': False, 'compressed': True, 'profile': 'compressed_placeholder'}",False,,,
exhaustive_mps_20261007_204350,fitstable,fitstable_io,compressed_table_placeholder::projection,compressed_table_placeholder [projection],projection,specialized,astropy,astropy,specialized,SKIPPED,compressed_table_case_not_enabled_in_default_env,False,off,NRC-054711,,,,,rows/s,0.0,100000,"{'schema': 'mixed', 'nrows': 100000, 'ncols': 8, 'variable': False, 'compressed': True, 'profile': 'compressed_placeholder'}",False,,,
exhaustive_mps_20261007_204350,fitstable,fitstable_io,compressed_table_placeholder::projection,compressed_table_placeholder [projection],projection,specialized,fitsio,fitsio,specialized,SKIPPED,compressed_table_case_not_enabled_in_default_env,False,off,NRC-054711,,,,,rows/s,0.0,100000,"{'schema': 'mixed', 'nrows': 100000, 'ncols': 8, 'variable': False, 'compressed': True, 'profile': 'compressed_placeholder'}",False,,,
exhaustive_mps_20261007_204350,fitstable,fitstable_io,compressed_table_placeholder::row_slice,compressed_table_placeholder [row_slice],row_slice,smart,torchfits,torchfits,smart,SKIPPED,compressed_table_case_not_enabled_in_default_env,False,off,NRC-054711,,,,,rows/s,0.0,100000,"{'schema': 'mixed', 'nrows': 100000, 'ncols': 8, 'variable': False, 'compressed': True, 'profile': 'compressed_placeholder'}",False,,,
exhaustive_mps_20261007_204350,fitstable,fitstable_io,compressed_table_placeholder::row_slice,compressed_table_placeholder [row_slice],row_slice,smart,astropy,astropy_torch,smart,SKIPPED,compressed_table_case_not_enabled_in_default_env,False,off,NRC-054711,,,,,rows/s,0.0,100000,"{'schema': 'mixed', 'nrows': 100000, 'ncols': 8, 'variable': False, 'compressed': True, 'profile': 'compressed_placeholder'}",False,,,
exhaustive_mps_20261007_204350,fitstable,fitstable_io,compressed_table_placeholder::row_slice,compressed_table_placeholder [row_slice],row_slice,smart,fitsio,fitsio_torch,smart,SKIPPED,compressed_table_case_not_enabled_in_default_env,False,off,NRC-054711,,,,,rows/s,0.0,100000,"{'schema': 'mixed', 'nrows': 100000, 'ncols': 8, 'variable': False, 'compressed': True, 'profile': 'compressed_placeholder'}",False,,,
exhaustive_mps_20261007_204350,fitstable,fitstable_io,compressed_table_placeholder::row_slice,compressed_table_placeholder [row_slice],row_slice,specialized,torchfits,torchfits_specialized,specialized,SKIPPED,compressed_table_case_not_enabled_in_default_env,False,off,NRC-054711,,,,,rows/s,0.0,100000,"{'schema': 'mixed', 'nrows': 100000, 'ncols': 8, 'variable': False, 'compressed': True, 'profile': 'compressed_placeholder'}",False,,,
exhaustive_mps_20261007_204350,fitstable,fitstable_io,compressed_table_placeholder::row_slice,compressed_table_placeholder [row_slice],row_slice,specialized,astropy,astropy,specialized,SKIPPED,compressed_table_case_not_enabled_in_default_env,False,off,NRC-054711,,,,,rows/s,0.0,100000,"{'schema': 'mixed', 'nrows': 100000, 'ncols': 8, 'variable': False, 'compressed': True, 'profile': 'compressed_placeholder'}",False,,,
exhaustive_mps_20261007_204350,fitstable,fitstable_io,compressed_table_placeholder::row_slice,compressed_table_placeholder [row_slice],row_slice,specialized,fitsio,fitsio,specialized,SKIPPED,compressed_table_case_not_enabled_in_default_env,False,off,NRC-054711,,,,,rows/s,0.0,100000,"{'schema': 'mixed', 'nrows': 100000, 'ncols': 8, 'variable': False, 'compressed': True, 'profile': 'compressed_placeholder'}",False,,,
exhaustive_mps_20261007_204350,fitstable,fitstable_io,compressed_table_placeholder::predicate_filter,compressed_table_placeholder [predicate_filter],predicate_filter,smart,torchfits,torchfits,smart,SKIPPED,compressed_table_case_not_enabled_in_default_env,False,off,NRC-054711,,,,,rows/s,0.0,100000,"{'schema': 'mixed', 'nrows': 100000, 'ncols': 8, 'variable': False, 'compressed': True, 'profile': 'compressed_placeholder'}",False,,,
exhaustive_mps_20261007_204350,fitstable,fitstable_io,compressed_table_placeholder::predicate_filter,compressed_table_placeholder [predicate_filter],predicate_filter,smart,astropy,astropy_torch,smart,SKIPPED,compressed_table_case_not_enabled_in_default_env,False,off,NRC-054711,,,,,rows/s,0.0,100000,"{'schema': 'mixed', 'nrows': 100000, 'ncols': 8, 'variable': False, 'compressed': True, 'profile': 'compressed_placeholder'}",False,,,
exhaustive_mps_20261007_204350,fitstable,fitstable_io,compressed_table_placeholder::predicate_filter,compressed_table_placeholder [predicate_filter],predicate_filter,smart,fitsio,fitsio_torch,smart,SKIPPED,compressed_table_case_not_enabled_in_default_env,False,off,NRC-054711,,,,,rows/s,0.0,100000,"{'schema': 'mixed', 'nrows': 100000, 'ncols': 8, 'variable': False, 'compressed': True, 'profile': 'compressed_placeholder'}",False,,,
exhaustive_mps_20261007_204350,fitstable,fitstable_io,compressed_table_placeholder::predicate_filter,compressed_table_placeholder [predicate_filter],predicate_filter,specialized,torchfits,torchfits_specialized,specialized,SKIPPED,compressed_table_case_not_enabled_in_default_env,False,off,NRC-054711,,,,,rows/s,0.0,100000,"{'schema': 'mixed', 'nrows': 100000, 'ncols': 8, 'variable': False, 'compressed': True, 'profile': 'compressed_placeholder'}",False,,,
exhaustive_mps_20261007_204350,fitstable,fitstable_io,compressed_table_placeholder::predicate_filter,compressed_table_placeholder [predicate_filter],predicate_filter,specialized,astropy,astropy,specialized,SKIPPED,compressed_table_case_not_enabled_in_default_env,False,off,NRC-054711,,,,,rows/s,0.0,100000,"{'schema': 'mixed', 'nrows': 100000, 'ncols': 8, 'variable': False, 'compressed': True, 'profile': 'compressed_placeholder'}",False,,,
exhaustive_mps_20261007_204350,fitstable,fitstable_io,compressed_table_placeholder::predicate_filter,compressed_table_placeholder [predicate_filter],predicate_filter,specialized,fitsio,fitsio,specialized,SKIPPED,compressed_table_case_not_enabled_in_default_env,False,off,NRC-054711,,,,,rows/s,0.0,100000,"{'schema': 'mixed', 'nrows': 100000, 'ncols': 8, 'variable': False, 'compressed': True, 'profile': 'compressed_placeholder'}",False,,,
exhaustive_mps_20261007_204350,fitstable,fitstable_io,compressed_table_placeholder::predicate_filter_selective,compressed_table_placeholder [predicate_filter_selective],predicate_filter_selective,smart,torchfits,torchfits,smart,SKIPPED,compressed_table_case_not_enabled_in_default_env,False,off,NRC-054711,,,,,rows/s,0.0,100000,"{'schema': 'mixed', 'nrows': 100000, 'ncols': 8, 'variable': False, 'compressed': True, 'profile': 'compressed_placeholder'}",False,,,
exhaustive_mps_20261007_204350,fitstable,fitstable_io,compressed_table_placeholder::predicate_filter_selective,compressed_table_placeholder [predicate_filter_selective],predicate_filter_selective,smart,astropy,astropy_torch,smart,SKIPPED,compressed_table_case_not_enabled_in_default_env,False,off,NRC-054711,,,,,rows/s,0.0,100000,"{'schema': 'mixed', 'nrows': 100000, 'ncols': 8, 'variable': False, 'compressed': True, 'profile': 'compressed_placeholder'}",False,,,
exhaustive_mps_20261007_204350,fitstable,fitstable_io,compressed_table_placeholder::predicate_filter_selective,compressed_table_placeholder [predicate_filter_selective],predicate_filter_selective,smart,fitsio,fitsio_torch,smart,SKIPPED,compressed_table_case_not_enabled_in_default_env,False,off,NRC-054711,,,,,rows/s,0.0,100000,"{'schema': 'mixed', 'nrows': 100000, 'ncols': 8, 'variable': False, 'compressed': True, 'profile': 'compressed_placeholder'}",False,,,
exhaustive_mps_20261007_204350,fitstable,fitstable_io,compressed_table_placeholder::predicate_filter_selective,compressed_table_placeholder [predicate_filter_selective],predicate_filter_selective,specialized,torchfits,torchfits_specialized,specialized,SKIPPED,compressed_table_case_not_enabled_in_default_env,False,off,NRC-054711,,,,,rows/s,0.0,100000,"{'schema': 'mixed', 'nrows': 100000, 'ncols': 8, 'variable': False, 'compressed': True, 'profile': 'compressed_placeholder'}",False,,,
exhaustive_mps_20261007_204350,fitstable,fitstable_io,compressed_table_placeholder::predicate_filter_selective,compressed_table_placeholder [predicate_filter_selective],predicate_filter_selective,specialized,astropy,astropy,specialized,SKIPPED,compressed_table_case_not_enabled_in_default_env,False,off,NRC-054711,,,,,rows/s,0.0,100000,"{'schema': 'mixed', 'nrows': 100000, 'ncols': 8, 'variable': False, 'compressed': True, 'profile': 'compressed_placeholder'}",False,,,
exhaustive_mps_20261007_204350,fitstable,fitstable_io,compressed_table_placeholder::predicate_filter_selective,compressed_table_placeholder [predicate_filter_selective],predicate_filter_selective,specialized,fitsio,fitsio,specialized,SKIPPED,compressed_table_case_not_enabled_in_default_env,False,off,NRC-054711,,,,,rows/s,0.0,100000,"{'schema': 'mixed', 'nrows': 100000, 'ncols': 8, 'variable': False, 'compressed': True, 'profile': 'compressed_placeholder'}",False,,,
exhaustive_mps_20261007_204350,fitstable,fitstable_io,compressed_table_placeholder::scan_count,compressed_table_placeholder [scan_count],scan_count,smart,torchfits,torchfits,smart,SKIPPED,compressed_table_case_not_enabled_in_default_env,False,off,NRC-054711,,,,,rows/s,0.0,100000,"{'schema': 'mixed', 'nrows': 100000, 'ncols': 8, 'variable': False, 'compressed': True, 'profile': 'compressed_placeholder'}",False,,,
exhaustive_mps_20261007_204350,fitstable,fitstable_io,compressed_table_placeholder::scan_count,compressed_table_placeholder [scan_count],scan_count,smart,astropy,astropy_torch,smart,SKIPPED,compressed_table_case_not_enabled_in_default_env,False,off,NRC-054711,,,,,rows/s,0.0,100000,"{'schema': 'mixed', 'nrows': 100000, 'ncols': 8, 'variable': False, 'compressed': True, 'profile': 'compressed_placeholder'}",False,,,
exhaustive_mps_20261007_204350,fitstable,fitstable_io,compressed_table_placeholder::scan_count,compressed_table_placeholder [scan_count],scan_count,smart,fitsio,fitsio_torch,smart,SKIPPED,compressed_table_case_not_enabled_in_default_env,False,off,NRC-054711,,,,,rows/s,0.0,100000,"{'schema': 'mixed', 'nrows': 100000, 'ncols': 8, 'variable': False, 'compressed': True, 'profile': 'compressed_placeholder'}",False,,,
exhaustive_mps_20261007_204350,fitstable,fitstable_io,compressed_table_placeholder::scan_count,compressed_table_placeholder [scan_count],scan_count,specialized,torchfits,torchfits_specialized,specialized,SKIPPED,compressed_table_case_not_enabled_in_default_env,False,off,NRC-054711,,,,,rows/s,0.0,100000,"{'schema': 'mixed', 'nrows': 100000, 'ncols': 8, 'variable': False, 'compressed': True, 'profile': 'compressed_placeholder'}",False,,,
exhaustive_mps_20261007_204350,fitstable,fitstable_io,compressed_table_placeholder::scan_count,compressed_table_placeholder [scan_count],scan_count,specialized,astropy,astropy,specialized,SKIPPED,compressed_table_case_not_enabled_in_default_env,False,off,NRC-054711,,,,,rows/s,0.0,100000,"{'schema': 'mixed', 'nrows': 100000, 'ncols': 8, 'variable': False, 'compressed': True, 'profile': 'compressed_placeholder'}",False,,,
exhaustive_mps_20261007_204350,fitstable,fitstable_io,compressed_table_placeholder::scan_count,compressed_table_placeholder [scan_count],scan_count,specialized,fitsio,fitsio,specialized,SKIPPED,compressed_table_case_not_enabled_in_default_env,False,off,NRC-054711,,,,,rows/s,0.0,100000,"{'schema': 'mixed', 'nrows': 100000, 'ncols': 8, 'variable': False, 'compressed': True, 'profile': 'compressed_placeholder'}",False,,,
