run_id,domain,suite,case_id,case_label,operation,family,library,method,mode,status,skip_reason,comparable,mmap_target,host,time_s,peak_rss_mb,peak_cuda_alloc_mb,throughput,unit,size_mb,n_points,metadata,best_in_family,rank_in_family,lag_ratio,pct_behind
exhaustive_cpu_20261007_203905,fitstable,fitstable_io,narrow_1000::read_full,narrow_1000 [read_full],read_full,smart,torchfits,torchfits,smart,OK,,True,off,torchfits-gpu-exhaustive-cpu-20261007-203905,0.00010920129716396332,373.8203125,,9157400.37866512,rows/s,0.01922607421875,1000,"{'schema': 'narrow', 'nrows': 1000, 'ncols': 4, 'variable': False, 'compressed': False, 'profile': 'base'}",True,1,1.0,0.0
exhaustive_cpu_20261007_203905,fitstable,fitstable_io,narrow_1000::read_full,narrow_1000 [read_full],read_full,smart,astropy,astropy_torch,smart,OK,,True,off,torchfits-gpu-exhaustive-cpu-20261007-203905,0.0013810917735099792,373.8203125,,724064.8443358311,rows/s,0.01922607421875,1000,"{'schema': 'narrow', 'nrows': 1000, 'ncols': 4, 'variable': False, 'compressed': False, 'profile': 'base'}",False,3,12.647210329711566,1164.7210329711565
exhaustive_cpu_20261007_203905,fitstable,fitstable_io,narrow_1000::read_full,narrow_1000 [read_full],read_full,smart,fitsio,fitsio_torch,smart,OK,,True,off,torchfits-gpu-exhaustive-cpu-20261007-203905,0.00015462562441825867,373.8203125,,6467233.382321054,rows/s,0.01922607421875,1000,"{'schema': 'narrow', 'nrows': 1000, 'ncols': 4, 'variable': False, 'compressed': False, 'profile': 'base'}",False,2,1.4159687515990926,41.59687515990926
exhaustive_cpu_20261007_203905,fitstable,fitstable_io,narrow_1000::read_full,narrow_1000 [read_full],read_full,specialized,torchfits,torchfits_specialized,specialized,OK,,True,off,torchfits-gpu-exhaustive-cpu-20261007-203905,7.824413478374481e-05,374.33203125,,12780510.676791964,rows/s,0.01922607421875,1000,"{'schema': 'narrow', 'nrows': 1000, 'ncols': 4, 'variable': False, 'compressed': False, 'profile': 'base'}",True,1,1.0,0.0
exhaustive_cpu_20261007_203905,fitstable,fitstable_io,narrow_1000::read_full,narrow_1000 [read_full],read_full,specialized,astropy,astropy,specialized,OK,,True,off,torchfits-gpu-exhaustive-cpu-20261007-203905,0.0013199672102928162,374.33203125,,757594.5767457087,rows/s,0.01922607421875,1000,"{'schema': 'narrow', 'nrows': 1000, 'ncols': 4, 'variable': False, 'compressed': False, 'profile': 'base'}",False,3,16.86985502416264,1586.985502416264
exhaustive_cpu_20261007_203905,fitstable,fitstable_io,narrow_1000::read_full,narrow_1000 [read_full],read_full,specialized,fitsio,fitsio,specialized,OK,,True,off,torchfits-gpu-exhaustive-cpu-20261007-203905,0.00014560110867023468,374.33203125,,6868079.571185509,rows/s,0.01922607421875,1000,"{'schema': 'narrow', 'nrows': 1000, 'ncols': 4, 'variable': False, 'compressed': False, 'profile': 'base'}",False,2,1.8608565239126813,86.08565239126813
exhaustive_cpu_20261007_203905,fitstable,fitstable_io,narrow_1000::projection,narrow_1000 [projection],projection,smart,torchfits,torchfits,smart,OK,,True,off,torchfits-gpu-exhaustive-cpu-20261007-203905,0.0001067034900188446,374.34765625,,9371764.68945292,rows/s,0.01922607421875,1000,"{'schema': 'narrow', 'nrows': 1000, 'ncols': 4, 'variable': False, 'compressed': False, 'profile': 'base'}",True,1,1.0,0.0
exhaustive_cpu_20261007_203905,fitstable,fitstable_io,narrow_1000::projection,narrow_1000 [projection],projection,smart,astropy,astropy_torch,smart,OK,,True,off,torchfits-gpu-exhaustive-cpu-20261007-203905,0.0013248734176158905,374.34765625,,754789.0890584097,rows/s,0.01922607421875,1000,"{'schema': 'narrow', 'nrows': 1000, 'ncols': 4, 'variable': False, 'compressed': False, 'profile': 'base'}",False,3,12.416401913207416,1141.6401913207417
exhaustive_cpu_20261007_203905,fitstable,fitstable_io,narrow_1000::projection,narrow_1000 [projection],projection,smart,fitsio,fitsio_torch,smart,OK,,True,off,torchfits-gpu-exhaustive-cpu-20261007-203905,0.00017839297652244568,374.34765625,,5605601.854365486,rows/s,0.01922607421875,1000,"{'schema': 'narrow', 'nrows': 1000, 'ncols': 4, 'variable': False, 'compressed': False, 'profile': 'base'}",False,2,1.6718569982194602,67.18569982194602
exhaustive_cpu_20261007_203905,fitstable,fitstable_io,narrow_1000::projection,narrow_1000 [projection],projection,specialized,torchfits,torchfits_specialized,specialized,OK,,True,off,torchfits-gpu-exhaustive-cpu-20261007-203905,7.867999374866486e-05,374.34765625,,12709711.228427358,rows/s,0.01922607421875,1000,"{'schema': 'narrow', 'nrows': 1000, 'ncols': 4, 'variable': False, 'compressed': False, 'profile': 'base'}",True,1,1.0,0.0
exhaustive_cpu_20261007_203905,fitstable,fitstable_io,narrow_1000::projection,narrow_1000 [projection],projection,specialized,astropy,astropy,specialized,OK,,True,off,torchfits-gpu-exhaustive-cpu-20261007-203905,0.0012769252061843872,374.34765625,,783131.224254023,rows/s,0.01922607421875,1000,"{'schema': 'narrow', 'nrows': 1000, 'ncols': 4, 'variable': False, 'compressed': False, 'profile': 'base'}",False,3,16.229350630903625,1522.9350630903625
exhaustive_cpu_20261007_203905,fitstable,fitstable_io,narrow_1000::projection,narrow_1000 [projection],projection,specialized,fitsio,fitsio,specialized,OK,,True,off,torchfits-gpu-exhaustive-cpu-20261007-203905,0.00017256662249565125,374.34765625,,5794863.372406796,rows/s,0.01922607421875,1000,"{'schema': 'narrow', 'nrows': 1000, 'ncols': 4, 'variable': False, 'compressed': False, 'profile': 'base'}",False,2,2.1932719395847635,119.32719395847636
exhaustive_cpu_20261007_203905,fitstable,fitstable_io,narrow_1000::row_slice,narrow_1000 [row_slice],row_slice,smart,torchfits,torchfits,smart,OK,,True,off,torchfits-gpu-exhaustive-cpu-20261007-203905,0.00010397471487522125,374.54296875,,9617722.935812688,rows/s,0.01922607421875,1000,"{'schema': 'narrow', 'nrows': 1000, 'ncols': 4, 'variable': False, 'compressed': False, 'profile': 'base'}",True,1,1.0,0.0
exhaustive_cpu_20261007_203905,fitstable,fitstable_io,narrow_1000::row_slice,narrow_1000 [row_slice],row_slice,smart,astropy,astropy_torch,smart,OK,,True,off,torchfits-gpu-exhaustive-cpu-20261007-203905,0.0017593149095773697,374.54296875,,568403.072443821,rows/s,0.01922607421875,1000,"{'schema': 'narrow', 'nrows': 1000, 'ncols': 4, 'variable': False, 'compressed': False, 'profile': 'base'}",False,3,16.920603357159493,1592.0603357159493
exhaustive_cpu_20261007_203905,fitstable,fitstable_io,narrow_1000::row_slice,narrow_1000 [row_slice],row_slice,smart,fitsio,fitsio_torch,smart,OK,,True,off,torchfits-gpu-exhaustive-cpu-20261007-203905,0.00016424618661403656,374.54296875,,6088421.4155297745,rows/s,0.01922607421875,1000,"{'schema': 'narrow', 'nrows': 1000, 'ncols': 4, 'variable': False, 'compressed': False, 'profile': 'base'}",False,2,1.5796743161175901,57.96743161175901
exhaustive_cpu_20261007_203905,fitstable,fitstable_io,narrow_1000::row_slice,narrow_1000 [row_slice],row_slice,specialized,torchfits,torchfits_specialized,specialized,OK,,True,off,torchfits-gpu-exhaustive-cpu-20261007-203905,7.375143468379974e-05,374.546875,,13559058.26493244,rows/s,0.01922607421875,1000,"{'schema': 'narrow', 'nrows': 1000, 'ncols': 4, 'variable': False, 'compressed': False, 'profile': 'base'}",True,1,1.0,0.0
exhaustive_cpu_20261007_203905,fitstable,fitstable_io,narrow_1000::row_slice,narrow_1000 [row_slice],row_slice,specialized,astropy,astropy,specialized,OK,,True,off,torchfits-gpu-exhaustive-cpu-20261007-203905,0.0017175525426864624,374.546875,,582223.818571441,rows/s,0.01922607421875,1000,"{'schema': 'narrow', 'nrows': 1000, 'ncols': 4, 'variable': False, 'compressed': False, 'profile': 'base'}",False,3,23.288394999368606,2228.8394999368606
exhaustive_cpu_20261007_203905,fitstable,fitstable_io,narrow_1000::row_slice,narrow_1000 [row_slice],row_slice,specialized,fitsio,fitsio,specialized,OK,,True,off,torchfits-gpu-exhaustive-cpu-20261007-203905,0.00015208683907985687,374.546875,,6575190.897845709,rows/s,0.01922607421875,1000,"{'schema': 'narrow', 'nrows': 1000, 'ncols': 4, 'variable': False, 'compressed': False, 'profile': 'base'}",False,2,2.0621543124131834,106.21543124131834
exhaustive_cpu_20261007_203905,fitstable,fitstable_io,narrow_1000::predicate_filter,narrow_1000 [predicate_filter],predicate_filter,smart,torchfits,torchfits,smart,OK,,True,off,torchfits-gpu-exhaustive-cpu-20261007-203905,0.00011309981346130371,379.7265625,,8841747.562582346,rows/s,0.01922607421875,1000,"{'schema': 'narrow', 'nrows': 1000, 'ncols': 4, 'variable': False, 'compressed': False, 'profile': 'base'}",True,1,1.0,0.0
exhaustive_cpu_20261007_203905,fitstable,fitstable_io,narrow_1000::predicate_filter,narrow_1000 [predicate_filter],predicate_filter,smart,astropy,astropy_torch,smart,FAILED,,False,off,torchfits-gpu-exhaustive-cpu-20261007-203905,,,,,rows/s,0.01922607421875,1000,"{'schema': 'narrow', 'nrows': 1000, 'ncols': 4, 'variable': False, 'compressed': False, 'profile': 'base'}",False,,,
exhaustive_cpu_20261007_203905,fitstable,fitstable_io,narrow_1000::predicate_filter,narrow_1000 [predicate_filter],predicate_filter,smart,fitsio,fitsio_torch,smart,OK,,True,off,torchfits-gpu-exhaustive-cpu-20261007-203905,0.00012991204857826233,379.7265625,,7697515.441745764,rows/s,0.01922607421875,1000,"{'schema': 'narrow', 'nrows': 1000, 'ncols': 4, 'variable': False, 'compressed': False, 'profile': 'base'}",False,2,1.1486495388669302,14.864953886693023
exhaustive_cpu_20261007_203905,fitstable,fitstable_io,narrow_1000::predicate_filter,narrow_1000 [predicate_filter],predicate_filter,specialized,torchfits,torchfits_specialized,specialized,OK,,True,off,torchfits-gpu-exhaustive-cpu-20261007-203905,0.00017365999519824982,379.7421875,,5758378.599851984,rows/s,0.01922607421875,1000,"{'schema': 'narrow', 'nrows': 1000, 'ncols': 4, 'variable': False, 'compressed': False, 'profile': 'base'}",False,2,1.0277346032165966,2.77346032165966
exhaustive_cpu_20261007_203905,fitstable,fitstable_io,narrow_1000::predicate_filter,narrow_1000 [predicate_filter],predicate_filter,specialized,astropy,astropy,specialized,OK,,True,off,torchfits-gpu-exhaustive-cpu-20261007-203905,0.0012994464486837387,379.7421875,,769558.4539193131,rows/s,0.01922607421875,1000,"{'schema': 'narrow', 'nrows': 1000, 'ncols': 4, 'variable': False, 'compressed': False, 'profile': 'base'}",False,3,7.690234465425444,669.0234465425444
exhaustive_cpu_20261007_203905,fitstable,fitstable_io,narrow_1000::predicate_filter,narrow_1000 [predicate_filter],predicate_filter,specialized,fitsio,fitsio,specialized,OK,,True,off,torchfits-gpu-exhaustive-cpu-20261007-203905,0.00016897358000278473,379.7421875,,5918084.94548982,rows/s,0.01922607421875,1000,"{'schema': 'narrow', 'nrows': 1000, 'ncols': 4, 'variable': False, 'compressed': False, 'profile': 'base'}",True,1,1.0,0.0
exhaustive_cpu_20261007_203905,fitstable,fitstable_io,narrow_1000::predicate_filter_selective,narrow_1000 [predicate_filter_selective],predicate_filter_selective,smart,torchfits,torchfits,smart,OK,,True,off,torchfits-gpu-exhaustive-cpu-20261007-203905,0.00011349841952323914,381.01171875,,8810695.37532412,rows/s,0.01922607421875,1000,"{'schema': 'narrow', 'nrows': 1000, 'ncols': 4, 'variable': False, 'compressed': False, 'profile': 'base'}",True,1,1.0,0.0
exhaustive_cpu_20261007_203905,fitstable,fitstable_io,narrow_1000::predicate_filter_selective,narrow_1000 [predicate_filter_selective],predicate_filter_selective,smart,astropy,astropy_torch,smart,FAILED,,False,off,torchfits-gpu-exhaustive-cpu-20261007-203905,,,,,rows/s,0.01922607421875,1000,"{'schema': 'narrow', 'nrows': 1000, 'ncols': 4, 'variable': False, 'compressed': False, 'profile': 'base'}",False,,,
exhaustive_cpu_20261007_203905,fitstable,fitstable_io,narrow_1000::predicate_filter_selective,narrow_1000 [predicate_filter_selective],predicate_filter_selective,smart,fitsio,fitsio_torch,smart,OK,,True,off,torchfits-gpu-exhaustive-cpu-20261007-203905,0.00012737885117530823,381.01171875,,7850596.788816424,rows/s,0.01922607421875,1000,"{'schema': 'narrow', 'nrows': 1000, 'ncols': 4, 'variable': False, 'compressed': False, 'profile': 'base'}",False,2,1.1222962549643878,12.229625496438778
exhaustive_cpu_20261007_203905,fitstable,fitstable_io,narrow_1000::predicate_filter_selective,narrow_1000 [predicate_filter_selective],predicate_filter_selective,specialized,torchfits,torchfits_specialized,specialized,OK,,True,off,torchfits-gpu-exhaustive-cpu-20261007-203905,0.00017632730305194855,381.01171875,,5671271.451962182,rows/s,0.01922607421875,1000,"{'schema': 'narrow', 'nrows': 1000, 'ncols': 4, 'variable': False, 'compressed': False, 'profile': 'base'}",False,2,1.0470170548808813,4.701705488088126
exhaustive_cpu_20261007_203905,fitstable,fitstable_io,narrow_1000::predicate_filter_selective,narrow_1000 [predicate_filter_selective],predicate_filter_selective,specialized,astropy,astropy,specialized,OK,,True,off,torchfits-gpu-exhaustive-cpu-20261007-203905,0.0012860968708992004,381.01171875,,777546.406205646,rows/s,0.01922607421875,1000,"{'schema': 'narrow', 'nrows': 1000, 'ncols': 4, 'variable': False, 'compressed': False, 'profile': 'base'}",False,3,7.6367376733691685,663.6737673369169
exhaustive_cpu_20261007_203905,fitstable,fitstable_io,narrow_1000::predicate_filter_selective,narrow_1000 [predicate_filter_selective],predicate_filter_selective,specialized,fitsio,fitsio,specialized,OK,,True,off,torchfits-gpu-exhaustive-cpu-20261007-203905,0.00016840919852256775,381.01171875,,5937917.933063463,rows/s,0.01922607421875,1000,"{'schema': 'narrow', 'nrows': 1000, 'ncols': 4, 'variable': False, 'compressed': False, 'profile': 'base'}",True,1,1.0,0.0
exhaustive_cpu_20261007_203905,fitstable,fitstable_io,narrow_1000::scan_count,narrow_1000 [scan_count],scan_count,smart,torchfits,torchfits,smart,OK,,True,off,torchfits-gpu-exhaustive-cpu-20261007-203905,9.916722774505615e-06,381.0546875,,100839765.58978212,rows/s,0.01922607421875,1000,"{'schema': 'narrow', 'nrows': 1000, 'ncols': 4, 'variable': False, 'compressed': False, 'profile': 'base'}",True,1,1.0,0.0
exhaustive_cpu_20261007_203905,fitstable,fitstable_io,narrow_1000::scan_count,narrow_1000 [scan_count],scan_count,smart,astropy,astropy_torch,smart,OK,,True,off,torchfits-gpu-exhaustive-cpu-20261007-203905,0.0004038717597723007,381.0546875,,2476033.4829149507,rows/s,0.01922607421875,1000,"{'schema': 'narrow', 'nrows': 1000, 'ncols': 4, 'variable': False, 'compressed': False, 'profile': 'base'}",False,3,40.7263335837716,3972.6333583771598
exhaustive_cpu_20261007_203905,fitstable,fitstable_io,narrow_1000::scan_count,narrow_1000 [scan_count],scan_count,smart,fitsio,fitsio_torch,smart,OK,,True,off,torchfits-gpu-exhaustive-cpu-20261007-203905,5.8554112911224365e-05,381.0546875,,17078219.620816898,rows/s,0.01922607421875,1000,"{'schema': 'narrow', 'nrows': 1000, 'ncols': 4, 'variable': False, 'compressed': False, 'profile': 'base'}",False,2,5.904583020285499,490.4583020285499
exhaustive_cpu_20261007_203905,fitstable,fitstable_io,narrow_1000::scan_count,narrow_1000 [scan_count],scan_count,specialized,torchfits,torchfits_specialized,specialized,OK,,True,off,torchfits-gpu-exhaustive-cpu-20261007-203905,9.655952453613281e-06,381.0625,,103563061.72839506,rows/s,0.01922607421875,1000,"{'schema': 'narrow', 'nrows': 1000, 'ncols': 4, 'variable': False, 'compressed': False, 'profile': 'base'}",True,1,1.0,0.0
exhaustive_cpu_20261007_203905,fitstable,fitstable_io,narrow_1000::scan_count,narrow_1000 [scan_count],scan_count,specialized,astropy,astropy,specialized,OK,,True,off,torchfits-gpu-exhaustive-cpu-20261007-203905,0.00040218234062194824,381.0625,,2486434.383104854,rows/s,0.01922607421875,1000,"{'schema': 'narrow', 'nrows': 1000, 'ncols': 4, 'variable': False, 'compressed': False, 'profile': 'base'}",False,3,41.651234567901234,4065.1234567901233
exhaustive_cpu_20261007_203905,fitstable,fitstable_io,narrow_1000::scan_count,narrow_1000 [scan_count],scan_count,specialized,fitsio,fitsio,specialized,OK,,True,off,torchfits-gpu-exhaustive-cpu-20261007-203905,5.8064237236976624e-05,381.0625,,17222304.94338049,rows/s,0.01922607421875,1000,"{'schema': 'narrow', 'nrows': 1000, 'ncols': 4, 'variable': False, 'compressed': False, 'profile': 'base'}",False,2,6.013310185185185,501.33101851851853
exhaustive_cpu_20261007_203905,fitstable,fitstable_io,mixed_1000::read_full,mixed_1000 [read_full],read_full,smart,torchfits,torchfits,smart,OK,,True,off,torchfits-gpu-exhaustive-cpu-20261007-203905,0.0001285932958126068,381.1953125,,7776455.169616733,rows/s,0.05767822265625,1000,"{'schema': 'mixed', 'nrows': 1000, 'ncols': 8, 'variable': False, 'compressed': False, 'profile': 'base'}",True,1,1.0,0.0
exhaustive_cpu_20261007_203905,fitstable,fitstable_io,mixed_1000::read_full,mixed_1000 [read_full],read_full,smart,astropy,astropy_torch,smart,OK,,True,off,torchfits-gpu-exhaustive-cpu-20261007-203905,0.002514069899916649,381.1953125,,397761.4146818885,rows/s,0.05767822265625,1000,"{'schema': 'mixed', 'nrows': 1000, 'ncols': 8, 'variable': False, 'compressed': False, 'profile': 'base'}",False,3,19.550551869984645,1855.0551869984645
exhaustive_cpu_20261007_203905,fitstable,fitstable_io,mixed_1000::read_full,mixed_1000 [read_full],read_full,smart,fitsio,fitsio_torch,smart,OK,,True,off,torchfits-gpu-exhaustive-cpu-20261007-203905,0.0006055478006601334,381.1953125,,1651397.2949944786,rows/s,0.05767822265625,1000,"{'schema': 'mixed', 'nrows': 1000, 'ncols': 8, 'variable': False, 'compressed': False, 'profile': 'base'}",False,2,4.709015324893537,370.9015324893537
exhaustive_cpu_20261007_203905,fitstable,fitstable_io,mixed_1000::read_full,mixed_1000 [read_full],read_full,specialized,torchfits,torchfits_specialized,specialized,OK,,True,off,torchfits-gpu-exhaustive-cpu-20261007-203905,0.00010371953248977661,381.1953125,,9641385.532648517,rows/s,0.05767822265625,1000,"{'schema': 'mixed', 'nrows': 1000, 'ncols': 8, 'variable': False, 'compressed': False, 'profile': 'base'}",True,1,1.0,0.0
exhaustive_cpu_20261007_203905,fitstable,fitstable_io,mixed_1000::read_full,mixed_1000 [read_full],read_full,specialized,astropy,astropy,specialized,OK,,True,off,torchfits-gpu-exhaustive-cpu-20261007-203905,0.0021374542266130447,381.1953125,,467846.27598064375,rows/s,0.05767822265625,1000,"{'schema': 'mixed', 'nrows': 1000, 'ncols': 8, 'variable': False, 'compressed': False, 'profile': 'base'}",False,3,20.608020257165432,1960.802025716543
exhaustive_cpu_20261007_203905,fitstable,fitstable_io,mixed_1000::read_full,mixed_1000 [read_full],read_full,specialized,fitsio,fitsio,specialized,OK,,True,off,torchfits-gpu-exhaustive-cpu-20261007-203905,0.0002659410238265991,381.1953125,,3760232.195887264,rows/s,0.05767822265625,1000,"{'schema': 'mixed', 'nrows': 1000, 'ncols': 8, 'variable': False, 'compressed': False, 'profile': 'base'}",False,2,2.5640399396595073,156.40399396595072
exhaustive_cpu_20261007_203905,fitstable,fitstable_io,mixed_1000::projection,mixed_1000 [projection],projection,smart,torchfits,torchfits,smart,OK,,True,off,torchfits-gpu-exhaustive-cpu-20261007-203905,0.00011071935296058655,381.1953125,,9031844.68894048,rows/s,0.05767822265625,1000,"{'schema': 'mixed', 'nrows': 1000, 'ncols': 8, 'variable': False, 'compressed': False, 'profile': 'base'}",True,1,1.0,0.0
exhaustive_cpu_20261007_203905,fitstable,fitstable_io,mixed_1000::projection,mixed_1000 [projection],projection,smart,astropy,astropy_torch,smart,OK,,True,off,torchfits-gpu-exhaustive-cpu-20261007-203905,0.0018307212740182877,381.1953125,,546232.7958887371,rows/s,0.05767822265625,1000,"{'schema': 'mixed', 'nrows': 1000, 'ncols': 8, 'variable': False, 'compressed': False, 'profile': 'base'}",False,3,16.53479021567242,1553.479021567242
exhaustive_cpu_20261007_203905,fitstable,fitstable_io,mixed_1000::projection,mixed_1000 [projection],projection,smart,fitsio,fitsio_torch,smart,OK,,True,off,torchfits-gpu-exhaustive-cpu-20261007-203905,0.00020005181431770325,381.1953125,,4998704.977560939,rows/s,0.05767822265625,1000,"{'schema': 'mixed', 'nrows': 1000, 'ncols': 8, 'variable': False, 'compressed': False, 'profile': 'base'}",False,2,1.8068369166582552,80.68369166582552
exhaustive_cpu_20261007_203905,fitstable,fitstable_io,mixed_1000::projection,mixed_1000 [projection],projection,specialized,torchfits,torchfits_specialized,specialized,OK,,True,off,torchfits-gpu-exhaustive-cpu-20261007-203905,8.773244917392731e-05,381.1953125,,11398291.161546463,rows/s,0.05767822265625,1000,"{'schema': 'mixed', 'nrows': 1000, 'ncols': 8, 'variable': False, 'compressed': False, 'profile': 'base'}",True,1,1.0,0.0
exhaustive_cpu_20261007_203905,fitstable,fitstable_io,mixed_1000::projection,mixed_1000 [projection],projection,specialized,astropy,astropy,specialized,OK,,True,off,torchfits-gpu-exhaustive-cpu-20261007-203905,0.0017913933843374252,381.1953125,,558224.6807112474,rows/s,0.05767822265625,1000,"{'schema': 'mixed', 'nrows': 1000, 'ncols': 8, 'variable': False, 'compressed': False, 'profile': 'base'}",False,3,20.418823379546083,1941.8823379546084
exhaustive_cpu_20261007_203905,fitstable,fitstable_io,mixed_1000::projection,mixed_1000 [projection],projection,specialized,fitsio,fitsio,specialized,OK,,True,off,torchfits-gpu-exhaustive-cpu-20261007-203905,0.00019454769790172577,381.1953125,,5140127.643685314,rows/s,0.05767822265625,1000,"{'schema': 'mixed', 'nrows': 1000, 'ncols': 8, 'variable': False, 'compressed': False, 'profile': 'base'}",False,2,2.2175113054924522,121.75113054924522
exhaustive_cpu_20261007_203905,fitstable,fitstable_io,mixed_1000::row_slice,mixed_1000 [row_slice],row_slice,smart,torchfits,torchfits,smart,OK,,True,off,torchfits-gpu-exhaustive-cpu-20261007-203905,0.00011404231190681458,381.1953125,,8768675.268676706,rows/s,0.05767822265625,1000,"{'schema': 'mixed', 'nrows': 1000, 'ncols': 8, 'variable': False, 'compressed': False, 'profile': 'base'}",True,1,1.0,0.0
exhaustive_cpu_20261007_203905,fitstable,fitstable_io,mixed_1000::row_slice,mixed_1000 [row_slice],row_slice,smart,astropy,astropy_torch,smart,OK,,True,off,torchfits-gpu-exhaustive-cpu-20261007-203905,0.002712806686758995,381.1953125,,368621.9165121218,rows/s,0.05767822265625,1000,"{'schema': 'mixed', 'nrows': 1000, 'ncols': 8, 'variable': False, 'compressed': False, 'profile': 'base'}",False,3,23.787720902884395,2278.7720902884394
exhaustive_cpu_20261007_203905,fitstable,fitstable_io,mixed_1000::row_slice,mixed_1000 [row_slice],row_slice,smart,fitsio,fitsio_torch,smart,OK,,True,off,torchfits-gpu-exhaustive-cpu-20261007-203905,0.00026880018413066864,381.1953125,,3720235.5468398114,rows/s,0.05767822265625,1000,"{'schema': 'mixed', 'nrows': 1000, 'ncols': 8, 'variable': False, 'compressed': False, 'profile': 'base'}",False,2,2.3570215268023387,135.70215268023387
exhaustive_cpu_20261007_203905,fitstable,fitstable_io,mixed_1000::row_slice,mixed_1000 [row_slice],row_slice,specialized,torchfits,torchfits_specialized,specialized,OK,,True,off,torchfits-gpu-exhaustive-cpu-20261007-203905,8.97534191608429e-05,381.1953125,,11141636.823973767,rows/s,0.05767822265625,1000,"{'schema': 'mixed', 'nrows': 1000, 'ncols': 8, 'variable': False, 'compressed': False, 'profile': 'base'}",True,1,1.0,0.0
exhaustive_cpu_20261007_203905,fitstable,fitstable_io,mixed_1000::row_slice,mixed_1000 [row_slice],row_slice,specialized,astropy,astropy,specialized,OK,,True,off,torchfits-gpu-exhaustive-cpu-20261007-203905,0.002625511959195137,381.1953125,,380878.0975069543,rows/s,0.05767822265625,1000,"{'schema': 'mixed', 'nrows': 1000, 'ncols': 8, 'variable': False, 'compressed': False, 'profile': 'base'}",False,3,29.252500726352054,2825.2500726352055
exhaustive_cpu_20261007_203905,fitstable,fitstable_io,mixed_1000::row_slice,mixed_1000 [row_slice],row_slice,specialized,fitsio,fitsio,specialized,OK,,True,off,torchfits-gpu-exhaustive-cpu-20261007-203905,0.00020073726773262024,381.1953125,,4981636.0025981255,rows/s,0.05767822265625,1000,"{'schema': 'mixed', 'nrows': 1000, 'ncols': 8, 'variable': False, 'compressed': False, 'profile': 'base'}",False,2,2.236541734113643,123.65417341136431
exhaustive_cpu_20261007_203905,fitstable,fitstable_io,mixed_1000::predicate_filter,mixed_1000 [predicate_filter],predicate_filter,smart,torchfits,torchfits,smart,OK,,True,off,torchfits-gpu-exhaustive-cpu-20261007-203905,0.00011321157217025757,381.3203125,,8833019.282658769,rows/s,0.05767822265625,1000,"{'schema': 'mixed', 'nrows': 1000, 'ncols': 8, 'variable': False, 'compressed': False, 'profile': 'base'}",True,1,1.0,0.0
exhaustive_cpu_20261007_203905,fitstable,fitstable_io,mixed_1000::predicate_filter,mixed_1000 [predicate_filter],predicate_filter,smart,astropy,astropy_torch,smart,FAILED,,False,off,torchfits-gpu-exhaustive-cpu-20261007-203905,,,,,rows/s,0.05767822265625,1000,"{'schema': 'mixed', 'nrows': 1000, 'ncols': 8, 'variable': False, 'compressed': False, 'profile': 'base'}",False,,,
exhaustive_cpu_20261007_203905,fitstable,fitstable_io,mixed_1000::predicate_filter,mixed_1000 [predicate_filter],predicate_filter,smart,fitsio,fitsio_torch,smart,OK,,True,off,torchfits-gpu-exhaustive-cpu-20261007-203905,0.00014276430010795593,381.3203125,,7004552.253216084,rows/s,0.05767822265625,1000,"{'schema': 'mixed', 'nrows': 1000, 'ncols': 8, 'variable': False, 'compressed': False, 'profile': 'base'}",False,2,1.2610398157288583,26.103981572885825
exhaustive_cpu_20261007_203905,fitstable,fitstable_io,mixed_1000::predicate_filter,mixed_1000 [predicate_filter],predicate_filter,specialized,torchfits,torchfits_specialized,specialized,OK,,True,off,torchfits-gpu-exhaustive-cpu-20261007-203905,0.00017786026000976562,381.3203125,,5622391.420911528,rows/s,0.05767822265625,1000,"{'schema': 'mixed', 'nrows': 1000, 'ncols': 8, 'variable': False, 'compressed': False, 'profile': 'base'}",True,1,1.0,0.0
exhaustive_cpu_20261007_203905,fitstable,fitstable_io,mixed_1000::predicate_filter,mixed_1000 [predicate_filter],predicate_filter,specialized,astropy,astropy,specialized,OK,,True,off,torchfits-gpu-exhaustive-cpu-20261007-203905,0.0017904210835695267,381.3203125,,558527.828552108,rows/s,0.05767822265625,1000,"{'schema': 'mixed', 'nrows': 1000, 'ncols': 8, 'variable': False, 'compressed': False, 'profile': 'base'}",False,3,10.066448140080428,906.6448140080429
exhaustive_cpu_20261007_203905,fitstable,fitstable_io,mixed_1000::predicate_filter,mixed_1000 [predicate_filter],predicate_filter,specialized,fitsio,fitsio,specialized,OK,,True,off,torchfits-gpu-exhaustive-cpu-20261007-203905,0.00018816068768501282,381.3203125,,5314606.426577441,rows/s,0.05767822265625,1000,"{'schema': 'mixed', 'nrows': 1000, 'ncols': 8, 'variable': False, 'compressed': False, 'profile': 'base'}",False,2,1.0579130361930296,5.791303619302957
exhaustive_cpu_20261007_203905,fitstable,fitstable_io,mixed_1000::predicate_filter_selective,mixed_1000 [predicate_filter_selective],predicate_filter_selective,smart,torchfits,torchfits,smart,OK,,True,off,torchfits-gpu-exhaustive-cpu-20261007-203905,0.00011913105845451355,381.3203125,,8394116.639044372,rows/s,0.05767822265625,1000,"{'schema': 'mixed', 'nrows': 1000, 'ncols': 8, 'variable': False, 'compressed': False, 'profile': 'base'}",True,1,1.0,0.0
exhaustive_cpu_20261007_203905,fitstable,fitstable_io,mixed_1000::predicate_filter_selective,mixed_1000 [predicate_filter_selective],predicate_filter_selective,smart,astropy,astropy_torch,smart,FAILED,,False,off,torchfits-gpu-exhaustive-cpu-20261007-203905,,,,,rows/s,0.05767822265625,1000,"{'schema': 'mixed', 'nrows': 1000, 'ncols': 8, 'variable': False, 'compressed': False, 'profile': 'base'}",False,,,
exhaustive_cpu_20261007_203905,fitstable,fitstable_io,mixed_1000::predicate_filter_selective,mixed_1000 [predicate_filter_selective],predicate_filter_selective,smart,fitsio,fitsio_torch,smart,OK,,True,off,torchfits-gpu-exhaustive-cpu-20261007-203905,0.0001392178237438202,381.3203125,,7182988.306440823,rows/s,0.05767822265625,1000,"{'schema': 'mixed', 'nrows': 1000, 'ncols': 8, 'variable': False, 'compressed': False, 'profile': 'base'}",False,2,1.1686106507395477,16.861065073954773
exhaustive_cpu_20261007_203905,fitstable,fitstable_io,mixed_1000::predicate_filter_selective,mixed_1000 [predicate_filter_selective],predicate_filter_selective,specialized,torchfits,torchfits_specialized,specialized,OK,,True,off,torchfits-gpu-exhaustive-cpu-20261007-203905,0.0001896992325782776,381.3203125,,5271502.611837712,rows/s,0.05767822265625,1000,"{'schema': 'mixed', 'nrows': 1000, 'ncols': 8, 'variable': False, 'compressed': False, 'profile': 'base'}",False,2,1.0281768346238882,2.8176834623888203
exhaustive_cpu_20261007_203905,fitstable,fitstable_io,mixed_1000::predicate_filter_selective,mixed_1000 [predicate_filter_selective],predicate_filter_selective,specialized,astropy,astropy,specialized,OK,,True,off,torchfits-gpu-exhaustive-cpu-20261007-203905,0.0017965640872716904,381.3203125,,556618.0505804423,rows/s,0.05767822265625,1000,"{'schema': 'mixed', 'nrows': 1000, 'ncols': 8, 'variable': False, 'compressed': False, 'profile': 'base'}",False,3,9.737443590804922,873.7443590804922
exhaustive_cpu_20261007_203905,fitstable,fitstable_io,mixed_1000::predicate_filter_selective,mixed_1000 [predicate_filter_selective],predicate_filter_selective,specialized,fitsio,fitsio,specialized,OK,,True,off,torchfits-gpu-exhaustive-cpu-20261007-203905,0.000184500589966774,381.3203125,,5420036.869150858,rows/s,0.05767822265625,1000,"{'schema': 'mixed', 'nrows': 1000, 'ncols': 8, 'variable': False, 'compressed': False, 'profile': 'base'}",True,1,1.0,0.0
exhaustive_cpu_20261007_203905,fitstable,fitstable_io,mixed_1000::scan_count,mixed_1000 [scan_count],scan_count,smart,torchfits,torchfits,smart,OK,,True,off,torchfits-gpu-exhaustive-cpu-20261007-203905,1.0324642062187195e-05,381.3203125,,96855657.94696014,rows/s,0.05767822265625,1000,"{'schema': 'mixed', 'nrows': 1000, 'ncols': 8, 'variable': False, 'compressed': False, 'profile': 'base'}",True,1,1.0,0.0
exhaustive_cpu_20261007_203905,fitstable,fitstable_io,mixed_1000::scan_count,mixed_1000 [scan_count],scan_count,smart,astropy,astropy_torch,smart,OK,,True,off,torchfits-gpu-exhaustive-cpu-20261007-203905,0.0004148092120885849,381.3203125,,2410746.846640533,rows/s,0.05767822265625,1000,"{'schema': 'mixed', 'nrows': 1000, 'ncols': 8, 'variable': False, 'compressed': False, 'profile': 'base'}",False,3,40.17661915930002,3917.6619159300017
exhaustive_cpu_20261007_203905,fitstable,fitstable_io,mixed_1000::scan_count,mixed_1000 [scan_count],scan_count,smart,fitsio,fitsio_torch,smart,OK,,True,off,torchfits-gpu-exhaustive-cpu-20261007-203905,6.936304271221161e-05,381.3203125,,14416899.272268321,rows/s,0.05767822265625,1000,"{'schema': 'mixed', 'nrows': 1000, 'ncols': 8, 'variable': False, 'compressed': False, 'profile': 'base'}",False,2,6.718203139094353,571.8203139094353
exhaustive_cpu_20261007_203905,fitstable,fitstable_io,mixed_1000::scan_count,mixed_1000 [scan_count],scan_count,specialized,torchfits,torchfits_specialized,specialized,OK,,True,off,torchfits-gpu-exhaustive-cpu-20261007-203905,1.0134652256965637e-05,381.3203125,,98671367.76327881,rows/s,0.05767822265625,1000,"{'schema': 'mixed', 'nrows': 1000, 'ncols': 8, 'variable': False, 'compressed': False, 'profile': 'base'}",True,1,1.0,0.0
exhaustive_cpu_20261007_203905,fitstable,fitstable_io,mixed_1000::scan_count,mixed_1000 [scan_count],scan_count,specialized,astropy,astropy,specialized,OK,,True,off,torchfits-gpu-exhaustive-cpu-20261007-203905,0.0004211515188217163,381.3203125,,2374442.345115522,rows/s,0.05767822265625,1000,"{'schema': 'mixed', 'nrows': 1000, 'ncols': 8, 'variable': False, 'compressed': False, 'profile': 'base'}",False,3,41.555596397721004,4055.5596397721006
exhaustive_cpu_20261007_203905,fitstable,fitstable_io,mixed_1000::scan_count,mixed_1000 [scan_count],scan_count,specialized,fitsio,fitsio,specialized,OK,,True,off,torchfits-gpu-exhaustive-cpu-20261007-203905,6.935559213161469e-05,381.3203125,,14418448.019336646,rows/s,0.05767822265625,1000,"{'schema': 'mixed', 'nrows': 1000, 'ncols': 8, 'variable': False, 'compressed': False, 'profile': 'base'}",False,2,6.843411137658519,584.3411137658519
exhaustive_cpu_20261007_203905,fitstable,fitstable_io,wide_1000::read_full,wide_1000 [read_full],read_full,smart,torchfits,torchfits,smart,OK,,True,off,torchfits-gpu-exhaustive-cpu-20261007-203905,0.00022844038903713226,381.61328125,,4377509.61734465,rows/s,0.2197265625,1000,"{'schema': 'wide', 'nrows': 1000, 'ncols': 41, 'variable': False, 'compressed': False, 'profile': 'base'}",True,1,1.0,0.0
exhaustive_cpu_20261007_203905,fitstable,fitstable_io,wide_1000::read_full,wide_1000 [read_full],read_full,smart,astropy,astropy_torch,smart,OK,,True,off,torchfits-gpu-exhaustive-cpu-20261007-203905,0.008309561759233475,381.61328125,,120343.28993208495,rows/s,0.2197265625,1000,"{'schema': 'wide', 'nrows': 1000, 'ncols': 41, 'variable': False, 'compressed': False, 'profile': 'base'}",False,3,36.37518651696387,3537.518651696387
exhaustive_cpu_20261007_203905,fitstable,fitstable_io,wide_1000::read_full,wide_1000 [read_full],read_full,smart,fitsio,fitsio_torch,smart,OK,,True,off,torchfits-gpu-exhaustive-cpu-20261007-203905,0.0021006055176258087,381.61328125,,476053.21018590935,rows/s,0.2197265625,1000,"{'schema': 'wide', 'nrows': 1000, 'ncols': 41, 'variable': False, 'compressed': False, 'profile': 'base'}",False,2,9.195420855654216,819.5420855654216
exhaustive_cpu_20261007_203905,fitstable,fitstable_io,wide_1000::read_full,wide_1000 [read_full],read_full,specialized,torchfits,torchfits_specialized,specialized,OK,,True,off,torchfits-gpu-exhaustive-cpu-20261007-203905,0.00023379549384117126,381.62109375,,4277242.403479979,rows/s,0.2197265625,1000,"{'schema': 'wide', 'nrows': 1000, 'ncols': 41, 'variable': False, 'compressed': False, 'profile': 'base'}",True,1,1.0,0.0
exhaustive_cpu_20261007_203905,fitstable,fitstable_io,wide_1000::read_full,wide_1000 [read_full],read_full,specialized,astropy,astropy,specialized,OK,,True,off,torchfits-gpu-exhaustive-cpu-20261007-203905,0.0069630928337574005,381.62109375,,143614.34263118726,rows/s,0.2197265625,1000,"{'schema': 'wide', 'nrows': 1000, 'ncols': 41, 'variable': False, 'compressed': False, 'profile': 'base'}",False,3,29.78283592791472,2878.283592791472
exhaustive_cpu_20261007_203905,fitstable,fitstable_io,wide_1000::read_full,wide_1000 [read_full],read_full,specialized,fitsio,fitsio,specialized,OK,,True,off,torchfits-gpu-exhaustive-cpu-20261007-203905,0.0008162166923284531,381.62109375,,1225164.8482552606,rows/s,0.2197265625,1000,"{'schema': 'wide', 'nrows': 1000, 'ncols': 41, 'variable': False, 'compressed': False, 'profile': 'base'}",False,2,3.491156646855431,249.11566468554312
exhaustive_cpu_20261007_203905,fitstable,fitstable_io,wide_1000::projection,wide_1000 [projection],projection,smart,torchfits,torchfits,smart,OK,,True,off,torchfits-gpu-exhaustive-cpu-20261007-203905,0.00012786313891410828,381.62109375,,7820862.278938321,rows/s,0.2197265625,1000,"{'schema': 'wide', 'nrows': 1000, 'ncols': 41, 'variable': False, 'compressed': False, 'profile': 'base'}",True,1,1.0,0.0
exhaustive_cpu_20261007_203905,fitstable,fitstable_io,wide_1000::projection,wide_1000 [projection],projection,smart,astropy,astropy_torch,smart,OK,,True,off,torchfits-gpu-exhaustive-cpu-20261007-203905,0.005569327622652054,381.62109375,,179554.88844518914,rows/s,0.2197265625,1000,"{'schema': 'wide', 'nrows': 1000, 'ncols': 41, 'variable': False, 'compressed': False, 'profile': 'base'}",False,3,43.55694432304868,4255.694432304868
exhaustive_cpu_20261007_203905,fitstable,fitstable_io,wide_1000::projection,wide_1000 [projection],projection,smart,fitsio,fitsio_torch,smart,OK,,True,off,torchfits-gpu-exhaustive-cpu-20261007-203905,0.0004084911197423935,381.62109375,,2448033.6332173618,rows/s,0.2197265625,1000,"{'schema': 'wide', 'nrows': 1000, 'ncols': 41, 'variable': False, 'compressed': False, 'profile': 'base'}",False,2,3.1947527896745624,219.47527896745623
exhaustive_cpu_20261007_203905,fitstable,fitstable_io,wide_1000::projection,wide_1000 [projection],projection,specialized,torchfits,torchfits_specialized,specialized,OK,,True,off,torchfits-gpu-exhaustive-cpu-20261007-203905,0.00014487653970718384,381.62109375,,6902428.799177166,rows/s,0.2197265625,1000,"{'schema': 'wide', 'nrows': 1000, 'ncols': 41, 'variable': False, 'compressed': False, 'profile': 'base'}",True,1,1.0,0.0
exhaustive_cpu_20261007_203905,fitstable,fitstable_io,wide_1000::projection,wide_1000 [projection],projection,specialized,astropy,astropy,specialized,OK,,True,off,torchfits-gpu-exhaustive-cpu-20261007-203905,0.005541633814573288,381.62109375,,180452.19757577957,rows/s,0.2197265625,1000,"{'schema': 'wide', 'nrows': 1000, 'ncols': 41, 'variable': False, 'compressed': False, 'profile': 'base'}",False,3,38.250732836204676,3725.0732836204675
exhaustive_cpu_20261007_203905,fitstable,fitstable_io,wide_1000::projection,wide_1000 [projection],projection,specialized,fitsio,fitsio,specialized,OK,,True,off,torchfits-gpu-exhaustive-cpu-20261007-203905,0.0004042796790599823,381.62109375,,2473535.158445675,rows/s,0.2197265625,1000,"{'schema': 'wide', 'nrows': 1000, 'ncols': 41, 'variable': False, 'compressed': False, 'profile': 'base'}",False,2,2.790511699665724,179.0511699665724
exhaustive_cpu_20261007_203905,fitstable,fitstable_io,wide_1000::row_slice,wide_1000 [row_slice],row_slice,smart,torchfits,torchfits,smart,OK,,True,off,torchfits-gpu-exhaustive-cpu-20261007-203905,0.00016622990369796753,381.6328125,,6015764.779705078,rows/s,0.2197265625,1000,"{'schema': 'wide', 'nrows': 1000, 'ncols': 41, 'variable': False, 'compressed': False, 'profile': 'base'}",True,1,1.0,0.0
exhaustive_cpu_20261007_203905,fitstable,fitstable_io,wide_1000::row_slice,wide_1000 [row_slice],row_slice,smart,astropy,astropy_torch,smart,OK,,True,off,torchfits-gpu-exhaustive-cpu-20261007-203905,0.009474581107497215,381.6328125,,105545.56329764302,rows/s,0.2197265625,1000,"{'schema': 'wide', 'nrows': 1000, 'ncols': 41, 'variable': False, 'compressed': False, 'profile': 'base'}",False,3,56.996851328940885,5599.685132894088
exhaustive_cpu_20261007_203905,fitstable,fitstable_io,wide_1000::row_slice,wide_1000 [row_slice],row_slice,smart,fitsio,fitsio_torch,smart,OK,,True,off,torchfits-gpu-exhaustive-cpu-20261007-203905,0.0007151961326599121,381.6328125,,1398217.851487624,rows/s,0.2197265625,1000,"{'schema': 'wide', 'nrows': 1000, 'ncols': 41, 'variable': False, 'compressed': False, 'profile': 'base'}",False,2,4.30245170543678,330.24517054367794
exhaustive_cpu_20261007_203905,fitstable,fitstable_io,wide_1000::row_slice,wide_1000 [row_slice],row_slice,specialized,torchfits,torchfits_specialized,specialized,OK,,True,off,torchfits-gpu-exhaustive-cpu-20261007-203905,0.00017166882753372192,381.6328125,,5825169.39368951,rows/s,0.2197265625,1000,"{'schema': 'wide', 'nrows': 1000, 'ncols': 41, 'variable': False, 'compressed': False, 'profile': 'base'}",True,1,1.0,0.0
exhaustive_cpu_20261007_203905,fitstable,fitstable_io,wide_1000::row_slice,wide_1000 [row_slice],row_slice,specialized,astropy,astropy,specialized,OK,,True,off,torchfits-gpu-exhaustive-cpu-20261007-203905,0.009265806525945663,381.6328125,,107923.68664291105,rows/s,0.2197265625,1000,"{'schema': 'wide', 'nrows': 1000, 'ncols': 41, 'variable': False, 'compressed': False, 'profile': 'base'}",False,3,53.974892582787206,5297.489258278721
exhaustive_cpu_20261007_203905,fitstable,fitstable_io,wide_1000::row_slice,wide_1000 [row_slice],row_slice,specialized,fitsio,fitsio,specialized,OK,,True,off,torchfits-gpu-exhaustive-cpu-20261007-203905,0.0005054809153079987,381.6328125,,1978314.0564084046,rows/s,0.2197265625,1000,"{'schema': 'wide', 'nrows': 1000, 'ncols': 41, 'variable': False, 'compressed': False, 'profile': 'base'}",False,2,2.944511956946313,194.4511956946313
exhaustive_cpu_20261007_203905,fitstable,fitstable_io,wide_1000::predicate_filter,wide_1000 [predicate_filter],predicate_filter,smart,torchfits,torchfits,smart,OK,,True,off,torchfits-gpu-exhaustive-cpu-20261007-203905,0.00025046616792678833,381.6328125,,3992555.1952880984,rows/s,0.2197265625,1000,"{'schema': 'wide', 'nrows': 1000, 'ncols': 41, 'variable': False, 'compressed': False, 'profile': 'base'}",True,1,1.0,0.0
exhaustive_cpu_20261007_203905,fitstable,fitstable_io,wide_1000::predicate_filter,wide_1000 [predicate_filter],predicate_filter,smart,astropy,astropy_torch,smart,FAILED,,False,off,torchfits-gpu-exhaustive-cpu-20261007-203905,,,,,rows/s,0.2197265625,1000,"{'schema': 'wide', 'nrows': 1000, 'ncols': 41, 'variable': False, 'compressed': False, 'profile': 'base'}",False,,,
exhaustive_cpu_20261007_203905,fitstable,fitstable_io,wide_1000::predicate_filter,wide_1000 [predicate_filter],predicate_filter,smart,fitsio,fitsio_torch,smart,OK,,True,off,torchfits-gpu-exhaustive-cpu-20261007-203905,0.0003613196313381195,381.6328125,,2767632.6257075397,rows/s,0.2197265625,1000,"{'schema': 'wide', 'nrows': 1000, 'ncols': 41, 'variable': False, 'compressed': False, 'profile': 'base'}",False,2,1.4425885712585893,44.25885712585893
exhaustive_cpu_20261007_203905,fitstable,fitstable_io,wide_1000::predicate_filter,wide_1000 [predicate_filter],predicate_filter,specialized,torchfits,torchfits_specialized,specialized,OK,,True,off,torchfits-gpu-exhaustive-cpu-20261007-203905,0.00031833164393901825,381.6328125,,3141377.927830407,rows/s,0.2197265625,1000,"{'schema': 'wide', 'nrows': 1000, 'ncols': 41, 'variable': False, 'compressed': False, 'profile': 'base'}",True,1,1.0,0.0
exhaustive_cpu_20261007_203905,fitstable,fitstable_io,wide_1000::predicate_filter,wide_1000 [predicate_filter],predicate_filter,specialized,astropy,astropy,specialized,OK,,True,off,torchfits-gpu-exhaustive-cpu-20261007-203905,0.005554987117648125,381.6328125,,180018.4192728391,rows/s,0.2197265625,1000,"{'schema': 'wide', 'nrows': 1000, 'ncols': 41, 'variable': False, 'compressed': False, 'profile': 'base'}",False,3,17.45031392076207,1645.031392076207
exhaustive_cpu_20261007_203905,fitstable,fitstable_io,wide_1000::predicate_filter,wide_1000 [predicate_filter],predicate_filter,specialized,fitsio,fitsio,specialized,OK,,True,off,torchfits-gpu-exhaustive-cpu-20261007-203905,0.0004017110913991928,381.6328125,,2489351.231296397,rows/s,0.2197265625,1000,"{'schema': 'wide', 'nrows': 1000, 'ncols': 41, 'variable': False, 'compressed': False, 'profile': 'base'}",False,2,1.2619263558860874,26.192635588608738
exhaustive_cpu_20261007_203905,fitstable,fitstable_io,wide_1000::predicate_filter_selective,wide_1000 [predicate_filter_selective],predicate_filter_selective,smart,torchfits,torchfits,smart,OK,,True,off,torchfits-gpu-exhaustive-cpu-20261007-203905,0.00023345090448856354,381.63671875,,4283555.9030742105,rows/s,0.2197265625,1000,"{'schema': 'wide', 'nrows': 1000, 'ncols': 41, 'variable': False, 'compressed': False, 'profile': 'base'}",True,1,1.0,0.0
exhaustive_cpu_20261007_203905,fitstable,fitstable_io,wide_1000::predicate_filter_selective,wide_1000 [predicate_filter_selective],predicate_filter_selective,smart,astropy,astropy_torch,smart,FAILED,,False,off,torchfits-gpu-exhaustive-cpu-20261007-203905,,,,,rows/s,0.2197265625,1000,"{'schema': 'wide', 'nrows': 1000, 'ncols': 41, 'variable': False, 'compressed': False, 'profile': 'base'}",False,,,
exhaustive_cpu_20261007_203905,fitstable,fitstable_io,wide_1000::predicate_filter_selective,wide_1000 [predicate_filter_selective],predicate_filter_selective,smart,fitsio,fitsio_torch,smart,OK,,True,off,torchfits-gpu-exhaustive-cpu-20261007-203905,0.00034558773040771484,381.63671875,,2893621.2487064507,rows/s,0.2197265625,1000,"{'schema': 'wide', 'nrows': 1000, 'ncols': 41, 'variable': False, 'compressed': False, 'profile': 'base'}",False,2,1.4803443626179857,48.034436261798575
exhaustive_cpu_20261007_203905,fitstable,fitstable_io,wide_1000::predicate_filter_selective,wide_1000 [predicate_filter_selective],predicate_filter_selective,specialized,torchfits,torchfits_specialized,specialized,OK,,True,off,torchfits-gpu-exhaustive-cpu-20261007-203905,0.00031504593789577484,381.63671875,,3174140.275158302,rows/s,0.2197265625,1000,"{'schema': 'wide', 'nrows': 1000, 'ncols': 41, 'variable': False, 'compressed': False, 'profile': 'base'}",True,1,1.0,0.0
exhaustive_cpu_20261007_203905,fitstable,fitstable_io,wide_1000::predicate_filter_selective,wide_1000 [predicate_filter_selective],predicate_filter_selective,specialized,astropy,astropy,specialized,OK,,True,off,torchfits-gpu-exhaustive-cpu-20261007-203905,0.005549270659685135,381.63671875,,180203.8612506134,rows/s,0.2197265625,1000,"{'schema': 'wide', 'nrows': 1000, 'ncols': 41, 'variable': False, 'compressed': False, 'profile': 'base'}",False,3,17.614163498660865,1661.4163498660864
exhaustive_cpu_20261007_203905,fitstable,fitstable_io,wide_1000::predicate_filter_selective,wide_1000 [predicate_filter_selective],predicate_filter_selective,specialized,fitsio,fitsio,specialized,OK,,True,off,torchfits-gpu-exhaustive-cpu-20261007-203905,0.00039716996252536774,381.63671875,,2517813.7682960574,rows/s,0.2197265625,1000,"{'schema': 'wide', 'nrows': 1000, 'ncols': 41, 'variable': False, 'compressed': False, 'profile': 'base'}",False,2,1.2606731741348831,26.06731741348831
exhaustive_cpu_20261007_203905,fitstable,fitstable_io,wide_1000::scan_count,wide_1000 [scan_count],scan_count,smart,torchfits,torchfits,smart,OK,,True,off,torchfits-gpu-exhaustive-cpu-20261007-203905,1.0667368769645691e-05,381.63671875,,93743829.5791863,rows/s,0.2197265625,1000,"{'schema': 'wide', 'nrows': 1000, 'ncols': 41, 'variable': False, 'compressed': False, 'profile': 'base'}",True,1,1.0,0.0
exhaustive_cpu_20261007_203905,fitstable,fitstable_io,wide_1000::scan_count,wide_1000 [scan_count],scan_count,smart,astropy,astropy_torch,smart,OK,,True,off,torchfits-gpu-exhaustive-cpu-20261007-203905,0.0005363728851079941,381.63671875,,1864374.63146307,rows/s,0.2197265625,1000,"{'schema': 'wide', 'nrows': 1000, 'ncols': 41, 'variable': False, 'compressed': False, 'profile': 'base'}",False,3,50.28164833246028,4928.164833246028
exhaustive_cpu_20261007_203905,fitstable,fitstable_io,wide_1000::scan_count,wide_1000 [scan_count],scan_count,smart,fitsio,fitsio_torch,smart,OK,,True,off,torchfits-gpu-exhaustive-cpu-20261007-203905,0.0002439785748720169,381.63671875,,4098720.555788831,rows/s,0.2197265625,1000,"{'schema': 'wide', 'nrows': 1000, 'ncols': 41, 'variable': False, 'compressed': False, 'profile': 'base'}",False,2,22.8714859437751,2187.1485943775097
exhaustive_cpu_20261007_203905,fitstable,fitstable_io,wide_1000::scan_count,wide_1000 [scan_count],scan_count,specialized,torchfits,torchfits_specialized,specialized,OK,,True,off,torchfits-gpu-exhaustive-cpu-20261007-203905,1.0328367352485657e-05,381.63671875,,96820723.53471597,rows/s,0.2197265625,1000,"{'schema': 'wide', 'nrows': 1000, 'ncols': 41, 'variable': False, 'compressed': False, 'profile': 'base'}",True,1,1.0,0.0
exhaustive_cpu_20261007_203905,fitstable,fitstable_io,wide_1000::scan_count,wide_1000 [scan_count],scan_count,specialized,astropy,astropy,specialized,OK,,True,off,torchfits-gpu-exhaustive-cpu-20261007-203905,0.0005374737083911896,381.63671875,,1860556.124676837,rows/s,0.2197265625,1000,"{'schema': 'wide', 'nrows': 1000, 'ncols': 41, 'variable': False, 'compressed': False, 'profile': 'base'}",False,3,52.03859332732191,5103.859332732191
exhaustive_cpu_20261007_203905,fitstable,fitstable_io,wide_1000::scan_count,wide_1000 [scan_count],scan_count,specialized,fitsio,fitsio,specialized,OK,,True,off,torchfits-gpu-exhaustive-cpu-20261007-203905,0.00024317577481269836,381.63671875,,4112251.7272546226,rows/s,0.2197265625,1000,"{'schema': 'wide', 'nrows': 1000, 'ncols': 41, 'variable': False, 'compressed': False, 'profile': 'base'}",False,2,23.544454463480612,2254.445446348061
exhaustive_cpu_20261007_203905,fitstable,fitstable_io,narrow_10000::read_full,narrow_10000 [read_full],read_full,smart,torchfits,torchfits,smart,OK,,True,off,torchfits-gpu-exhaustive-cpu-20261007-203905,0.00016407109797000885,381.63671875,,60949186.80819663,rows/s,0.1318359375,10000,"{'schema': 'narrow', 'nrows': 10000, 'ncols': 4, 'variable': False, 'compressed': False, 'profile': 'base'}",True,1,1.0,0.0
exhaustive_cpu_20261007_203905,fitstable,fitstable_io,narrow_10000::read_full,narrow_10000 [read_full],read_full,smart,astropy,astropy_torch,smart,OK,,True,off,torchfits-gpu-exhaustive-cpu-20261007-203905,0.0014240462332963943,381.63671875,,7022243.917496917,rows/s,0.1318359375,10000,"{'schema': 'narrow', 'nrows': 10000, 'ncols': 4, 'variable': False, 'compressed': False, 'profile': 'base'}",False,3,8.67944598966907,767.9445989669069
exhaustive_cpu_20261007_203905,fitstable,fitstable_io,narrow_10000::read_full,narrow_10000 [read_full],read_full,smart,fitsio,fitsio_torch,smart,OK,,True,off,torchfits-gpu-exhaustive-cpu-20261007-203905,0.00018286332488059998,381.63671875,,54685651.19074297,rows/s,0.1318359375,10000,"{'schema': 'narrow', 'nrows': 10000, 'ncols': 4, 'variable': False, 'compressed': False, 'profile': 'base'}",False,2,1.1145370948515638,11.453709485156383
exhaustive_cpu_20261007_203905,fitstable,fitstable_io,narrow_10000::read_full,narrow_10000 [read_full],read_full,specialized,torchfits,torchfits_specialized,specialized,OK,,True,off,torchfits-gpu-exhaustive-cpu-20261007-203905,0.00013119913637638092,381.63671875,,76220013.91314223,rows/s,0.1318359375,10000,"{'schema': 'narrow', 'nrows': 10000, 'ncols': 4, 'variable': False, 'compressed': False, 'profile': 'base'}",True,1,1.0,0.0
exhaustive_cpu_20261007_203905,fitstable,fitstable_io,narrow_10000::read_full,narrow_10000 [read_full],read_full,specialized,astropy,astropy,specialized,OK,,True,off,torchfits-gpu-exhaustive-cpu-20261007-203905,0.0013872962445020676,381.63671875,,7208265.746865933,rows/s,0.1318359375,10000,"{'schema': 'narrow', 'nrows': 10000, 'ncols': 4, 'variable': False, 'compressed': False, 'profile': 'base'}",False,3,10.573973905759757,957.3973905759758
exhaustive_cpu_20261007_203905,fitstable,fitstable_io,narrow_10000::read_full,narrow_10000 [read_full],read_full,specialized,fitsio,fitsio,specialized,OK,,True,off,torchfits-gpu-exhaustive-cpu-20261007-203905,0.00019242055714130402,381.63671875,,51969499.2497943,rows/s,0.1318359375,10000,"{'schema': 'narrow', 'nrows': 10000, 'ncols': 4, 'variable': False, 'compressed': False, 'profile': 'base'}",False,2,1.4666297542484774,46.662975424847744
exhaustive_cpu_20261007_203905,fitstable,fitstable_io,narrow_10000::projection,narrow_10000 [projection],projection,smart,torchfits,torchfits,smart,OK,,True,off,torchfits-gpu-exhaustive-cpu-20261007-203905,0.0001429431140422821,381.63671875,,69957899.45531783,rows/s,0.1318359375,10000,"{'schema': 'narrow', 'nrows': 10000, 'ncols': 4, 'variable': False, 'compressed': False, 'profile': 'base'}",True,1,1.0,0.0
exhaustive_cpu_20261007_203905,fitstable,fitstable_io,narrow_10000::projection,narrow_10000 [projection],projection,smart,astropy,astropy_torch,smart,OK,,True,off,torchfits-gpu-exhaustive-cpu-20261007-203905,0.0013888310641050339,381.63671875,,7200299.776160338,rows/s,0.1318359375,10000,"{'schema': 'narrow', 'nrows': 10000, 'ncols': 4, 'variable': False, 'compressed': False, 'profile': 'base'}",False,3,9.7159703943082,871.5970394308201
exhaustive_cpu_20261007_203905,fitstable,fitstable_io,narrow_10000::projection,narrow_10000 [projection],projection,smart,fitsio,fitsio_torch,smart,OK,,True,off,torchfits-gpu-exhaustive-cpu-20261007-203905,0.00039382651448249817,381.63671875,,25391891.181172375,rows/s,0.1318359375,10000,"{'schema': 'narrow', 'nrows': 10000, 'ncols': 4, 'variable': False, 'compressed': False, 'profile': 'base'}",False,2,2.755127570300487,175.5127570300487
exhaustive_cpu_20261007_203905,fitstable,fitstable_io,narrow_10000::projection,narrow_10000 [projection],projection,specialized,torchfits,torchfits_specialized,specialized,OK,,True,off,torchfits-gpu-exhaustive-cpu-20261007-203905,0.00011423788964748383,381.63671875,,87536631.06748626,rows/s,0.1318359375,10000,"{'schema': 'narrow', 'nrows': 10000, 'ncols': 4, 'variable': False, 'compressed': False, 'profile': 'base'}",True,1,1.0,0.0
exhaustive_cpu_20261007_203905,fitstable,fitstable_io,narrow_10000::projection,narrow_10000 [projection],projection,specialized,astropy,astropy,specialized,OK,,True,off,torchfits-gpu-exhaustive-cpu-20261007-203905,0.0013527031987905502,381.63671875,,7392604.681456349,rows/s,0.1318359375,10000,"{'schema': 'narrow', 'nrows': 10000, 'ncols': 4, 'variable': False, 'compressed': False, 'profile': 'base'}",False,3,11.841108085633692,1084.1108085633691
exhaustive_cpu_20261007_203905,fitstable,fitstable_io,narrow_10000::projection,narrow_10000 [projection],projection,specialized,fitsio,fitsio,specialized,OK,,True,off,torchfits-gpu-exhaustive-cpu-20261007-203905,0.00039194896817207336,381.63671875,,25513525.51490785,rows/s,0.1318359375,10000,"{'schema': 'narrow', 'nrows': 10000, 'ncols': 4, 'variable': False, 'compressed': False, 'profile': 'base'}",False,2,3.4309892224160703,243.09892224160703
exhaustive_cpu_20261007_203905,fitstable,fitstable_io,narrow_10000::row_slice,narrow_10000 [row_slice],row_slice,smart,torchfits,torchfits,smart,OK,,True,off,torchfits-gpu-exhaustive-cpu-20261007-203905,0.00011449307203292847,381.63671875,,87341529.25099239,rows/s,0.1318359375,10000,"{'schema': 'narrow', 'nrows': 10000, 'ncols': 4, 'variable': False, 'compressed': False, 'profile': 'base'}",True,1,1.0,0.0
exhaustive_cpu_20261007_203905,fitstable,fitstable_io,narrow_10000::row_slice,narrow_10000 [row_slice],row_slice,smart,astropy,astropy_torch,smart,OK,,True,off,torchfits-gpu-exhaustive-cpu-20261007-203905,0.0017980094999074936,381.63671875,,5561705.875588807,rows/s,0.1318359375,10000,"{'schema': 'narrow', 'nrows': 10000, 'ncols': 4, 'variable': False, 'compressed': False, 'profile': 'base'}",False,3,15.704089932973254,1470.4089932973254
exhaustive_cpu_20261007_203905,fitstable,fitstable_io,narrow_10000::row_slice,narrow_10000 [row_slice],row_slice,smart,fitsio,fitsio_torch,smart,OK,,True,off,torchfits-gpu-exhaustive-cpu-20261007-203905,0.00020557641983032227,381.63671875,,48643711.22064366,rows/s,0.1318359375,10000,"{'schema': 'narrow', 'nrows': 10000, 'ncols': 4, 'variable': False, 'compressed': False, 'profile': 'base'}",False,2,1.7955358885924384,79.55358885924385
exhaustive_cpu_20261007_203905,fitstable,fitstable_io,narrow_10000::row_slice,narrow_10000 [row_slice],row_slice,specialized,torchfits,torchfits_specialized,specialized,OK,,True,off,torchfits-gpu-exhaustive-cpu-20261007-203905,8.177943527698517e-05,381.63671875,,122280130.28128915,rows/s,0.1318359375,10000,"{'schema': 'narrow', 'nrows': 10000, 'ncols': 4, 'variable': False, 'compressed': False, 'profile': 'base'}",True,1,1.0,0.0
exhaustive_cpu_20261007_203905,fitstable,fitstable_io,narrow_10000::row_slice,narrow_10000 [row_slice],row_slice,specialized,astropy,astropy,specialized,OK,,True,off,torchfits-gpu-exhaustive-cpu-20261007-203905,0.001767616719007492,381.63671875,,5657335.039020761,rows/s,0.1318359375,10000,"{'schema': 'narrow', 'nrows': 10000, 'ncols': 4, 'variable': False, 'compressed': False, 'profile': 'base'}",False,3,21.6144402687621,2061.44402687621
exhaustive_cpu_20261007_203905,fitstable,fitstable_io,narrow_10000::row_slice,narrow_10000 [row_slice],row_slice,specialized,fitsio,fitsio,specialized,OK,,True,off,torchfits-gpu-exhaustive-cpu-20261007-203905,0.00019911490380764008,381.63671875,,50222257.64506684,rows/s,0.1318359375,10000,"{'schema': 'narrow', 'nrows': 10000, 'ncols': 4, 'variable': False, 'compressed': False, 'profile': 'base'}",False,2,2.4347796378544584,143.47796378544584
exhaustive_cpu_20261007_203905,fitstable,fitstable_io,narrow_10000::predicate_filter,narrow_10000 [predicate_filter],predicate_filter,smart,torchfits,torchfits,smart,OK,,True,off,torchfits-gpu-exhaustive-cpu-20261007-203905,0.0002122633159160614,381.77734375,,47111296.44254901,rows/s,0.1318359375,10000,"{'schema': 'narrow', 'nrows': 10000, 'ncols': 4, 'variable': False, 'compressed': False, 'profile': 'base'}",True,1,1.0,0.0
exhaustive_cpu_20261007_203905,fitstable,fitstable_io,narrow_10000::predicate_filter,narrow_10000 [predicate_filter],predicate_filter,smart,astropy,astropy_torch,smart,FAILED,,False,off,torchfits-gpu-exhaustive-cpu-20261007-203905,,,,,rows/s,0.1318359375,10000,"{'schema': 'narrow', 'nrows': 10000, 'ncols': 4, 'variable': False, 'compressed': False, 'profile': 'base'}",False,,,
exhaustive_cpu_20261007_203905,fitstable,fitstable_io,narrow_10000::predicate_filter,narrow_10000 [predicate_filter],predicate_filter,smart,fitsio,fitsio_torch,smart,OK,,True,off,torchfits-gpu-exhaustive-cpu-20261007-203905,0.0002642609179019928,381.77734375,,37841388.274102375,rows/s,0.1318359375,10000,"{'schema': 'narrow', 'nrows': 10000, 'ncols': 4, 'variable': False, 'compressed': False, 'profile': 'base'}",False,2,1.244967444146089,24.496744414608894
exhaustive_cpu_20261007_203905,fitstable,fitstable_io,narrow_10000::predicate_filter,narrow_10000 [predicate_filter],predicate_filter,specialized,torchfits,torchfits_specialized,specialized,OK,,True,off,torchfits-gpu-exhaustive-cpu-20261007-203905,0.00026837363839149475,381.77734375,,37261483.877236575,rows/s,0.1318359375,10000,"{'schema': 'narrow', 'nrows': 10000, 'ncols': 4, 'variable': False, 'compressed': False, 'profile': 'base'}",True,1,1.0,0.0
exhaustive_cpu_20261007_203905,fitstable,fitstable_io,narrow_10000::predicate_filter,narrow_10000 [predicate_filter],predicate_filter,specialized,astropy,astropy,specialized,OK,,True,off,torchfits-gpu-exhaustive-cpu-20261007-203905,0.0013944581151008606,381.77734375,,7171244.436608054,rows/s,0.1318359375,10000,"{'schema': 'narrow', 'nrows': 10000, 'ncols': 4, 'variable': False, 'compressed': False, 'profile': 'base'}",False,3,5.1959578573312415,419.59578573312416
exhaustive_cpu_20261007_203905,fitstable,fitstable_io,narrow_10000::predicate_filter,narrow_10000 [predicate_filter],predicate_filter,specialized,fitsio,fitsio,specialized,OK,,True,off,torchfits-gpu-exhaustive-cpu-20261007-203905,0.00030116550624370575,381.77734375,,33204333.805438902,rows/s,0.1318359375,10000,"{'schema': 'narrow', 'nrows': 10000, 'ncols': 4, 'variable': False, 'compressed': False, 'profile': 'base'}",False,2,1.1221873655279633,12.218736552796328
exhaustive_cpu_20261007_203905,fitstable,fitstable_io,narrow_10000::predicate_filter_selective,narrow_10000 [predicate_filter_selective],predicate_filter_selective,smart,torchfits,torchfits,smart,OK,,True,off,torchfits-gpu-exhaustive-cpu-20261007-203905,0.00017128512263298035,381.77734375,,58382186.65042737,rows/s,0.1318359375,10000,"{'schema': 'narrow', 'nrows': 10000, 'ncols': 4, 'variable': False, 'compressed': False, 'profile': 'base'}",True,1,1.0,0.0
exhaustive_cpu_20261007_203905,fitstable,fitstable_io,narrow_10000::predicate_filter_selective,narrow_10000 [predicate_filter_selective],predicate_filter_selective,smart,astropy,astropy_torch,smart,FAILED,,False,off,torchfits-gpu-exhaustive-cpu-20261007-203905,,,,,rows/s,0.1318359375,10000,"{'schema': 'narrow', 'nrows': 10000, 'ncols': 4, 'variable': False, 'compressed': False, 'profile': 'base'}",False,,,
exhaustive_cpu_20261007_203905,fitstable,fitstable_io,narrow_10000::predicate_filter_selective,narrow_10000 [predicate_filter_selective],predicate_filter_selective,smart,fitsio,fitsio_torch,smart,OK,,True,off,torchfits-gpu-exhaustive-cpu-20261007-203905,0.00023671984672546387,381.77734375,,42244028.704519704,rows/s,0.1318359375,10000,"{'schema': 'narrow', 'nrows': 10000, 'ncols': 4, 'variable': False, 'compressed': False, 'profile': 'base'}",False,2,1.3820222275386589,38.20222275386589
exhaustive_cpu_20261007_203905,fitstable,fitstable_io,narrow_10000::predicate_filter_selective,narrow_10000 [predicate_filter_selective],predicate_filter_selective,specialized,torchfits,torchfits_specialized,specialized,OK,,True,off,torchfits-gpu-exhaustive-cpu-20261007-203905,0.00023177452385425568,381.77734375,,43145380.40551943,rows/s,0.1318359375,10000,"{'schema': 'narrow', 'nrows': 10000, 'ncols': 4, 'variable': False, 'compressed': False, 'profile': 'base'}",True,1,1.0,0.0
exhaustive_cpu_20261007_203905,fitstable,fitstable_io,narrow_10000::predicate_filter_selective,narrow_10000 [predicate_filter_selective],predicate_filter_selective,specialized,astropy,astropy,specialized,OK,,True,off,torchfits-gpu-exhaustive-cpu-20261007-203905,0.0013641547411680222,381.77734375,,7330546.67349377,rows/s,0.1318359375,10000,"{'schema': 'narrow', 'nrows': 10000, 'ncols': 4, 'variable': False, 'compressed': False, 'profile': 'base'}",False,3,5.885697523968722,488.5697523968722
exhaustive_cpu_20261007_203905,fitstable,fitstable_io,narrow_10000::predicate_filter_selective,narrow_10000 [predicate_filter_selective],predicate_filter_selective,specialized,fitsio,fitsio,specialized,OK,,True,off,torchfits-gpu-exhaustive-cpu-20261007-203905,0.00026507116854190826,381.77734375,,37725717.41773184,rows/s,0.1318359375,10000,"{'schema': 'narrow', 'nrows': 10000, 'ncols': 4, 'variable': False, 'compressed': False, 'profile': 'base'}",False,2,1.143659640127619,14.36596401276189
exhaustive_cpu_20261007_203905,fitstable,fitstable_io,narrow_10000::scan_count,narrow_10000 [scan_count],scan_count,smart,torchfits,torchfits,smart,OK,,True,off,torchfits-gpu-exhaustive-cpu-20261007-203905,9.875744581222534e-06,381.77734375,,1012581878.5364014,rows/s,0.1318359375,10000,"{'schema': 'narrow', 'nrows': 10000, 'ncols': 4, 'variable': False, 'compressed': False, 'profile': 'base'}",True,1,1.0,0.0
exhaustive_cpu_20261007_203905,fitstable,fitstable_io,narrow_10000::scan_count,narrow_10000 [scan_count],scan_count,smart,astropy,astropy_torch,smart,OK,,True,off,torchfits-gpu-exhaustive-cpu-20261007-203905,0.0004105959087610245,381.77734375,,24354845.6928737,rows/s,0.1318359375,10000,"{'schema': 'narrow', 'nrows': 10000, 'ncols': 4, 'variable': False, 'compressed': False, 'profile': 'base'}",False,3,41.576197661259904,4057.6197661259903
exhaustive_cpu_20261007_203905,fitstable,fitstable_io,narrow_10000::scan_count,narrow_10000 [scan_count],scan_count,smart,fitsio,fitsio_torch,smart,OK,,True,off,torchfits-gpu-exhaustive-cpu-20261007-203905,5.8282166719436646e-05,381.77734375,,171579070.62959412,rows/s,0.1318359375,10000,"{'schema': 'narrow', 'nrows': 10000, 'ncols': 4, 'variable': False, 'compressed': False, 'profile': 'base'}",False,2,5.901546586193889,490.1546586193889
exhaustive_cpu_20261007_203905,fitstable,fitstable_io,narrow_10000::scan_count,narrow_10000 [scan_count],scan_count,specialized,torchfits,torchfits_specialized,specialized,OK,,True,off,torchfits-gpu-exhaustive-cpu-20261007-203905,9.994953870773315e-06,381.77734375,,1000504867.6854267,rows/s,0.1318359375,10000,"{'schema': 'narrow', 'nrows': 10000, 'ncols': 4, 'variable': False, 'compressed': False, 'profile': 'base'}",True,1,1.0,0.0
exhaustive_cpu_20261007_203905,fitstable,fitstable_io,narrow_10000::scan_count,narrow_10000 [scan_count],scan_count,specialized,astropy,astropy,specialized,OK,,True,off,torchfits-gpu-exhaustive-cpu-20261007-203905,0.0004085022956132889,381.77734375,,24479666.595231473,rows/s,0.1318359375,10000,"{'schema': 'narrow', 'nrows': 10000, 'ncols': 4, 'variable': False, 'compressed': False, 'profile': 'base'}",False,3,40.87085352217667,3987.0853522176667
exhaustive_cpu_20261007_203905,fitstable,fitstable_io,narrow_10000::scan_count,narrow_10000 [scan_count],scan_count,specialized,fitsio,fitsio,specialized,OK,,True,off,torchfits-gpu-exhaustive-cpu-20261007-203905,5.82374632358551e-05,381.77734375,,171710775.92272756,rows/s,0.1318359375,10000,"{'schema': 'narrow', 'nrows': 10000, 'ncols': 4, 'variable': False, 'compressed': False, 'profile': 'base'}",False,2,5.826686544912412,482.66865449124117
exhaustive_cpu_20261007_203905,fitstable,fitstable_io,mixed_10000::read_full,mixed_10000 [read_full],read_full,smart,torchfits,torchfits,smart,OK,,True,off,torchfits-gpu-exhaustive-cpu-20261007-203905,0.0002817772328853607,382.15625,,35489027.61802774,rows/s,0.51361083984375,10000,"{'schema': 'mixed', 'nrows': 10000, 'ncols': 8, 'variable': False, 'compressed': False, 'profile': 'base'}",True,1,1.0,0.0
exhaustive_cpu_20261007_203905,fitstable,fitstable_io,mixed_10000::read_full,mixed_10000 [read_full],read_full,smart,astropy,astropy_torch,smart,OK,,True,off,torchfits-gpu-exhaustive-cpu-20261007-203905,0.00758819654583931,382.15625,,1317836.1867133118,rows/s,0.51361083984375,10000,"{'schema': 'mixed', 'nrows': 10000, 'ncols': 8, 'variable': False, 'compressed': False, 'profile': 'base'}",False,3,26.929771678631393,2592.977167863139
exhaustive_cpu_20261007_203905,fitstable,fitstable_io,mixed_10000::read_full,mixed_10000 [read_full],read_full,smart,fitsio,fitsio_torch,smart,OK,,True,off,torchfits-gpu-exhaustive-cpu-20261007-203905,0.004172515124082565,382.15625,,2396636.01032453,rows/s,0.51361083984375,10000,"{'schema': 'mixed', 'nrows': 10000, 'ncols': 8, 'variable': False, 'compressed': False, 'profile': 'base'}",False,2,14.807850447520458,1380.785044752046
exhaustive_cpu_20261007_203905,fitstable,fitstable_io,mixed_10000::read_full,mixed_10000 [read_full],read_full,specialized,torchfits,torchfits_specialized,specialized,OK,,True,off,torchfits-gpu-exhaustive-cpu-20261007-203905,0.00024574436247348785,382.1640625,,40692693.41256547,rows/s,0.51361083984375,10000,"{'schema': 'mixed', 'nrows': 10000, 'ncols': 8, 'variable': False, 'compressed': False, 'profile': 'base'}",True,1,1.0,0.0
exhaustive_cpu_20261007_203905,fitstable,fitstable_io,mixed_10000::read_full,mixed_10000 [read_full],read_full,specialized,astropy,astropy,specialized,OK,,True,off,torchfits-gpu-exhaustive-cpu-20261007-203905,0.00444909930229187,382.171875,,2247645.943719145,rows/s,0.51361083984375,10000,"{'schema': 'mixed', 'nrows': 10000, 'ncols': 8, 'variable': False, 'compressed': False, 'profile': 'base'}",False,3,18.1045833870222,1710.4583387022199
exhaustive_cpu_20261007_203905,fitstable,fitstable_io,mixed_10000::read_full,mixed_10000 [read_full],read_full,specialized,fitsio,fitsio,specialized,OK,,True,off,torchfits-gpu-exhaustive-cpu-20261007-203905,0.0011060629040002823,382.171875,,9041077.106765935,rows/s,0.51361083984375,10000,"{'schema': 'mixed', 'nrows': 10000, 'ncols': 8, 'variable': False, 'compressed': False, 'profile': 'base'}",False,2,4.500867864749532,350.0867864749532
exhaustive_cpu_20261007_203905,fitstable,fitstable_io,mixed_10000::projection,mixed_10000 [projection],projection,smart,torchfits,torchfits,smart,OK,,True,off,torchfits-gpu-exhaustive-cpu-20261007-203905,0.00018732063472270966,382.171875,,53384401.64268597,rows/s,0.51361083984375,10000,"{'schema': 'mixed', 'nrows': 10000, 'ncols': 8, 'variable': False, 'compressed': False, 'profile': 'base'}",True,1,1.0,0.0
exhaustive_cpu_20261007_203905,fitstable,fitstable_io,mixed_10000::projection,mixed_10000 [projection],projection,smart,astropy,astropy_torch,smart,OK,,True,off,torchfits-gpu-exhaustive-cpu-20261007-203905,0.001949511468410492,382.171875,,5129490.214362969,rows/s,0.51361083984375,10000,"{'schema': 'mixed', 'nrows': 10000, 'ncols': 8, 'variable': False, 'compressed': False, 'profile': 'base'}",False,3,10.40735032366482,940.7350323664821
exhaustive_cpu_20261007_203905,fitstable,fitstable_io,mixed_10000::projection,mixed_10000 [projection],projection,smart,fitsio,fitsio_torch,smart,OK,,True,off,torchfits-gpu-exhaustive-cpu-20261007-203905,0.0004864204674959183,382.171875,,20558345.440272644,rows/s,0.51361083984375,10000,"{'schema': 'mixed', 'nrows': 10000, 'ncols': 8, 'variable': False, 'compressed': False, 'profile': 'base'}",False,2,2.5967265604025176,159.67265604025175
exhaustive_cpu_20261007_203905,fitstable,fitstable_io,mixed_10000::projection,mixed_10000 [projection],projection,specialized,torchfits,torchfits_specialized,specialized,OK,,True,off,torchfits-gpu-exhaustive-cpu-20261007-203905,0.00015987642109394073,382.171875,,62548310.323535234,rows/s,0.51361083984375,10000,"{'schema': 'mixed', 'nrows': 10000, 'ncols': 8, 'variable': False, 'compressed': False, 'profile': 'base'}",True,1,1.0,0.0
exhaustive_cpu_20261007_203905,fitstable,fitstable_io,mixed_10000::projection,mixed_10000 [projection],projection,specialized,astropy,astropy,specialized,OK,,True,off,torchfits-gpu-exhaustive-cpu-20261007-203905,0.0019326116889715195,382.171875,,5174345.19156909,rows/s,0.51361083984375,10000,"{'schema': 'mixed', 'nrows': 10000, 'ncols': 8, 'variable': False, 'compressed': False, 'profile': 'base'}",False,3,12.088159565668215,1108.8159565668216
exhaustive_cpu_20261007_203905,fitstable,fitstable_io,mixed_10000::projection,mixed_10000 [projection],projection,specialized,fitsio,fitsio,specialized,OK,,True,off,torchfits-gpu-exhaustive-cpu-20261007-203905,0.00048205628991127014,382.171875,,20744465.344162717,rows/s,0.51361083984375,10000,"{'schema': 'mixed', 'nrows': 10000, 'ncols': 8, 'variable': False, 'compressed': False, 'profile': 'base'}",False,2,3.0151806414782194,201.51806414782195
exhaustive_cpu_20261007_203905,fitstable,fitstable_io,mixed_10000::row_slice,mixed_10000 [row_slice],row_slice,smart,torchfits,torchfits,smart,OK,,True,off,torchfits-gpu-exhaustive-cpu-20261007-203905,0.00013634748756885529,382.171875,,73342018.82487944,rows/s,0.51361083984375,10000,"{'schema': 'mixed', 'nrows': 10000, 'ncols': 8, 'variable': False, 'compressed': False, 'profile': 'base'}",True,1,1.0,0.0
exhaustive_cpu_20261007_203905,fitstable,fitstable_io,mixed_10000::row_slice,mixed_10000 [row_slice],row_slice,smart,astropy,astropy_torch,smart,OK,,True,off,torchfits-gpu-exhaustive-cpu-20261007-203905,0.003340272232890129,382.171875,,2993767.9634415978,rows/s,0.51361083984375,10000,"{'schema': 'mixed', 'nrows': 10000, 'ncols': 8, 'variable': False, 'compressed': False, 'profile': 'base'}",False,3,24.498230898484994,2349.8230898484994
exhaustive_cpu_20261007_203905,fitstable,fitstable_io,mixed_10000::row_slice,mixed_10000 [row_slice],row_slice,smart,fitsio,fitsio_torch,smart,OK,,True,off,torchfits-gpu-exhaustive-cpu-20261007-203905,0.0006688516587018967,382.171875,,14950998.281753447,rows/s,0.51361083984375,10000,"{'schema': 'mixed', 'nrows': 10000, 'ncols': 8, 'variable': False, 'compressed': False, 'profile': 'base'}",False,2,4.905493094356634,390.5493094356634
exhaustive_cpu_20261007_203905,fitstable,fitstable_io,mixed_10000::row_slice,mixed_10000 [row_slice],row_slice,specialized,torchfits,torchfits_specialized,specialized,OK,,True,off,torchfits-gpu-exhaustive-cpu-20261007-203905,0.00010556913912296295,382.171875,,94724652.32810487,rows/s,0.51361083984375,10000,"{'schema': 'mixed', 'nrows': 10000, 'ncols': 8, 'variable': False, 'compressed': False, 'profile': 'base'}",True,1,1.0,0.0
exhaustive_cpu_20261007_203905,fitstable,fitstable_io,mixed_10000::row_slice,mixed_10000 [row_slice],row_slice,specialized,astropy,astropy,specialized,OK,,True,off,torchfits-gpu-exhaustive-cpu-20261007-203905,0.0029595717787742615,382.171875,,3378867.196842108,rows/s,0.51361083984375,10000,"{'schema': 'mixed', 'nrows': 10000, 'ncols': 8, 'variable': False, 'compressed': False, 'profile': 'base'}",False,3,28.03444077844628,2703.4440778446283
exhaustive_cpu_20261007_203905,fitstable,fitstable_io,mixed_10000::row_slice,mixed_10000 [row_slice],row_slice,specialized,fitsio,fitsio,specialized,OK,,True,off,torchfits-gpu-exhaustive-cpu-20261007-203905,0.0003244969993829727,382.171875,,30816925.94697296,rows/s,0.51361083984375,10000,"{'schema': 'mixed', 'nrows': 10000, 'ncols': 8, 'variable': False, 'compressed': False, 'profile': 'base'}",False,2,3.073786544806535,207.37865448065352
exhaustive_cpu_20261007_203905,fitstable,fitstable_io,mixed_10000::predicate_filter,mixed_10000 [predicate_filter],predicate_filter,smart,torchfits,torchfits,smart,OK,,True,off,torchfits-gpu-exhaustive-cpu-20261007-203905,0.0003160964697599411,382.171875,,31635911.68099562,rows/s,0.51361083984375,10000,"{'schema': 'mixed', 'nrows': 10000, 'ncols': 8, 'variable': False, 'compressed': False, 'profile': 'base'}",True,1,1.0,0.0
exhaustive_cpu_20261007_203905,fitstable,fitstable_io,mixed_10000::predicate_filter,mixed_10000 [predicate_filter],predicate_filter,smart,astropy,astropy_torch,smart,FAILED,,False,off,torchfits-gpu-exhaustive-cpu-20261007-203905,,,,,rows/s,0.51361083984375,10000,"{'schema': 'mixed', 'nrows': 10000, 'ncols': 8, 'variable': False, 'compressed': False, 'profile': 'base'}",False,,,
exhaustive_cpu_20261007_203905,fitstable,fitstable_io,mixed_10000::predicate_filter,mixed_10000 [predicate_filter],predicate_filter,smart,fitsio,fitsio_torch,smart,OK,,True,off,torchfits-gpu-exhaustive-cpu-20261007-203905,0.00035720132291316986,382.171875,,27995417.03385809,rows/s,0.51361083984375,10000,"{'schema': 'mixed', 'nrows': 10000, 'ncols': 8, 'variable': False, 'compressed': False, 'profile': 'base'}",False,2,1.130038950401584,13.003895040158397
exhaustive_cpu_20261007_203905,fitstable,fitstable_io,mixed_10000::predicate_filter,mixed_10000 [predicate_filter],predicate_filter,specialized,torchfits,torchfits_specialized,specialized,OK,,True,off,torchfits-gpu-exhaustive-cpu-20261007-203905,0.0003591179847717285,382.171875,,27846001.65975104,rows/s,0.51361083984375,10000,"{'schema': 'mixed', 'nrows': 10000, 'ncols': 8, 'variable': False, 'compressed': False, 'profile': 'base'}",True,1,1.0,0.0
exhaustive_cpu_20261007_203905,fitstable,fitstable_io,mixed_10000::predicate_filter,mixed_10000 [predicate_filter],predicate_filter,specialized,astropy,astropy,specialized,OK,,True,off,torchfits-gpu-exhaustive-cpu-20261007-203905,0.0019529983401298523,382.171875,,5120332.052783574,rows/s,0.51361083984375,10000,"{'schema': 'mixed', 'nrows': 10000, 'ncols': 8, 'variable': False, 'compressed': False, 'profile': 'base'}",False,3,5.438319502074688,443.8319502074688
exhaustive_cpu_20261007_203905,fitstable,fitstable_io,mixed_10000::predicate_filter,mixed_10000 [predicate_filter],predicate_filter,specialized,fitsio,fitsio,specialized,OK,,True,off,torchfits-gpu-exhaustive-cpu-20261007-203905,0.0003907103091478348,382.171875,,25594410.40040808,rows/s,0.51361083984375,10000,"{'schema': 'mixed', 'nrows': 10000, 'ncols': 8, 'variable': False, 'compressed': False, 'profile': 'base'}",False,2,1.087971991701245,8.797199170124493
exhaustive_cpu_20261007_203905,fitstable,fitstable_io,mixed_10000::predicate_filter_selective,mixed_10000 [predicate_filter_selective],predicate_filter_selective,smart,torchfits,torchfits,smart,OK,,True,off,torchfits-gpu-exhaustive-cpu-20261007-203905,0.0002639368176460266,382.171875,,37887855.46930134,rows/s,0.51361083984375,10000,"{'schema': 'mixed', 'nrows': 10000, 'ncols': 8, 'variable': False, 'compressed': False, 'profile': 'base'}",True,1,1.0,0.0
exhaustive_cpu_20261007_203905,fitstable,fitstable_io,mixed_10000::predicate_filter_selective,mixed_10000 [predicate_filter_selective],predicate_filter_selective,smart,astropy,astropy_torch,smart,FAILED,,False,off,torchfits-gpu-exhaustive-cpu-20261007-203905,,,,,rows/s,0.51361083984375,10000,"{'schema': 'mixed', 'nrows': 10000, 'ncols': 8, 'variable': False, 'compressed': False, 'profile': 'base'}",False,,,
exhaustive_cpu_20261007_203905,fitstable,fitstable_io,mixed_10000::predicate_filter_selective,mixed_10000 [predicate_filter_selective],predicate_filter_selective,smart,fitsio,fitsio_torch,smart,OK,,True,off,torchfits-gpu-exhaustive-cpu-20261007-203905,0.00031134486198425293,382.171875,,32118724.992820907,rows/s,0.51361083984375,10000,"{'schema': 'mixed', 'nrows': 10000, 'ncols': 8, 'variable': False, 'compressed': False, 'profile': 'base'}",False,2,1.1796189131968948,17.96189131968948
exhaustive_cpu_20261007_203905,fitstable,fitstable_io,mixed_10000::predicate_filter_selective,mixed_10000 [predicate_filter_selective],predicate_filter_selective,specialized,torchfits,torchfits_specialized,specialized,OK,,True,off,torchfits-gpu-exhaustive-cpu-20261007-203905,0.00032796524465084076,382.171875,,30491035.75181031,rows/s,0.51361083984375,10000,"{'schema': 'mixed', 'nrows': 10000, 'ncols': 8, 'variable': False, 'compressed': False, 'profile': 'base'}",True,1,1.0,0.0
exhaustive_cpu_20261007_203905,fitstable,fitstable_io,mixed_10000::predicate_filter_selective,mixed_10000 [predicate_filter_selective],predicate_filter_selective,specialized,astropy,astropy,specialized,OK,,True,off,torchfits-gpu-exhaustive-cpu-20261007-203905,0.001921921968460083,382.171875,,5203124.874009521,rows/s,0.51361083984375,10000,"{'schema': 'mixed', 'nrows': 10000, 'ncols': 8, 'variable': False, 'compressed': False, 'profile': 'base'}",False,3,5.860139145250604,486.0139145250604
exhaustive_cpu_20261007_203905,fitstable,fitstable_io,mixed_10000::predicate_filter_selective,mixed_10000 [predicate_filter_selective],predicate_filter_selective,specialized,fitsio,fitsio,specialized,OK,,True,off,torchfits-gpu-exhaustive-cpu-20261007-203905,0.00035005994141101837,382.171875,,28566536.232886553,rows/s,0.51361083984375,10000,"{'schema': 'mixed', 'nrows': 10000, 'ncols': 8, 'variable': False, 'compressed': False, 'profile': 'base'}",False,2,1.0673690188839984,6.736901888399838
exhaustive_cpu_20261007_203905,fitstable,fitstable_io,mixed_10000::scan_count,mixed_10000 [scan_count],scan_count,smart,torchfits,torchfits,smart,OK,,True,off,torchfits-gpu-exhaustive-cpu-20261007-203905,1.0007992386817932e-05,382.171875,,999201399.5905453,rows/s,0.51361083984375,10000,"{'schema': 'mixed', 'nrows': 10000, 'ncols': 8, 'variable': False, 'compressed': False, 'profile': 'base'}",True,1,1.0,0.0
exhaustive_cpu_20261007_203905,fitstable,fitstable_io,mixed_10000::scan_count,mixed_10000 [scan_count],scan_count,smart,astropy,astropy_torch,smart,OK,,True,off,torchfits-gpu-exhaustive-cpu-20261007-203905,0.00042298249900341034,382.171875,,23641640.076270327,rows/s,0.51361083984375,10000,"{'schema': 'mixed', 'nrows': 10000, 'ncols': 8, 'variable': False, 'compressed': False, 'profile': 'base'}",False,3,42.264470500651406,4126.4470500651405
exhaustive_cpu_20261007_203905,fitstable,fitstable_io,mixed_10000::scan_count,mixed_10000 [scan_count],scan_count,smart,fitsio,fitsio_torch,smart,OK,,True,off,torchfits-gpu-exhaustive-cpu-20261007-203905,6.91879540681839e-05,382.171875,,144533830.12518507,rows/s,0.51361083984375,10000,"{'schema': 'mixed', 'nrows': 10000, 'ncols': 8, 'variable': False, 'compressed': False, 'profile': 'base'}",False,2,6.913270053973571,591.3270053973571
exhaustive_cpu_20261007_203905,fitstable,fitstable_io,mixed_10000::scan_count,mixed_10000 [scan_count],scan_count,specialized,torchfits,torchfits_specialized,specialized,OK,,True,off,torchfits-gpu-exhaustive-cpu-20261007-203905,1.025572419166565e-05,382.171875,,975065223.3926625,rows/s,0.51361083984375,10000,"{'schema': 'mixed', 'nrows': 10000, 'ncols': 8, 'variable': False, 'compressed': False, 'profile': 'base'}",True,1,1.0,0.0
exhaustive_cpu_20261007_203905,fitstable,fitstable_io,mixed_10000::scan_count,mixed_10000 [scan_count],scan_count,specialized,astropy,astropy,specialized,OK,,True,off,torchfits-gpu-exhaustive-cpu-20261007-203905,0.0004181358963251114,382.171875,,23915669.732944295,rows/s,0.51361083984375,10000,"{'schema': 'mixed', 'nrows': 10000, 'ncols': 8, 'variable': False, 'compressed': False, 'profile': 'base'}",False,3,40.77097711587359,3977.0977115873593
exhaustive_cpu_20261007_203905,fitstable,fitstable_io,mixed_10000::scan_count,mixed_10000 [scan_count],scan_count,specialized,fitsio,fitsio,specialized,OK,,True,off,torchfits-gpu-exhaustive-cpu-20261007-203905,7.171928882598877e-05,382.171875,,139432503.63598588,rows/s,0.51361083984375,10000,"{'schema': 'mixed', 'nrows': 10000, 'ncols': 8, 'variable': False, 'compressed': False, 'profile': 'base'}",False,2,6.9930984380675625,599.3098438067562
exhaustive_cpu_20261007_203905,fitstable,fitstable_io,wide_10000::read_full,wide_10000 [read_full],read_full,smart,torchfits,torchfits,smart,OK,,True,off,torchfits-gpu-exhaustive-cpu-20261007-203905,0.0010331757366657257,382.78125,,9678895.511301972,rows/s,2.0819091796875,10000,"{'schema': 'wide', 'nrows': 10000, 'ncols': 41, 'variable': False, 'compressed': False, 'profile': 'base'}",True,1,1.0,0.0
exhaustive_cpu_20261007_203905,fitstable,fitstable_io,wide_10000::read_full,wide_10000 [read_full],read_full,smart,astropy,astropy_torch,smart,OK,,True,off,torchfits-gpu-exhaustive-cpu-20261007-203905,0.02836633287370205,382.7890625,,352530.587740188,rows/s,2.0819091796875,10000,"{'schema': 'wide', 'nrows': 10000, 'ncols': 41, 'variable': False, 'compressed': False, 'profile': 'base'}",False,3,27.45547719233723,2645.547719233723
exhaustive_cpu_20261007_203905,fitstable,fitstable_io,wide_10000::read_full,wide_10000 [read_full],read_full,smart,fitsio,fitsio_torch,smart,OK,,True,off,torchfits-gpu-exhaustive-cpu-20261007-203905,0.016325464472174644,382.7890625,,612539.9995230851,rows/s,2.0819091796875,10000,"{'schema': 'wide', 'nrows': 10000, 'ncols': 41, 'variable': False, 'compressed': False, 'profile': 'base'}",False,2,15.801246479965098,1480.1246479965098
exhaustive_cpu_20261007_203905,fitstable,fitstable_io,wide_10000::read_full,wide_10000 [read_full],read_full,specialized,torchfits,torchfits_specialized,specialized,OK,,True,off,torchfits-gpu-exhaustive-cpu-20261007-203905,0.0010304655879735947,382.81640625,,9704351.233761186,rows/s,2.0819091796875,10000,"{'schema': 'wide', 'nrows': 10000, 'ncols': 41, 'variable': False, 'compressed': False, 'profile': 'base'}",True,1,1.0,0.0
exhaustive_cpu_20261007_203905,fitstable,fitstable_io,wide_10000::read_full,wide_10000 [read_full],read_full,specialized,astropy,astropy,specialized,OK,,True,off,torchfits-gpu-exhaustive-cpu-20261007-203905,0.016053764149546623,382.8203125,,622906.8713633999,rows/s,2.0819091796875,10000,"{'schema': 'wide', 'nrows': 10000, 'ncols': 41, 'variable': False, 'compressed': False, 'profile': 'base'}",False,3,15.579136593116388,1457.9136593116389
exhaustive_cpu_20261007_203905,fitstable,fitstable_io,wide_10000::read_full,wide_10000 [read_full],read_full,specialized,fitsio,fitsio,specialized,OK,,True,off,torchfits-gpu-exhaustive-cpu-20261007-203905,0.0044797491282224655,382.81640625,,2232267.8600459783,rows/s,2.0819091796875,10000,"{'schema': 'wide', 'nrows': 10000, 'ncols': 41, 'variable': False, 'compressed': False, 'profile': 'base'}",False,2,4.347305897940628,334.7305897940628
exhaustive_cpu_20261007_203905,fitstable,fitstable_io,wide_10000::projection,wide_10000 [projection],projection,smart,torchfits,torchfits,smart,OK,,True,off,torchfits-gpu-exhaustive-cpu-20261007-203905,0.0003556646406650543,382.81640625,,28116373.843913987,rows/s,2.0819091796875,10000,"{'schema': 'wide', 'nrows': 10000, 'ncols': 41, 'variable': False, 'compressed': False, 'profile': 'base'}",True,1,1.0,0.0
exhaustive_cpu_20261007_203905,fitstable,fitstable_io,wide_10000::projection,wide_10000 [projection],projection,smart,astropy,astropy_torch,smart,OK,,True,off,torchfits-gpu-exhaustive-cpu-20261007-203905,0.005859909579157829,382.81640625,,1706510.9734060392,rows/s,2.0819091796875,10000,"{'schema': 'wide', 'nrows': 10000, 'ncols': 41, 'variable': False, 'compressed': False, 'profile': 'base'}",False,3,16.47594084191342,1547.594084191342
exhaustive_cpu_20261007_203905,fitstable,fitstable_io,wide_10000::projection,wide_10000 [projection],projection,smart,fitsio,fitsio_torch,smart,OK,,True,off,torchfits-gpu-exhaustive-cpu-20261007-203905,0.000888550654053688,382.81640625,,11254282.414152361,rows/s,2.0819091796875,10000,"{'schema': 'wide', 'nrows': 10000, 'ncols': 41, 'variable': False, 'compressed': False, 'profile': 'base'}",False,2,2.498282236862778,149.8282236862778
exhaustive_cpu_20261007_203905,fitstable,fitstable_io,wide_10000::projection,wide_10000 [projection],projection,specialized,torchfits,torchfits_specialized,specialized,OK,,True,off,torchfits-gpu-exhaustive-cpu-20261007-203905,0.0003668852150440216,382.81640625,,27256481.291567244,rows/s,2.0819091796875,10000,"{'schema': 'wide', 'nrows': 10000, 'ncols': 41, 'variable': False, 'compressed': False, 'profile': 'base'}",True,1,1.0,0.0
exhaustive_cpu_20261007_203905,fitstable,fitstable_io,wide_10000::projection,wide_10000 [projection],projection,specialized,astropy,astropy,specialized,OK,,True,off,torchfits-gpu-exhaustive-cpu-20261007-203905,0.005837259814143181,382.81640625,,1713132.5859045808,rows/s,2.0819091796875,10000,"{'schema': 'wide', 'nrows': 10000, 'ncols': 41, 'variable': False, 'compressed': False, 'profile': 'base'}",False,3,15.91031629182109,1491.031629182109
exhaustive_cpu_20261007_203905,fitstable,fitstable_io,wide_10000::projection,wide_10000 [projection],projection,specialized,fitsio,fitsio,specialized,OK,,True,off,torchfits-gpu-exhaustive-cpu-20261007-203905,0.0008885189890861511,382.81640625,,11254683.493354576,rows/s,2.0819091796875,10000,"{'schema': 'wide', 'nrows': 10000, 'ncols': 41, 'variable': False, 'compressed': False, 'profile': 'base'}",False,2,2.4217901203228918,142.17901203228917
exhaustive_cpu_20261007_203905,fitstable,fitstable_io,wide_10000::row_slice,wide_10000 [row_slice],row_slice,smart,torchfits,torchfits,smart,OK,,True,off,torchfits-gpu-exhaustive-cpu-20261007-203905,0.0002314988523721695,382.81640625,,43196758.418151826,rows/s,2.0819091796875,10000,"{'schema': 'wide', 'nrows': 10000, 'ncols': 41, 'variable': False, 'compressed': False, 'profile': 'base'}",True,1,1.0,0.0
exhaustive_cpu_20261007_203905,fitstable,fitstable_io,wide_10000::row_slice,wide_10000 [row_slice],row_slice,smart,astropy,astropy_torch,smart,OK,,True,off,torchfits-gpu-exhaustive-cpu-20261007-203905,0.011775299906730652,382.8203125,,849235.270371678,rows/s,2.0819091796875,10000,"{'schema': 'wide', 'nrows': 10000, 'ncols': 41, 'variable': False, 'compressed': False, 'profile': 'base'}",False,3,50.865478537232974,4986.5478537232975
exhaustive_cpu_20261007_203905,fitstable,fitstable_io,wide_10000::row_slice,wide_10000 [row_slice],row_slice,smart,fitsio,fitsio_torch,smart,OK,,True,off,torchfits-gpu-exhaustive-cpu-20261007-203905,0.002238169312477112,382.81640625,,4467937.230777425,rows/s,2.0819091796875,10000,"{'schema': 'wide', 'nrows': 10000, 'ncols': 41, 'variable': False, 'compressed': False, 'profile': 'base'}",False,2,9.668165908999477,866.8165908999476
exhaustive_cpu_20261007_203905,fitstable,fitstable_io,wide_10000::row_slice,wide_10000 [row_slice],row_slice,specialized,torchfits,torchfits_specialized,specialized,OK,,True,off,torchfits-gpu-exhaustive-cpu-20261007-203905,0.00023652613162994385,382.81640625,,42278626.5986266,rows/s,2.0819091796875,10000,"{'schema': 'wide', 'nrows': 10000, 'ncols': 41, 'variable': False, 'compressed': False, 'profile': 'base'}",True,1,1.0,0.0
exhaustive_cpu_20261007_203905,fitstable,fitstable_io,wide_10000::row_slice,wide_10000 [row_slice],row_slice,specialized,astropy,astropy,specialized,OK,,True,off,torchfits-gpu-exhaustive-cpu-20261007-203905,0.010463528335094452,382.81640625,,955700.5705675983,rows/s,2.0819091796875,10000,"{'schema': 'wide', 'nrows': 10000, 'ncols': 41, 'variable': False, 'compressed': False, 'profile': 'base'}",False,3,44.23836073836074,4323.836073836074
exhaustive_cpu_20261007_203905,fitstable,fitstable_io,wide_10000::row_slice,wide_10000 [row_slice],row_slice,specialized,fitsio,fitsio,specialized,OK,,True,off,torchfits-gpu-exhaustive-cpu-20261007-203905,0.0008752904832363129,382.81640625,,11424778.620950889,rows/s,2.0819091796875,10000,"{'schema': 'wide', 'nrows': 10000, 'ncols': 41, 'variable': False, 'compressed': False, 'profile': 'base'}",False,2,3.700607950607951,270.0607950607951
exhaustive_cpu_20261007_203905,fitstable,fitstable_io,wide_10000::predicate_filter,wide_10000 [predicate_filter],predicate_filter,smart,torchfits,torchfits,smart,OK,,True,off,torchfits-gpu-exhaustive-cpu-20261007-203905,0.0007027201354503632,382.81640625,,14230416.20059904,rows/s,2.0819091796875,10000,"{'schema': 'wide', 'nrows': 10000, 'ncols': 41, 'variable': False, 'compressed': False, 'profile': 'base'}",True,1,1.0,0.0
exhaustive_cpu_20261007_203905,fitstable,fitstable_io,wide_10000::predicate_filter,wide_10000 [predicate_filter],predicate_filter,smart,astropy,astropy_torch,smart,FAILED,,False,off,torchfits-gpu-exhaustive-cpu-20261007-203905,,,,,rows/s,2.0819091796875,10000,"{'schema': 'wide', 'nrows': 10000, 'ncols': 41, 'variable': False, 'compressed': False, 'profile': 'base'}",False,,,
exhaustive_cpu_20261007_203905,fitstable,fitstable_io,wide_10000::predicate_filter,wide_10000 [predicate_filter],predicate_filter,smart,fitsio,fitsio_torch,smart,OK,,True,off,torchfits-gpu-exhaustive-cpu-20261007-203905,0.0007784180343151093,382.81640625,,12846567.729893995,rows/s,2.0819091796875,10000,"{'schema': 'wide', 'nrows': 10000, 'ncols': 41, 'variable': False, 'compressed': False, 'profile': 'base'}",False,2,1.107721260635619,10.772126063561904
exhaustive_cpu_20261007_203905,fitstable,fitstable_io,wide_10000::predicate_filter,wide_10000 [predicate_filter],predicate_filter,specialized,torchfits,torchfits_specialized,specialized,OK,,True,off,torchfits-gpu-exhaustive-cpu-20261007-203905,0.0007234755903482437,382.81640625,,13822166.405346885,rows/s,2.0819091796875,10000,"{'schema': 'wide', 'nrows': 10000, 'ncols': 41, 'variable': False, 'compressed': False, 'profile': 'base'}",True,1,1.0,0.0
exhaustive_cpu_20261007_203905,fitstable,fitstable_io,wide_10000::predicate_filter,wide_10000 [predicate_filter],predicate_filter,specialized,astropy,astropy,specialized,OK,,True,off,torchfits-gpu-exhaustive-cpu-20261007-203905,0.005848798900842667,382.81640625,,1709752.7491600453,rows/s,2.0819091796875,10000,"{'schema': 'wide', 'nrows': 10000, 'ncols': 41, 'variable': False, 'compressed': False, 'profile': 'base'}",False,3,8.08430716788573,708.4307167885729
exhaustive_cpu_20261007_203905,fitstable,fitstable_io,wide_10000::predicate_filter,wide_10000 [predicate_filter],predicate_filter,specialized,fitsio,fitsio,specialized,OK,,True,off,torchfits-gpu-exhaustive-cpu-20261007-203905,0.0007899515330791473,382.81640625,,12659004.484770173,rows/s,2.0819091796875,10000,"{'schema': 'wide', 'nrows': 10000, 'ncols': 41, 'variable': False, 'compressed': False, 'profile': 'base'}",False,2,1.0918841542378859,9.188415423788587
exhaustive_cpu_20261007_203905,fitstable,fitstable_io,wide_10000::predicate_filter_selective,wide_10000 [predicate_filter_selective],predicate_filter_selective,smart,torchfits,torchfits,smart,OK,,True,off,torchfits-gpu-exhaustive-cpu-20261007-203905,0.0006345845758914948,382.81640625,,15758340.779007308,rows/s,2.0819091796875,10000,"{'schema': 'wide', 'nrows': 10000, 'ncols': 41, 'variable': False, 'compressed': False, 'profile': 'base'}",True,1,1.0,0.0
exhaustive_cpu_20261007_203905,fitstable,fitstable_io,wide_10000::predicate_filter_selective,wide_10000 [predicate_filter_selective],predicate_filter_selective,smart,astropy,astropy_torch,smart,FAILED,,False,off,torchfits-gpu-exhaustive-cpu-20261007-203905,,,,,rows/s,2.0819091796875,10000,"{'schema': 'wide', 'nrows': 10000, 'ncols': 41, 'variable': False, 'compressed': False, 'profile': 'base'}",False,,,
exhaustive_cpu_20261007_203905,fitstable,fitstable_io,wide_10000::predicate_filter_selective,wide_10000 [predicate_filter_selective],predicate_filter_selective,smart,fitsio,fitsio_torch,smart,OK,,True,off,torchfits-gpu-exhaustive-cpu-20261007-203905,0.0007538106292486191,382.81640625,,13265931.272377742,rows/s,2.0819091796875,10000,"{'schema': 'wide', 'nrows': 10000, 'ncols': 41, 'variable': False, 'compressed': False, 'profile': 'base'}",False,2,1.1878804778537673,18.788047785376726
exhaustive_cpu_20261007_203905,fitstable,fitstable_io,wide_10000::predicate_filter_selective,wide_10000 [predicate_filter_selective],predicate_filter_selective,specialized,torchfits,torchfits_specialized,specialized,OK,,True,off,torchfits-gpu-exhaustive-cpu-20261007-203905,0.0006769318133592606,382.81640625,,14772536.616908578,rows/s,2.0819091796875,10000,"{'schema': 'wide', 'nrows': 10000, 'ncols': 41, 'variable': False, 'compressed': False, 'profile': 'base'}",True,1,1.0,0.0
exhaustive_cpu_20261007_203905,fitstable,fitstable_io,wide_10000::predicate_filter_selective,wide_10000 [predicate_filter_selective],predicate_filter_selective,specialized,astropy,astropy,specialized,OK,,True,off,torchfits-gpu-exhaustive-cpu-20261007-203905,0.005846923217177391,382.81640625,,1710301.2351216597,rows/s,2.0819091796875,10000,"{'schema': 'wide', 'nrows': 10000, 'ncols': 41, 'variable': False, 'compressed': False, 'profile': 'base'}",False,3,8.637388732200591,763.7388732200591
exhaustive_cpu_20261007_203905,fitstable,fitstable_io,wide_10000::predicate_filter_selective,wide_10000 [predicate_filter_selective],predicate_filter_selective,specialized,fitsio,fitsio,specialized,OK,,True,off,torchfits-gpu-exhaustive-cpu-20261007-203905,0.0007562562823295593,382.81640625,,13223030.649340414,rows/s,2.0819091796875,10000,"{'schema': 'wide', 'nrows': 10000, 'ncols': 41, 'variable': False, 'compressed': False, 'profile': 'base'}",False,2,1.1171823622480568,11.718236224805679
exhaustive_cpu_20261007_203905,fitstable,fitstable_io,wide_10000::scan_count,wide_10000 [scan_count],scan_count,smart,torchfits,torchfits,smart,OK,,True,off,torchfits-gpu-exhaustive-cpu-20261007-203905,1.086108386516571e-05,382.81640625,,920718422.2260333,rows/s,2.0819091796875,10000,"{'schema': 'wide', 'nrows': 10000, 'ncols': 41, 'variable': False, 'compressed': False, 'profile': 'base'}",True,1,1.0,0.0
exhaustive_cpu_20261007_203905,fitstable,fitstable_io,wide_10000::scan_count,wide_10000 [scan_count],scan_count,smart,astropy,astropy_torch,smart,OK,,True,off,torchfits-gpu-exhaustive-cpu-20261007-203905,0.0005411282181739807,382.81640625,,18479908.576463945,rows/s,2.0819091796875,10000,"{'schema': 'wide', 'nrows': 10000, 'ncols': 41, 'variable': False, 'compressed': False, 'profile': 'base'}",False,3,49.82267192591322,4882.267192591322
exhaustive_cpu_20261007_203905,fitstable,fitstable_io,wide_10000::scan_count,wide_10000 [scan_count],scan_count,smart,fitsio,fitsio_torch,smart,OK,,True,off,torchfits-gpu-exhaustive-cpu-20261007-203905,0.00024005025625228882,382.81640625,,41657943.44951736,rows/s,2.0819091796875,10000,"{'schema': 'wide', 'nrows': 10000, 'ncols': 41, 'variable': False, 'compressed': False, 'profile': 'base'}",False,2,22.101869319156233,2110.186931915623
exhaustive_cpu_20261007_203905,fitstable,fitstable_io,wide_10000::scan_count,wide_10000 [scan_count],scan_count,specialized,torchfits,torchfits_specialized,specialized,OK,,True,off,torchfits-gpu-exhaustive-cpu-20261007-203905,1.095794141292572e-05,382.81640625,,912580166.581676,rows/s,2.0819091796875,10000,"{'schema': 'wide', 'nrows': 10000, 'ncols': 41, 'variable': False, 'compressed': False, 'profile': 'base'}",True,1,1.0,0.0
exhaustive_cpu_20261007_203905,fitstable,fitstable_io,wide_10000::scan_count,wide_10000 [scan_count],scan_count,specialized,astropy,astropy,specialized,OK,,True,off,torchfits-gpu-exhaustive-cpu-20261007-203905,0.0005417391657829285,382.81640625,,18459067.816423927,rows/s,2.0819091796875,10000,"{'schema': 'wide', 'nrows': 10000, 'ncols': 41, 'variable': False, 'compressed': False, 'profile': 'base'}",False,3,49.438041815400304,4843.80418154003
exhaustive_cpu_20261007_203905,fitstable,fitstable_io,wide_10000::scan_count,wide_10000 [scan_count],scan_count,specialized,fitsio,fitsio,specialized,OK,,True,off,torchfits-gpu-exhaustive-cpu-20261007-203905,0.00024225562810897827,382.81640625,,41278710.74888513,rows/s,2.0819091796875,10000,"{'schema': 'wide', 'nrows': 10000, 'ncols': 41, 'variable': False, 'compressed': False, 'profile': 'base'}",False,2,22.107768145503993,2110.776814550399
exhaustive_cpu_20261007_203905,fitstable,fitstable_io,narrow_100000::read_full,narrow_100000 [read_full],read_full,smart,torchfits,torchfits,smart,OK,,True,off,torchfits-gpu-exhaustive-cpu-20261007-203905,0.000723687931895256,382.81640625,,138181107.6192903,rows/s,1.2469482421875,100000,"{'schema': 'narrow', 'nrows': 100000, 'ncols': 4, 'variable': False, 'compressed': False, 'profile': 'base'}",False,2,1.2231561847734722,22.315618477347222
exhaustive_cpu_20261007_203905,fitstable,fitstable_io,narrow_100000::read_full,narrow_100000 [read_full],read_full,smart,astropy,astropy_torch,smart,OK,,True,off,torchfits-gpu-exhaustive-cpu-20261007-203905,0.002025185152888298,382.81640625,,49378201.22638221,rows/s,1.2469482421875,100000,"{'schema': 'narrow', 'nrows': 100000, 'ncols': 4, 'variable': False, 'compressed': False, 'profile': 'base'}",False,3,3.422908737167197,242.29087371671972
exhaustive_cpu_20261007_203905,fitstable,fitstable_io,narrow_100000::read_full,narrow_100000 [read_full],read_full,smart,fitsio,fitsio_torch,smart,OK,,True,off,torchfits-gpu-exhaustive-cpu-20261007-203905,0.0005916561931371689,382.81640625,,169017076.40338367,rows/s,1.2469482421875,100000,"{'schema': 'narrow', 'nrows': 100000, 'ncols': 4, 'variable': False, 'compressed': False, 'profile': 'base'}",True,1,1.0,0.0
exhaustive_cpu_20261007_203905,fitstable,fitstable_io,narrow_100000::read_full,narrow_100000 [read_full],read_full,specialized,torchfits,torchfits_specialized,specialized,OK,,True,off,torchfits-gpu-exhaustive-cpu-20261007-203905,0.000685201957821846,382.81640625,,145942373.42503363,rows/s,1.2469482421875,100000,"{'schema': 'narrow', 'nrows': 100000, 'ncols': 4, 'variable': False, 'compressed': False, 'profile': 'base'}",True,1,1.0,0.0
exhaustive_cpu_20261007_203905,fitstable,fitstable_io,narrow_100000::read_full,narrow_100000 [read_full],read_full,specialized,astropy,astropy,specialized,OK,,True,off,torchfits-gpu-exhaustive-cpu-20261007-203905,0.0019420497119426727,382.81640625,,51491987.76171796,rows/s,1.2469482421875,100000,"{'schema': 'narrow', 'nrows': 100000, 'ncols': 4, 'variable': False, 'compressed': False, 'profile': 'base'}",False,3,2.8342734427031657,183.42734427031658
exhaustive_cpu_20261007_203905,fitstable,fitstable_io,narrow_100000::read_full,narrow_100000 [read_full],read_full,specialized,fitsio,fitsio,specialized,OK,,True,off,torchfits-gpu-exhaustive-cpu-20261007-203905,0.0007086563855409622,382.81640625,,141112113.06402564,rows/s,1.2469482421875,100000,"{'schema': 'narrow', 'nrows': 100000, 'ncols': 4, 'variable': False, 'compressed': False, 'profile': 'base'}",False,2,1.0342299484865372,3.4229948486537154
exhaustive_cpu_20261007_203905,fitstable,fitstable_io,narrow_100000::projection,narrow_100000 [projection],projection,smart,torchfits,torchfits,smart,OK,,True,off,torchfits-gpu-exhaustive-cpu-20261007-203905,0.0005375221371650696,382.81640625,,186038849.5391226,rows/s,1.2469482421875,100000,"{'schema': 'narrow', 'nrows': 100000, 'ncols': 4, 'variable': False, 'compressed': False, 'profile': 'base'}",True,1,1.0,0.0
exhaustive_cpu_20261007_203905,fitstable,fitstable_io,narrow_100000::projection,narrow_100000 [projection],projection,smart,astropy,astropy_torch,smart,OK,,True,off,torchfits-gpu-exhaustive-cpu-20261007-203905,0.0019096564501523972,382.81640625,,52365439.863290414,rows/s,1.2469482421875,100000,"{'schema': 'narrow', 'nrows': 100000, 'ncols': 4, 'variable': False, 'compressed': False, 'profile': 'base'}",False,2,3.552702890013168,255.2702890013168
exhaustive_cpu_20261007_203905,fitstable,fitstable_io,narrow_100000::projection,narrow_100000 [projection],projection,smart,fitsio,fitsio_torch,smart,OK,,True,off,torchfits-gpu-exhaustive-cpu-20261007-203905,0.0025867559015750885,382.81640625,,38658460.17365207,rows/s,1.2469482421875,100000,"{'schema': 'narrow', 'nrows': 100000, 'ncols': 4, 'variable': False, 'compressed': False, 'profile': 'base'}",False,3,4.8123709196756534,381.23709196756533
exhaustive_cpu_20261007_203905,fitstable,fitstable_io,narrow_100000::projection,narrow_100000 [projection],projection,specialized,torchfits,torchfits_specialized,specialized,OK,,True,off,torchfits-gpu-exhaustive-cpu-20261007-203905,0.0004995055496692657,382.81640625,,200197975.91080284,rows/s,1.2469482421875,100000,"{'schema': 'narrow', 'nrows': 100000, 'ncols': 4, 'variable': False, 'compressed': False, 'profile': 'base'}",True,1,1.0,0.0
exhaustive_cpu_20261007_203905,fitstable,fitstable_io,narrow_100000::projection,narrow_100000 [projection],projection,specialized,astropy,astropy,specialized,OK,,True,off,torchfits-gpu-exhaustive-cpu-20261007-203905,0.001820247620344162,382.81640625,,54937580.40518277,rows/s,1.2469482421875,100000,"{'schema': 'narrow', 'nrows': 100000, 'ncols': 4, 'variable': False, 'compressed': False, 'profile': 'base'}",False,2,3.6440988924935676,264.40988924935675
exhaustive_cpu_20261007_203905,fitstable,fitstable_io,narrow_100000::projection,narrow_100000 [projection],projection,specialized,fitsio,fitsio,specialized,OK,,True,off,torchfits-gpu-exhaustive-cpu-20261007-203905,0.0025400295853614807,382.81640625,,39369620.17147869,rows/s,1.2469482421875,100000,"{'schema': 'narrow', 'nrows': 100000, 'ncols': 4, 'variable': False, 'compressed': False, 'profile': 'base'}",False,3,5.085087817429242,408.5087817429242
exhaustive_cpu_20261007_203905,fitstable,fitstable_io,narrow_100000::row_slice,narrow_100000 [row_slice],row_slice,smart,torchfits,torchfits,smart,OK,,True,off,torchfits-gpu-exhaustive-cpu-20261007-203905,0.00017301365733146667,382.81640625,,577989053.2480675,rows/s,1.2469482421875,100000,"{'schema': 'narrow', 'nrows': 100000, 'ncols': 4, 'variable': False, 'compressed': False, 'profile': 'base'}",True,1,1.0,0.0
exhaustive_cpu_20261007_203905,fitstable,fitstable_io,narrow_100000::row_slice,narrow_100000 [row_slice],row_slice,smart,astropy,astropy_torch,smart,OK,,True,off,torchfits-gpu-exhaustive-cpu-20261007-203905,0.0021237358450889587,382.81640625,,47086835.319583364,rows/s,1.2469482421875,100000,"{'schema': 'narrow', 'nrows': 100000, 'ncols': 4, 'variable': False, 'compressed': False, 'profile': 'base'}",False,3,12.274960704519518,1127.496070451952
exhaustive_cpu_20261007_203905,fitstable,fitstable_io,narrow_100000::row_slice,narrow_100000 [row_slice],row_slice,smart,fitsio,fitsio_torch,smart,OK,,True,off,torchfits-gpu-exhaustive-cpu-20261007-203905,0.0005795750766992569,382.81640625,,172540200.60612488,rows/s,1.2469482421875,100000,"{'schema': 'narrow', 'nrows': 100000, 'ncols': 4, 'variable': False, 'compressed': False, 'profile': 'base'}",False,2,3.349880498675796,234.9880498675796
exhaustive_cpu_20261007_203905,fitstable,fitstable_io,narrow_100000::row_slice,narrow_100000 [row_slice],row_slice,specialized,torchfits,torchfits_specialized,specialized,OK,,True,off,torchfits-gpu-exhaustive-cpu-20261007-203905,0.00014159083366394043,382.81640625,,706260408.3350873,rows/s,1.2469482421875,100000,"{'schema': 'narrow', 'nrows': 100000, 'ncols': 4, 'variable': False, 'compressed': False, 'profile': 'base'}",True,1,1.0,0.0
exhaustive_cpu_20261007_203905,fitstable,fitstable_io,narrow_100000::row_slice,narrow_100000 [row_slice],row_slice,specialized,astropy,astropy,specialized,OK,,True,off,torchfits-gpu-exhaustive-cpu-20261007-203905,0.0021009109914302826,382.81640625,,47598399.17440807,rows/s,1.2469482421875,100000,"{'schema': 'narrow', 'nrows': 100000, 'ncols': 4, 'variable': False, 'compressed': False, 'profile': 'base'}",False,3,14.837902546832245,1383.7902546832245
exhaustive_cpu_20261007_203905,fitstable,fitstable_io,narrow_100000::row_slice,narrow_100000 [row_slice],row_slice,specialized,fitsio,fitsio,specialized,OK,,True,off,torchfits-gpu-exhaustive-cpu-20261007-203905,0.000550929456949234,382.81640625,,181511441.68937513,rows/s,1.2469482421875,100000,"{'schema': 'narrow', 'nrows': 100000, 'ncols': 4, 'variable': False, 'compressed': False, 'profile': 'base'}",False,2,3.8909966322879392,289.09966322879393
exhaustive_cpu_20261007_203905,fitstable,fitstable_io,narrow_100000::predicate_filter,narrow_100000 [predicate_filter],predicate_filter,smart,torchfits,torchfits,smart,OK,,True,off,torchfits-gpu-exhaustive-cpu-20261007-203905,0.001109682023525238,383.00390625,,90115905.16923036,rows/s,1.2469482421875,100000,"{'schema': 'narrow', 'nrows': 100000, 'ncols': 4, 'variable': False, 'compressed': False, 'profile': 'base'}",True,1,1.0,0.0
exhaustive_cpu_20261007_203905,fitstable,fitstable_io,narrow_100000::predicate_filter,narrow_100000 [predicate_filter],predicate_filter,smart,astropy,astropy_torch,smart,FAILED,,False,off,torchfits-gpu-exhaustive-cpu-20261007-203905,,,,,rows/s,1.2469482421875,100000,"{'schema': 'narrow', 'nrows': 100000, 'ncols': 4, 'variable': False, 'compressed': False, 'profile': 'base'}",False,,,
exhaustive_cpu_20261007_203905,fitstable,fitstable_io,narrow_100000::predicate_filter,narrow_100000 [predicate_filter],predicate_filter,smart,fitsio,fitsio_torch,smart,OK,,True,off,torchfits-gpu-exhaustive-cpu-20261007-203905,0.0016520526260137558,383.00390625,,60530759.38706044,rows/s,1.2469482421875,100000,"{'schema': 'narrow', 'nrows': 100000, 'ncols': 4, 'variable': False, 'compressed': False, 'profile': 'base'}",False,2,1.488762177804336,48.876217780433606
exhaustive_cpu_20261007_203905,fitstable,fitstable_io,narrow_100000::predicate_filter,narrow_100000 [predicate_filter],predicate_filter,specialized,torchfits,torchfits_specialized,specialized,OK,,True,off,torchfits-gpu-exhaustive-cpu-20261007-203905,0.0008999425917863846,383.00390625,,111118198.99700509,rows/s,1.2469482421875,100000,"{'schema': 'narrow', 'nrows': 100000, 'ncols': 4, 'variable': False, 'compressed': False, 'profile': 'base'}",True,1,1.0,0.0
exhaustive_cpu_20261007_203905,fitstable,fitstable_io,narrow_100000::predicate_filter,narrow_100000 [predicate_filter],predicate_filter,specialized,astropy,astropy,specialized,OK,,True,off,torchfits-gpu-exhaustive-cpu-20261007-203905,0.0021543093025684357,383.00390625,,46418589.88436657,rows/s,1.2469482421875,100000,"{'schema': 'narrow', 'nrows': 100000, 'ncols': 4, 'variable': False, 'compressed': False, 'profile': 'base'}",False,3,2.393829697838987,139.3829697838987
exhaustive_cpu_20261007_203905,fitstable,fitstable_io,narrow_100000::predicate_filter,narrow_100000 [predicate_filter],predicate_filter,specialized,fitsio,fitsio,specialized,OK,,True,off,torchfits-gpu-exhaustive-cpu-20261007-203905,0.0016515348106622696,383.00390625,,60549737.94945306,rows/s,1.2469482421875,100000,"{'schema': 'narrow', 'nrows': 100000, 'ncols': 4, 'variable': False, 'compressed': False, 'profile': 'base'}",False,2,1.835155737416512,83.5155737416512
exhaustive_cpu_20261007_203905,fitstable,fitstable_io,narrow_100000::predicate_filter_selective,narrow_100000 [predicate_filter_selective],predicate_filter_selective,smart,torchfits,torchfits,smart,OK,,True,off,torchfits-gpu-exhaustive-cpu-20261007-203905,0.0007695294916629791,383.00390625,,129949535.50629571,rows/s,1.2469482421875,100000,"{'schema': 'narrow', 'nrows': 100000, 'ncols': 4, 'variable': False, 'compressed': False, 'profile': 'base'}",True,1,1.0,0.0
exhaustive_cpu_20261007_203905,fitstable,fitstable_io,narrow_100000::predicate_filter_selective,narrow_100000 [predicate_filter_selective],predicate_filter_selective,smart,astropy,astropy_torch,smart,FAILED,,False,off,torchfits-gpu-exhaustive-cpu-20261007-203905,,,,,rows/s,1.2469482421875,100000,"{'schema': 'narrow', 'nrows': 100000, 'ncols': 4, 'variable': False, 'compressed': False, 'profile': 'base'}",False,,,
exhaustive_cpu_20261007_203905,fitstable,fitstable_io,narrow_100000::predicate_filter_selective,narrow_100000 [predicate_filter_selective],predicate_filter_selective,smart,fitsio,fitsio_torch,smart,OK,,True,off,torchfits-gpu-exhaustive-cpu-20261007-203905,0.0012931320816278458,383.00390625,,77331620.96954246,rows/s,1.2469482421875,100000,"{'schema': 'narrow', 'nrows': 100000, 'ncols': 4, 'variable': False, 'compressed': False, 'profile': 'base'}",False,2,1.6804191335582783,68.04191335582783
exhaustive_cpu_20261007_203905,fitstable,fitstable_io,narrow_100000::predicate_filter_selective,narrow_100000 [predicate_filter_selective],predicate_filter_selective,specialized,torchfits,torchfits_specialized,specialized,OK,,True,off,torchfits-gpu-exhaustive-cpu-20261007-203905,0.0008148159831762314,383.00390625,,122727096.74912162,rows/s,1.2469482421875,100000,"{'schema': 'narrow', 'nrows': 100000, 'ncols': 4, 'variable': False, 'compressed': False, 'profile': 'base'}",True,1,1.0,0.0
exhaustive_cpu_20261007_203905,fitstable,fitstable_io,narrow_100000::predicate_filter_selective,narrow_100000 [predicate_filter_selective],predicate_filter_selective,specialized,astropy,astropy,specialized,OK,,True,off,torchfits-gpu-exhaustive-cpu-20261007-203905,0.0017990358173847198,383.00390625,,55585330.22726096,rows/s,1.2469482421875,100000,"{'schema': 'narrow', 'nrows': 100000, 'ncols': 4, 'variable': False, 'compressed': False, 'profile': 'base'}",False,3,2.207904428153096,120.79044281530962
exhaustive_cpu_20261007_203905,fitstable,fitstable_io,narrow_100000::predicate_filter_selective,narrow_100000 [predicate_filter_selective],predicate_filter_selective,specialized,fitsio,fitsio,specialized,OK,,True,off,torchfits-gpu-exhaustive-cpu-20261007-203905,0.0013000201433897018,383.00390625,,76921885.02499488,rows/s,1.2469482421875,100000,"{'schema': 'narrow', 'nrows': 100000, 'ncols': 4, 'variable': False, 'compressed': False, 'profile': 'base'}",False,2,1.5954769791359489,59.54769791359489
exhaustive_cpu_20261007_203905,fitstable,fitstable_io,narrow_100000::scan_count,narrow_100000 [scan_count],scan_count,smart,torchfits,torchfits,smart,OK,,True,off,torchfits-gpu-exhaustive-cpu-20261007-203905,1.0292977094650269e-05,383.00390625,,9715362142.598625,rows/s,1.2469482421875,100000,"{'schema': 'narrow', 'nrows': 100000, 'ncols': 4, 'variable': False, 'compressed': False, 'profile': 'base'}",True,1,1.0,0.0
exhaustive_cpu_20261007_203905,fitstable,fitstable_io,narrow_100000::scan_count,narrow_100000 [scan_count],scan_count,smart,astropy,astropy_torch,smart,OK,,True,off,torchfits-gpu-exhaustive-cpu-20261007-203905,0.00041124969720840454,383.00390625,,243161273.25760457,rows/s,1.2469482421875,100000,"{'schema': 'narrow', 'nrows': 100000, 'ncols': 4, 'variable': False, 'compressed': False, 'profile': 'base'}",False,3,39.954397394136805,3895.4397394136804
exhaustive_cpu_20261007_203905,fitstable,fitstable_io,narrow_100000::scan_count,narrow_100000 [scan_count],scan_count,smart,fitsio,fitsio_torch,smart,OK,,True,off,torchfits-gpu-exhaustive-cpu-20261007-203905,5.871616303920746e-05,383.00390625,,1703108562.0023475,rows/s,1.2469482421875,100000,"{'schema': 'narrow', 'nrows': 100000, 'ncols': 4, 'variable': False, 'compressed': False, 'profile': 'base'}",False,2,5.704487875497647,470.4487875497647
exhaustive_cpu_20261007_203905,fitstable,fitstable_io,narrow_100000::scan_count,narrow_100000 [scan_count],scan_count,specialized,torchfits,torchfits_specialized,specialized,OK,,True,off,torchfits-gpu-exhaustive-cpu-20261007-203905,1.0194256901741028e-05,383.00390625,,9809444765.211037,rows/s,1.2469482421875,100000,"{'schema': 'narrow', 'nrows': 100000, 'ncols': 4, 'variable': False, 'compressed': False, 'profile': 'base'}",True,1,1.0,0.0
exhaustive_cpu_20261007_203905,fitstable,fitstable_io,narrow_100000::scan_count,narrow_100000 [scan_count],scan_count,specialized,astropy,astropy,specialized,OK,,True,off,torchfits-gpu-exhaustive-cpu-20261007-203905,0.0004181172698736191,383.00390625,,239167351.37543157,rows/s,1.2469482421875,100000,"{'schema': 'narrow', 'nrows': 100000, 'ncols': 4, 'variable': False, 'compressed': False, 'profile': 'base'}",False,3,41.01498264206103,4001.4982642061027
exhaustive_cpu_20261007_203905,fitstable,fitstable_io,narrow_100000::scan_count,narrow_100000 [scan_count],scan_count,specialized,fitsio,fitsio,specialized,OK,,True,off,torchfits-gpu-exhaustive-cpu-20261007-203905,6.023421883583069e-05,383.00390625,,1660185886.573072,rows/s,1.2469482421875,100000,"{'schema': 'narrow', 'nrows': 100000, 'ncols': 4, 'variable': False, 'compressed': False, 'profile': 'base'}",False,2,5.9086424264571535,490.86424264571536
exhaustive_cpu_20261007_203905,fitstable,fitstable_io,mixed_100000::read_full,mixed_100000 [read_full],read_full,smart,torchfits,torchfits,smart,OK,,True,off,torchfits-gpu-exhaustive-cpu-20261007-203905,0.0019920412451028824,407.26171875,,50199763.808020614,rows/s,5.06195068359375,100000,"{'schema': 'mixed', 'nrows': 100000, 'ncols': 8, 'variable': False, 'compressed': False, 'profile': 'base'}",True,1,1.0,0.0
exhaustive_cpu_20261007_203905,fitstable,fitstable_io,mixed_100000::read_full,mixed_100000 [read_full],read_full,smart,astropy,astropy_torch,smart,OK,,True,off,torchfits-gpu-exhaustive-cpu-20261007-203905,0.061691608279943466,407.265625,,1620966.0079896306,rows/s,5.06195068359375,100000,"{'schema': 'mixed', 'nrows': 100000, 'ncols': 8, 'variable': False, 'compressed': False, 'profile': 'base'}",False,3,30.96904164590091,2996.9041645900907
exhaustive_cpu_20261007_203905,fitstable,fitstable_io,mixed_100000::read_full,mixed_100000 [read_full],read_full,smart,fitsio,fitsio_torch,smart,OK,,True,off,torchfits-gpu-exhaustive-cpu-20261007-203905,0.04199536517262459,410.59765625,,2381215.1552663897,rows/s,5.06195068359375,100000,"{'schema': 'mixed', 'nrows': 100000, 'ncols': 8, 'variable': False, 'compressed': False, 'profile': 'base'}",False,2,21.081574126973294,2008.1574126973294
exhaustive_cpu_20261007_203905,fitstable,fitstable_io,mixed_100000::read_full,mixed_100000 [read_full],read_full,specialized,torchfits,torchfits_specialized,specialized,OK,,True,off,torchfits-gpu-exhaustive-cpu-20261007-203905,0.001929454505443573,410.7890625,,51828120.18519734,rows/s,5.06195068359375,100000,"{'schema': 'mixed', 'nrows': 100000, 'ncols': 8, 'variable': False, 'compressed': False, 'profile': 'base'}",True,1,1.0,0.0
exhaustive_cpu_20261007_203905,fitstable,fitstable_io,mixed_100000::read_full,mixed_100000 [read_full],read_full,specialized,astropy,astropy,specialized,OK,,True,off,torchfits-gpu-exhaustive-cpu-20261007-203905,0.02979271113872528,410.79296875,,3356525.6795316488,rows/s,5.06195068359375,100000,"{'schema': 'mixed', 'nrows': 100000, 'ncols': 8, 'variable': False, 'compressed': False, 'profile': 'base'}",False,3,15.441002135407214,1444.1002135407214
exhaustive_cpu_20261007_203905,fitstable,fitstable_io,mixed_100000::read_full,mixed_100000 [read_full],read_full,specialized,fitsio,fitsio,specialized,OK,,True,off,torchfits-gpu-exhaustive-cpu-20261007-203905,0.010048631578683853,410.7890625,,9951603.779775333,rows/s,5.06195068359375,100000,"{'schema': 'mixed', 'nrows': 100000, 'ncols': 8, 'variable': False, 'compressed': False, 'profile': 'base'}",False,2,5.208016851567961,420.80168515679605
exhaustive_cpu_20261007_203905,fitstable,fitstable_io,mixed_100000::projection,mixed_100000 [projection],projection,smart,torchfits,torchfits,smart,OK,,True,off,torchfits-gpu-exhaustive-cpu-20261007-203905,0.0010908562690019608,410.7890625,,91671105.3890641,rows/s,5.06195068359375,100000,"{'schema': 'mixed', 'nrows': 100000, 'ncols': 8, 'variable': False, 'compressed': False, 'profile': 'base'}",True,1,1.0,0.0
exhaustive_cpu_20261007_203905,fitstable,fitstable_io,mixed_100000::projection,mixed_100000 [projection],projection,smart,astropy,astropy_torch,smart,OK,,True,off,torchfits-gpu-exhaustive-cpu-20261007-203905,0.003396596759557724,410.7890625,,29441233.999475744,rows/s,5.06195068359375,100000,"{'schema': 'mixed', 'nrows': 100000, 'ncols': 8, 'variable': False, 'compressed': False, 'profile': 'base'}",False,2,3.1136977950956974,211.36977950956975
exhaustive_cpu_20261007_203905,fitstable,fitstable_io,mixed_100000::projection,mixed_100000 [projection],projection,smart,fitsio,fitsio_torch,smart,OK,,True,off,torchfits-gpu-exhaustive-cpu-20261007-203905,0.0034616999328136444,410.7890625,,28887541.364314824,rows/s,5.06195068359375,100000,"{'schema': 'mixed', 'nrows': 100000, 'ncols': 8, 'variable': False, 'compressed': False, 'profile': 'base'}",False,3,3.173378593662757,217.33785936627572
exhaustive_cpu_20261007_203905,fitstable,fitstable_io,mixed_100000::projection,mixed_100000 [projection],projection,specialized,torchfits,torchfits_specialized,specialized,OK,,True,off,torchfits-gpu-exhaustive-cpu-20261007-203905,0.001048484817147255,410.7890625,,95375725.3939858,rows/s,5.06195068359375,100000,"{'schema': 'mixed', 'nrows': 100000, 'ncols': 8, 'variable': False, 'compressed': False, 'profile': 'base'}",True,1,1.0,0.0
exhaustive_cpu_20261007_203905,fitstable,fitstable_io,mixed_100000::projection,mixed_100000 [projection],projection,specialized,astropy,astropy,specialized,OK,,True,off,torchfits-gpu-exhaustive-cpu-20261007-203905,0.003228805959224701,410.7890625,,30971201.510050464,rows/s,5.06195068359375,100000,"{'schema': 'mixed', 'nrows': 100000, 'ncols': 8, 'variable': False, 'compressed': False, 'profile': 'base'}",False,2,3.0794971051748,207.94971051747999
exhaustive_cpu_20261007_203905,fitstable,fitstable_io,mixed_100000::projection,mixed_100000 [projection],projection,specialized,fitsio,fitsio,specialized,OK,,True,off,torchfits-gpu-exhaustive-cpu-20261007-203905,0.003244895488023758,410.7890625,,30817633.532136686,rows/s,5.06195068359375,100000,"{'schema': 'mixed', 'nrows': 100000, 'ncols': 8, 'variable': False, 'compressed': False, 'profile': 'base'}",False,3,3.094842609979375,209.4842609979375
exhaustive_cpu_20261007_203905,fitstable,fitstable_io,mixed_100000::row_slice,mixed_100000 [row_slice],row_slice,smart,torchfits,torchfits,smart,OK,,True,off,torchfits-gpu-exhaustive-cpu-20261007-203905,0.0002892985939979553,410.7890625,,345663622.5501558,rows/s,5.06195068359375,100000,"{'schema': 'mixed', 'nrows': 100000, 'ncols': 8, 'variable': False, 'compressed': False, 'profile': 'base'}",True,1,1.0,0.0
exhaustive_cpu_20261007_203905,fitstable,fitstable_io,mixed_100000::row_slice,mixed_100000 [row_slice],row_slice,smart,astropy,astropy_torch,smart,OK,,True,off,torchfits-gpu-exhaustive-cpu-20261007-203905,0.009014604613184929,410.7890625,,11093109.935596969,rows/s,5.06195068359375,100000,"{'schema': 'mixed', 'nrows': 100000, 'ncols': 8, 'variable': False, 'compressed': False, 'profile': 'base'}",False,3,31.160208864508487,3016.0208864508486
exhaustive_cpu_20261007_203905,fitstable,fitstable_io,mixed_100000::row_slice,mixed_100000 [row_slice],row_slice,smart,fitsio,fitsio_torch,smart,OK,,True,off,torchfits-gpu-exhaustive-cpu-20261007-203905,0.004701605066657066,410.7890625,,21269332.192357443,rows/s,5.06195068359375,100000,"{'schema': 'mixed', 'nrows': 100000, 'ncols': 8, 'variable': False, 'compressed': False, 'profile': 'base'}",False,2,16.251738391408484,1525.1738391408485
exhaustive_cpu_20261007_203905,fitstable,fitstable_io,mixed_100000::row_slice,mixed_100000 [row_slice],row_slice,specialized,torchfits,torchfits_specialized,specialized,OK,,True,off,torchfits-gpu-exhaustive-cpu-20261007-203905,0.0002514515072107315,410.7890625,,397690994.61469513,rows/s,5.06195068359375,100000,"{'schema': 'mixed', 'nrows': 100000, 'ncols': 8, 'variable': False, 'compressed': False, 'profile': 'base'}",True,1,1.0,0.0
exhaustive_cpu_20261007_203905,fitstable,fitstable_io,mixed_100000::row_slice,mixed_100000 [row_slice],row_slice,specialized,astropy,astropy,specialized,OK,,True,off,torchfits-gpu-exhaustive-cpu-20261007-203905,0.005890998989343643,410.7890625,,16975049.5936075,rows/s,5.06195068359375,100000,"{'schema': 'mixed', 'nrows': 100000, 'ncols': 8, 'variable': False, 'compressed': False, 'profile': 'base'}",False,3,23.427972473462372,2242.7972473462373
exhaustive_cpu_20261007_203905,fitstable,fitstable_io,mixed_100000::row_slice,mixed_100000 [row_slice],row_slice,specialized,fitsio,fitsio,specialized,OK,,True,off,torchfits-gpu-exhaustive-cpu-20261007-203905,0.0014717616140842438,410.7890625,,67945786.22178686,rows/s,5.06195068359375,100000,"{'schema': 'mixed', 'nrows': 100000, 'ncols': 8, 'variable': False, 'compressed': False, 'profile': 'base'}",False,2,5.85306340140892,485.306340140892
exhaustive_cpu_20261007_203905,fitstable,fitstable_io,mixed_100000::predicate_filter,mixed_100000 [predicate_filter],predicate_filter,smart,torchfits,torchfits,smart,OK,,True,off,torchfits-gpu-exhaustive-cpu-20261007-203905,0.0016778167337179184,410.7890625,,59601265.138420306,rows/s,5.06195068359375,100000,"{'schema': 'mixed', 'nrows': 100000, 'ncols': 8, 'variable': False, 'compressed': False, 'profile': 'base'}",True,1,1.0,0.0
exhaustive_cpu_20261007_203905,fitstable,fitstable_io,mixed_100000::predicate_filter,mixed_100000 [predicate_filter],predicate_filter,smart,astropy,astropy_torch,smart,FAILED,,False,off,torchfits-gpu-exhaustive-cpu-20261007-203905,,,,,rows/s,5.06195068359375,100000,"{'schema': 'mixed', 'nrows': 100000, 'ncols': 8, 'variable': False, 'compressed': False, 'profile': 'base'}",False,,,
exhaustive_cpu_20261007_203905,fitstable,fitstable_io,mixed_100000::predicate_filter,mixed_100000 [predicate_filter],predicate_filter,smart,fitsio,fitsio_torch,smart,OK,,True,off,torchfits-gpu-exhaustive-cpu-20261007-203905,0.0023035909980535507,410.7890625,,43410483.92900316,rows/s,5.06195068359375,100000,"{'schema': 'mixed', 'nrows': 100000, 'ncols': 8, 'variable': False, 'compressed': False, 'profile': 'base'}",False,2,1.3729693784546795,37.29693784546795
exhaustive_cpu_20261007_203905,fitstable,fitstable_io,mixed_100000::predicate_filter,mixed_100000 [predicate_filter],predicate_filter,specialized,torchfits,torchfits_specialized,specialized,OK,,True,off,torchfits-gpu-exhaustive-cpu-20261007-203905,0.001439552754163742,410.7890625,,69466019.71394338,rows/s,5.06195068359375,100000,"{'schema': 'mixed', 'nrows': 100000, 'ncols': 8, 'variable': False, 'compressed': False, 'profile': 'base'}",True,1,1.0,0.0
exhaustive_cpu_20261007_203905,fitstable,fitstable_io,mixed_100000::predicate_filter,mixed_100000 [predicate_filter],predicate_filter,specialized,astropy,astropy,specialized,OK,,True,off,torchfits-gpu-exhaustive-cpu-20261007-203905,0.003142179921269417,410.7890625,,31825039.464831397,rows/s,5.06195068359375,100000,"{'schema': 'mixed', 'nrows': 100000, 'ncols': 8, 'variable': False, 'compressed': False, 'profile': 'base'}",False,3,2.1827473235565837,118.27473235565837
exhaustive_cpu_20261007_203905,fitstable,fitstable_io,mixed_100000::predicate_filter,mixed_100000 [predicate_filter],predicate_filter,specialized,fitsio,fitsio,specialized,OK,,True,off,torchfits-gpu-exhaustive-cpu-20261007-203905,0.002268914133310318,410.7890625,,44073946.44507821,rows/s,5.06195068359375,100000,"{'schema': 'mixed', 'nrows': 100000, 'ncols': 8, 'variable': False, 'compressed': False, 'profile': 'base'}",False,2,1.5761243391377933,57.61243391377933
exhaustive_cpu_20261007_203905,fitstable,fitstable_io,mixed_100000::predicate_filter_selective,mixed_100000 [predicate_filter_selective],predicate_filter_selective,smart,torchfits,torchfits,smart,OK,,True,off,torchfits-gpu-exhaustive-cpu-20261007-203905,0.0013335682451725006,410.7890625,,74986788.53669369,rows/s,5.06195068359375,100000,"{'schema': 'mixed', 'nrows': 100000, 'ncols': 8, 'variable': False, 'compressed': False, 'profile': 'base'}",True,1,1.0,0.0
exhaustive_cpu_20261007_203905,fitstable,fitstable_io,mixed_100000::predicate_filter_selective,mixed_100000 [predicate_filter_selective],predicate_filter_selective,smart,astropy,astropy_torch,smart,FAILED,,False,off,torchfits-gpu-exhaustive-cpu-20261007-203905,,,,,rows/s,5.06195068359375,100000,"{'schema': 'mixed', 'nrows': 100000, 'ncols': 8, 'variable': False, 'compressed': False, 'profile': 'base'}",False,,,
exhaustive_cpu_20261007_203905,fitstable,fitstable_io,mixed_100000::predicate_filter_selective,mixed_100000 [predicate_filter_selective],predicate_filter_selective,smart,fitsio,fitsio_torch,smart,OK,,True,off,torchfits-gpu-exhaustive-cpu-20261007-203905,0.0018522515892982483,410.7890625,,53988346.171637736,rows/s,5.06195068359375,100000,"{'schema': 'mixed', 'nrows': 100000, 'ncols': 8, 'variable': False, 'compressed': False, 'profile': 'base'}",False,2,1.3889439824346257,38.89439824346257
exhaustive_cpu_20261007_203905,fitstable,fitstable_io,mixed_100000::predicate_filter_selective,mixed_100000 [predicate_filter_selective],predicate_filter_selective,specialized,torchfits,torchfits_specialized,specialized,OK,,True,off,torchfits-gpu-exhaustive-cpu-20261007-203905,0.0013740397989749908,410.7890625,,72778095.71061786,rows/s,5.06195068359375,100000,"{'schema': 'mixed', 'nrows': 100000, 'ncols': 8, 'variable': False, 'compressed': False, 'profile': 'base'}",True,1,1.0,0.0
exhaustive_cpu_20261007_203905,fitstable,fitstable_io,mixed_100000::predicate_filter_selective,mixed_100000 [predicate_filter_selective],predicate_filter_selective,specialized,astropy,astropy,specialized,OK,,True,off,torchfits-gpu-exhaustive-cpu-20261007-203905,0.002810971811413765,410.7890625,,35574885.380905144,rows/s,5.06195068359375,100000,"{'schema': 'mixed', 'nrows': 100000, 'ncols': 8, 'variable': False, 'compressed': False, 'profile': 'base'}",False,3,2.045771755309198,104.5771755309198
exhaustive_cpu_20261007_203905,fitstable,fitstable_io,mixed_100000::predicate_filter_selective,mixed_100000 [predicate_filter_selective],predicate_filter_selective,specialized,fitsio,fitsio,specialized,OK,,True,off,torchfits-gpu-exhaustive-cpu-20261007-203905,0.0018803123384714127,410.7890625,,53182653.72937686,rows/s,5.06195068359375,100000,"{'schema': 'mixed', 'nrows': 100000, 'ncols': 8, 'variable': False, 'compressed': False, 'profile': 'base'}",False,2,1.3684555133512815,36.84555133512815
exhaustive_cpu_20261007_203905,fitstable,fitstable_io,mixed_100000::scan_count,mixed_100000 [scan_count],scan_count,smart,torchfits,torchfits,smart,OK,,True,off,torchfits-gpu-exhaustive-cpu-20261007-203905,1.0095536708831787e-05,410.7890625,,9905367380.073801,rows/s,5.06195068359375,100000,"{'schema': 'mixed', 'nrows': 100000, 'ncols': 8, 'variable': False, 'compressed': False, 'profile': 'base'}",True,1,1.0,0.0
exhaustive_cpu_20261007_203905,fitstable,fitstable_io,mixed_100000::scan_count,mixed_100000 [scan_count],scan_count,smart,astropy,astropy_torch,smart,OK,,True,off,torchfits-gpu-exhaustive-cpu-20261007-203905,0.00041866861283779144,410.7890625,,238852392.8798644,rows/s,5.06195068359375,100000,"{'schema': 'mixed', 'nrows': 100000, 'ncols': 8, 'variable': False, 'compressed': False, 'profile': 'base'}",False,3,41.47066420664207,4047.066420664207
exhaustive_cpu_20261007_203905,fitstable,fitstable_io,mixed_100000::scan_count,mixed_100000 [scan_count],scan_count,smart,fitsio,fitsio_torch,smart,OK,,True,off,torchfits-gpu-exhaustive-cpu-20261007-203905,6.971880793571472e-05,410.7890625,,1434333187.2829282,rows/s,5.06195068359375,100000,"{'schema': 'mixed', 'nrows': 100000, 'ncols': 8, 'variable': False, 'compressed': False, 'profile': 'base'}",False,2,6.905904059040591,590.590405904059
exhaustive_cpu_20261007_203905,fitstable,fitstable_io,mixed_100000::scan_count,mixed_100000 [scan_count],scan_count,specialized,torchfits,torchfits_specialized,specialized,OK,,True,off,torchfits-gpu-exhaustive-cpu-20261007-203905,1.0112300515174866e-05,410.7890625,,9888946620.003683,rows/s,5.06195068359375,100000,"{'schema': 'mixed', 'nrows': 100000, 'ncols': 8, 'variable': False, 'compressed': False, 'profile': 'base'}",True,1,1.0,0.0
exhaustive_cpu_20261007_203905,fitstable,fitstable_io,mixed_100000::scan_count,mixed_100000 [scan_count],scan_count,specialized,astropy,astropy,specialized,OK,,True,off,torchfits-gpu-exhaustive-cpu-20261007-203905,0.0004260316491127014,410.7890625,,234724345.49937916,rows/s,5.06195068359375,100000,"{'schema': 'mixed', 'nrows': 100000, 'ncols': 8, 'variable': False, 'compressed': False, 'profile': 'base'}",False,3,42.13004236507644,4113.004236507644
exhaustive_cpu_20261007_203905,fitstable,fitstable_io,mixed_100000::scan_count,mixed_100000 [scan_count],scan_count,specialized,fitsio,fitsio,specialized,OK,,True,off,torchfits-gpu-exhaustive-cpu-20261007-203905,7.111206650733948e-05,410.7890625,,1406231106.9202158,rows/s,5.06195068359375,100000,"{'schema': 'mixed', 'nrows': 100000, 'ncols': 8, 'variable': False, 'compressed': False, 'profile': 'base'}",False,2,7.032234297292319,603.2234297292318
exhaustive_cpu_20261007_203905,fitstable,fitstable_io,wide_100000::read_full,wide_100000 [read_full],read_full,smart,torchfits,torchfits,smart,OK,,True,off,torchfits-gpu-exhaustive-cpu-20261007-203905,0.01482447236776352,422.3515625,,6745602.644007384,rows/s,20.70648193359375,100000,"{'schema': 'wide', 'nrows': 100000, 'ncols': 41, 'variable': False, 'compressed': False, 'profile': 'base'}",True,1,1.0,0.0
exhaustive_cpu_20261007_203905,fitstable,fitstable_io,wide_100000::read_full,wide_100000 [read_full],read_full,smart,astropy,astropy_torch,smart,OK,,True,off,torchfits-gpu-exhaustive-cpu-20261007-203905,0.24870958551764488,477.97265625,,402075.37555043463,rows/s,20.70648193359375,100000,"{'schema': 'wide', 'nrows': 100000, 'ncols': 41, 'variable': False, 'compressed': False, 'profile': 'base'}",False,3,16.77696037657806,1577.696037657806
exhaustive_cpu_20261007_203905,fitstable,fitstable_io,wide_100000::read_full,wide_100000 [read_full],read_full,smart,fitsio,fitsio_torch,smart,OK,,True,off,torchfits-gpu-exhaustive-cpu-20261007-203905,0.1695502270013094,475.7109375,,589795.7305549802,rows/s,20.70648193359375,100000,"{'schema': 'wide', 'nrows': 100000, 'ncols': 41, 'variable': False, 'compressed': False, 'profile': 'base'}",False,2,11.437184595520849,1043.7184595520848
exhaustive_cpu_20261007_203905,fitstable,fitstable_io,wide_100000::read_full,wide_100000 [read_full],read_full,specialized,torchfits,torchfits_specialized,specialized,OK,,True,off,torchfits-gpu-exhaustive-cpu-20261007-203905,0.01538010686635971,419.328125,,6501905.40734967,rows/s,20.70648193359375,100000,"{'schema': 'wide', 'nrows': 100000, 'ncols': 41, 'variable': False, 'compressed': False, 'profile': 'base'}",True,1,1.0,0.0
exhaustive_cpu_20261007_203905,fitstable,fitstable_io,wide_100000::read_full,wide_100000 [read_full],read_full,specialized,astropy,astropy,specialized,OK,,True,off,torchfits-gpu-exhaustive-cpu-20261007-203905,0.12547837384045124,474.50390625,,796950.0794388074,rows/s,20.70648193359375,100000,"{'schema': 'wide', 'nrows': 100000, 'ncols': 41, 'variable': False, 'compressed': False, 'profile': 'base'}",False,3,8.158485173786733,715.8485173786734
exhaustive_cpu_20261007_203905,fitstable,fitstable_io,wide_100000::read_full,wide_100000 [read_full],read_full,specialized,fitsio,fitsio,specialized,OK,,True,off,torchfits-gpu-exhaustive-cpu-20261007-203905,0.043206317350268364,472.3125,,2314476.3574574557,rows/s,20.70648193359375,100000,"{'schema': 'wide', 'nrows': 100000, 'ncols': 41, 'variable': False, 'compressed': False, 'profile': 'base'}",False,2,2.8092338841137576,180.92338841137575
exhaustive_cpu_20261007_203905,fitstable,fitstable_io,wide_100000::projection,wide_100000 [projection],projection,smart,torchfits,torchfits,smart,OK,,True,off,torchfits-gpu-exhaustive-cpu-20261007-203905,0.0027377884835004807,437.87890625,,36525831.19647798,rows/s,20.70648193359375,100000,"{'schema': 'wide', 'nrows': 100000, 'ncols': 41, 'variable': False, 'compressed': False, 'profile': 'base'}",True,1,1.0,0.0
exhaustive_cpu_20261007_203905,fitstable,fitstable_io,wide_100000::projection,wide_100000 [projection],projection,smart,astropy,astropy_torch,smart,OK,,True,off,torchfits-gpu-exhaustive-cpu-20261007-203905,0.00862487405538559,437.87890625,,11594372.202752046,rows/s,20.70648193359375,100000,"{'schema': 'wide', 'nrows': 100000, 'ncols': 41, 'variable': False, 'compressed': False, 'profile': 'base'}",False,3,3.1503069383789652,215.03069383789654
exhaustive_cpu_20261007_203905,fitstable,fitstable_io,wide_100000::projection,wide_100000 [projection],projection,smart,fitsio,fitsio_torch,smart,OK,,True,off,torchfits-gpu-exhaustive-cpu-20261007-203905,0.005595529451966286,437.87890625,,17871409.820720308,rows/s,20.70648193359375,100000,"{'schema': 'wide', 'nrows': 100000, 'ncols': 41, 'variable': False, 'compressed': False, 'profile': 'base'}",False,2,2.043813642174415,104.3813642174415
exhaustive_cpu_20261007_203905,fitstable,fitstable_io,wide_100000::projection,wide_100000 [projection],projection,specialized,torchfits,torchfits_specialized,specialized,OK,,True,off,torchfits-gpu-exhaustive-cpu-20261007-203905,0.002725960686802864,437.87890625,,36684314.81206897,rows/s,20.70648193359375,100000,"{'schema': 'wide', 'nrows': 100000, 'ncols': 41, 'variable': False, 'compressed': False, 'profile': 'base'}",True,1,1.0,0.0
exhaustive_cpu_20261007_203905,fitstable,fitstable_io,wide_100000::projection,wide_100000 [projection],projection,specialized,astropy,astropy,specialized,OK,,True,off,torchfits-gpu-exhaustive-cpu-20261007-203905,0.008533403277397156,437.87890625,,11718653.94723286,rows/s,20.70648193359375,100000,"{'schema': 'wide', 'nrows': 100000, 'ncols': 41, 'variable': False, 'compressed': False, 'profile': 'base'}",False,3,3.1304205224637833,213.04205224637832
exhaustive_cpu_20261007_203905,fitstable,fitstable_io,wide_100000::projection,wide_100000 [projection],projection,specialized,fitsio,fitsio,specialized,OK,,True,off,torchfits-gpu-exhaustive-cpu-20261007-203905,0.005543334409594536,437.87890625,,18039683.809607014,rows/s,20.70648193359375,100000,"{'schema': 'wide', 'nrows': 100000, 'ncols': 41, 'variable': False, 'compressed': False, 'profile': 'base'}",False,2,2.033534245901404,103.3534245901404
exhaustive_cpu_20261007_203905,fitstable,fitstable_io,wide_100000::row_slice,wide_100000 [row_slice],row_slice,smart,torchfits,torchfits,smart,OK,,True,off,torchfits-gpu-exhaustive-cpu-20261007-203905,0.0010737907141447067,437.87890625,,93128017.11053328,rows/s,20.70648193359375,100000,"{'schema': 'wide', 'nrows': 100000, 'ncols': 41, 'variable': False, 'compressed': False, 'profile': 'base'}",True,1,1.0,0.0
exhaustive_cpu_20261007_203905,fitstable,fitstable_io,wide_100000::row_slice,wide_100000 [row_slice],row_slice,smart,astropy,astropy_torch,smart,OK,,True,off,torchfits-gpu-exhaustive-cpu-20261007-203905,0.033311279490590096,437.8828125,,3001986.159920648,rows/s,20.70648193359375,100000,"{'schema': 'wide', 'nrows': 100000, 'ncols': 41, 'variable': False, 'compressed': False, 'profile': 'base'}",False,3,31.02213406373431,3002.213406373431
exhaustive_cpu_20261007_203905,fitstable,fitstable_io,wide_100000::row_slice,wide_100000 [row_slice],row_slice,smart,fitsio,fitsio_torch,smart,OK,,True,off,torchfits-gpu-exhaustive-cpu-20261007-203905,0.017448164522647858,437.8828125,,5731261.868272688,rows/s,20.70648193359375,100000,"{'schema': 'wide', 'nrows': 100000, 'ncols': 41, 'variable': False, 'compressed': False, 'profile': 'base'}",False,2,16.249129642125496,1524.9129642125495
exhaustive_cpu_20261007_203905,fitstable,fitstable_io,wide_100000::row_slice,wide_100000 [row_slice],row_slice,specialized,torchfits,torchfits_specialized,specialized,OK,,True,off,torchfits-gpu-exhaustive-cpu-20261007-203905,0.0010709557682275772,437.87890625,,93374537.92839564,rows/s,20.70648193359375,100000,"{'schema': 'wide', 'nrows': 100000, 'ncols': 41, 'variable': False, 'compressed': False, 'profile': 'base'}",True,1,1.0,0.0
exhaustive_cpu_20261007_203905,fitstable,fitstable_io,wide_100000::row_slice,wide_100000 [row_slice],row_slice,specialized,astropy,astropy,specialized,OK,,True,off,torchfits-gpu-exhaustive-cpu-20261007-203905,0.021117566153407097,437.8828125,,4735394.186695423,rows/s,20.70648193359375,100000,"{'schema': 'wide', 'nrows': 100000, 'ncols': 41, 'variable': False, 'compressed': False, 'profile': 'base'}",False,3,19.71842981746715,1871.842981746715
exhaustive_cpu_20261007_203905,fitstable,fitstable_io,wide_100000::row_slice,wide_100000 [row_slice],row_slice,specialized,fitsio,fitsio,specialized,OK,,True,off,torchfits-gpu-exhaustive-cpu-20261007-203905,0.004908241331577301,437.87890625,,20373896.319369495,rows/s,20.70648193359375,100000,"{'schema': 'wide', 'nrows': 100000, 'ncols': 41, 'variable': False, 'compressed': False, 'profile': 'base'}",False,2,4.583047663770838,358.3047663770838
exhaustive_cpu_20261007_203905,fitstable,fitstable_io,wide_100000::predicate_filter,wide_100000 [predicate_filter],predicate_filter,smart,torchfits,torchfits,smart,OK,,True,off,torchfits-gpu-exhaustive-cpu-20261007-203905,0.003873717039823532,437.87890625,,25814998.61036714,rows/s,20.70648193359375,100000,"{'schema': 'wide', 'nrows': 100000, 'ncols': 41, 'variable': False, 'compressed': False, 'profile': 'base'}",True,1,1.0,0.0
exhaustive_cpu_20261007_203905,fitstable,fitstable_io,wide_100000::predicate_filter,wide_100000 [predicate_filter],predicate_filter,smart,astropy,astropy_torch,smart,FAILED,,False,off,torchfits-gpu-exhaustive-cpu-20261007-203905,,,,,rows/s,20.70648193359375,100000,"{'schema': 'wide', 'nrows': 100000, 'ncols': 41, 'variable': False, 'compressed': False, 'profile': 'base'}",False,,,
exhaustive_cpu_20261007_203905,fitstable,fitstable_io,wide_100000::predicate_filter,wide_100000 [predicate_filter],predicate_filter,smart,fitsio,fitsio_torch,smart,OK,,True,off,torchfits-gpu-exhaustive-cpu-20261007-203905,0.00451456755399704,437.87890625,,22150515.814402536,rows/s,20.70648193359375,100000,"{'schema': 'wide', 'nrows': 100000, 'ncols': 41, 'variable': False, 'compressed': False, 'profile': 'base'}",False,2,1.1654355513284218,16.54355513284218
exhaustive_cpu_20261007_203905,fitstable,fitstable_io,wide_100000::predicate_filter,wide_100000 [predicate_filter],predicate_filter,specialized,torchfits,torchfits_specialized,specialized,OK,,True,off,torchfits-gpu-exhaustive-cpu-20261007-203905,0.0038172751665115356,437.87890625,,26196696.763515282,rows/s,20.70648193359375,100000,"{'schema': 'wide', 'nrows': 100000, 'ncols': 41, 'variable': False, 'compressed': False, 'profile': 'base'}",True,1,1.0,0.0
exhaustive_cpu_20261007_203905,fitstable,fitstable_io,wide_100000::predicate_filter,wide_100000 [predicate_filter],predicate_filter,specialized,astropy,astropy,specialized,OK,,True,off,torchfits-gpu-exhaustive-cpu-20261007-203905,0.00839274376630783,437.87890625,,11915054.573862249,rows/s,20.70648193359375,100000,"{'schema': 'wide', 'nrows': 100000, 'ncols': 41, 'variable': False, 'compressed': False, 'profile': 'base'}",False,3,2.198621634598494,119.8621634598494
exhaustive_cpu_20261007_203905,fitstable,fitstable_io,wide_100000::predicate_filter,wide_100000 [predicate_filter],predicate_filter,specialized,fitsio,fitsio,specialized,OK,,True,off,torchfits-gpu-exhaustive-cpu-20261007-203905,0.004538871347904205,437.87890625,,22031908.88989933,rows/s,20.70648193359375,100000,"{'schema': 'wide', 'nrows': 100000, 'ncols': 41, 'variable': False, 'compressed': False, 'profile': 'base'}",False,2,1.1890343634965435,18.903436349654346
exhaustive_cpu_20261007_203905,fitstable,fitstable_io,wide_100000::predicate_filter_selective,wide_100000 [predicate_filter_selective],predicate_filter_selective,smart,torchfits,torchfits,smart,OK,,True,off,torchfits-gpu-exhaustive-cpu-20261007-203905,0.0035643428564071655,437.87890625,,28055662.44006037,rows/s,20.70648193359375,100000,"{'schema': 'wide', 'nrows': 100000, 'ncols': 41, 'variable': False, 'compressed': False, 'profile': 'base'}",True,1,1.0,0.0
exhaustive_cpu_20261007_203905,fitstable,fitstable_io,wide_100000::predicate_filter_selective,wide_100000 [predicate_filter_selective],predicate_filter_selective,smart,astropy,astropy_torch,smart,FAILED,,False,off,torchfits-gpu-exhaustive-cpu-20261007-203905,,,,,rows/s,20.70648193359375,100000,"{'schema': 'wide', 'nrows': 100000, 'ncols': 41, 'variable': False, 'compressed': False, 'profile': 'base'}",False,,,
exhaustive_cpu_20261007_203905,fitstable,fitstable_io,wide_100000::predicate_filter_selective,wide_100000 [predicate_filter_selective],predicate_filter_selective,smart,fitsio,fitsio_torch,smart,OK,,True,off,torchfits-gpu-exhaustive-cpu-20261007-203905,0.004201803356409073,437.87890625,,23799305.088247053,rows/s,20.70648193359375,100000,"{'schema': 'wide', 'nrows': 100000, 'ncols': 41, 'variable': False, 'compressed': False, 'profile': 'base'}",False,2,1.1788437660692561,17.884376606925613
exhaustive_cpu_20261007_203905,fitstable,fitstable_io,wide_100000::predicate_filter_selective,wide_100000 [predicate_filter_selective],predicate_filter_selective,specialized,torchfits,torchfits_specialized,specialized,OK,,True,off,torchfits-gpu-exhaustive-cpu-20261007-203905,0.0035912469029426575,437.87890625,,27845481.72337031,rows/s,20.70648193359375,100000,"{'schema': 'wide', 'nrows': 100000, 'ncols': 41, 'variable': False, 'compressed': False, 'profile': 'base'}",True,1,1.0,0.0
exhaustive_cpu_20261007_203905,fitstable,fitstable_io,wide_100000::predicate_filter_selective,wide_100000 [predicate_filter_selective],predicate_filter_selective,specialized,astropy,astropy,specialized,OK,,True,off,torchfits-gpu-exhaustive-cpu-20261007-203905,0.008050268515944481,437.87890625,,12421945.901796756,rows/s,20.70648193359375,100000,"{'schema': 'wide', 'nrows': 100000, 'ncols': 41, 'variable': False, 'compressed': False, 'profile': 'base'}",False,3,2.2416360482895548,124.16360482895547
exhaustive_cpu_20261007_203905,fitstable,fitstable_io,wide_100000::predicate_filter_selective,wide_100000 [predicate_filter_selective],predicate_filter_selective,specialized,fitsio,fitsio,specialized,OK,,True,off,torchfits-gpu-exhaustive-cpu-20261007-203905,0.004223838448524475,437.87890625,,23675147.9060316,rows/s,20.70648193359375,100000,"{'schema': 'wide', 'nrows': 100000, 'ncols': 41, 'variable': False, 'compressed': False, 'profile': 'base'}",False,2,1.1761481632085709,17.614816320857084
exhaustive_cpu_20261007_203905,fitstable,fitstable_io,wide_100000::scan_count,wide_100000 [scan_count],scan_count,smart,torchfits,torchfits,smart,OK,,True,off,torchfits-gpu-exhaustive-cpu-20261007-203905,1.0561197996139526e-05,437.87890625,,9468622786.59612,rows/s,20.70648193359375,100000,"{'schema': 'wide', 'nrows': 100000, 'ncols': 41, 'variable': False, 'compressed': False, 'profile': 'base'}",True,1,1.0,0.0
exhaustive_cpu_20261007_203905,fitstable,fitstable_io,wide_100000::scan_count,wide_100000 [scan_count],scan_count,smart,astropy,astropy_torch,smart,OK,,True,off,torchfits-gpu-exhaustive-cpu-20261007-203905,0.0005540326237678528,437.87890625,,180494786.24547815,rows/s,20.70648193359375,100000,"{'schema': 'wide', 'nrows': 100000, 'ncols': 41, 'variable': False, 'compressed': False, 'profile': 'base'}",False,3,52.45925925925926,5145.925925925926
exhaustive_cpu_20261007_203905,fitstable,fitstable_io,wide_100000::scan_count,wide_100000 [scan_count],scan_count,smart,fitsio,fitsio_torch,smart,OK,,True,off,torchfits-gpu-exhaustive-cpu-20261007-203905,0.00024050846695899963,437.87890625,,415785777.791546,rows/s,20.70648193359375,100000,"{'schema': 'wide', 'nrows': 100000, 'ncols': 41, 'variable': False, 'compressed': False, 'profile': 'base'}",False,2,22.77283950617284,2177.283950617284
exhaustive_cpu_20261007_203905,fitstable,fitstable_io,wide_100000::scan_count,wide_100000 [scan_count],scan_count,specialized,torchfits,torchfits_specialized,specialized,OK,,True,off,torchfits-gpu-exhaustive-cpu-20261007-203905,1.0663643479347229e-05,437.87890625,,9377657851.528385,rows/s,20.70648193359375,100000,"{'schema': 'wide', 'nrows': 100000, 'ncols': 41, 'variable': False, 'compressed': False, 'profile': 'base'}",True,1,1.0,0.0
exhaustive_cpu_20261007_203905,fitstable,fitstable_io,wide_100000::scan_count,wide_100000 [scan_count],scan_count,specialized,astropy,astropy,specialized,OK,,True,off,torchfits-gpu-exhaustive-cpu-20261007-203905,0.0005431994795799255,437.87890625,,184094432.6333548,rows/s,20.70648193359375,100000,"{'schema': 'wide', 'nrows': 100000, 'ncols': 41, 'variable': False, 'compressed': False, 'profile': 'base'}",False,3,50.93938864628821,4993.938864628821
exhaustive_cpu_20261007_203905,fitstable,fitstable_io,wide_100000::scan_count,wide_100000 [scan_count],scan_count,specialized,fitsio,fitsio,specialized,OK,,True,off,torchfits-gpu-exhaustive-cpu-20261007-203905,0.00024189241230487823,437.87890625,,413406931.81380665,rows/s,20.70648193359375,100000,"{'schema': 'wide', 'nrows': 100000, 'ncols': 41, 'variable': False, 'compressed': False, 'profile': 'base'}",False,2,22.683842794759826,2168.3842794759826
exhaustive_cpu_20261007_203905,fitstable,fitstable_io,narrow_1000000::read_full,narrow_1000000 [read_full],read_full,smart,torchfits,torchfits,smart,OK,,True,off,torchfits-gpu-exhaustive-cpu-20261007-203905,0.006217900663614273,444.83984375,,160825985.18367627,rows/s,12.403564453125,1000000,"{'schema': 'narrow', 'nrows': 1000000, 'ncols': 4, 'variable': False, 'compressed': False, 'profile': 'base'}",False,2,1.2093925268011407,20.939252680114073
exhaustive_cpu_20261007_203905,fitstable,fitstable_io,narrow_1000000::read_full,narrow_1000000 [read_full],read_full,smart,astropy,astropy_torch,smart,OK,,True,off,torchfits-gpu-exhaustive-cpu-20261007-203905,0.007765382528305054,444.83984375,,128776656.70106654,rows/s,12.403564453125,1000000,"{'schema': 'narrow', 'nrows': 1000000, 'ncols': 4, 'variable': False, 'compressed': False, 'profile': 'base'}",False,3,1.5103804492150492,51.03804492150492
exhaustive_cpu_20261007_203905,fitstable,fitstable_io,narrow_1000000::read_full,narrow_1000000 [read_full],read_full,smart,fitsio,fitsio_torch,smart,OK,,True,off,torchfits-gpu-exhaustive-cpu-20261007-203905,0.005141342058777809,444.83984375,,194501744.59656906,rows/s,12.403564453125,1000000,"{'schema': 'narrow', 'nrows': 1000000, 'ncols': 4, 'variable': False, 'compressed': False, 'profile': 'base'}",True,1,1.0,0.0
exhaustive_cpu_20261007_203905,fitstable,fitstable_io,narrow_1000000::read_full,narrow_1000000 [read_full],read_full,specialized,torchfits,torchfits_specialized,specialized,OK,,True,off,torchfits-gpu-exhaustive-cpu-20261007-203905,0.0061539337038993835,444.83984375,,162497688.16429713,rows/s,12.403564453125,1000000,"{'schema': 'narrow', 'nrows': 1000000, 'ncols': 4, 'variable': False, 'compressed': False, 'profile': 'base'}",False,2,1.07800654791154,7.800654791153994
exhaustive_cpu_20261007_203905,fitstable,fitstable_io,narrow_1000000::read_full,narrow_1000000 [read_full],read_full,specialized,astropy,astropy,specialized,OK,,True,off,torchfits-gpu-exhaustive-cpu-20261007-203905,0.006860086694359779,444.83984375,,145770752.5507191,rows/s,12.403564453125,1000000,"{'schema': 'narrow', 'nrows': 1000000, 'ncols': 4, 'variable': False, 'compressed': False, 'profile': 'base'}",False,3,1.2017058895312376,20.170588953123758
exhaustive_cpu_20261007_203905,fitstable,fitstable_io,narrow_1000000::read_full,narrow_1000000 [read_full],read_full,specialized,fitsio,fitsio,specialized,OK,,True,off,torchfits-gpu-exhaustive-cpu-20261007-203905,0.005708623677492142,444.83984375,,175173571.86159983,rows/s,12.403564453125,1000000,"{'schema': 'narrow', 'nrows': 1000000, 'ncols': 4, 'variable': False, 'compressed': False, 'profile': 'base'}",True,1,1.0,0.0
exhaustive_cpu_20261007_203905,fitstable,fitstable_io,narrow_1000000::projection,narrow_1000000 [projection],projection,smart,torchfits,torchfits,smart,OK,,True,off,torchfits-gpu-exhaustive-cpu-20261007-203905,0.00427049957215786,444.83984375,,234164641.18616116,rows/s,12.403564453125,1000000,"{'schema': 'narrow', 'nrows': 1000000, 'ncols': 4, 'variable': False, 'compressed': False, 'profile': 'base'}",True,1,1.0,0.0
exhaustive_cpu_20261007_203905,fitstable,fitstable_io,narrow_1000000::projection,narrow_1000000 [projection],projection,smart,astropy,astropy_torch,smart,OK,,True,off,torchfits-gpu-exhaustive-cpu-20261007-203905,0.0063268207013607025,444.83984375,,158057268.76137507,rows/s,12.403564453125,1000000,"{'schema': 'narrow', 'nrows': 1000000, 'ncols': 4, 'variable': False, 'compressed': False, 'profile': 'base'}",False,2,1.4815176993833055,48.151769938330546
exhaustive_cpu_20261007_203905,fitstable,fitstable_io,narrow_1000000::projection,narrow_1000000 [projection],projection,smart,fitsio,fitsio_torch,smart,OK,,True,off,torchfits-gpu-exhaustive-cpu-20261007-203905,0.02448851987719536,444.84375,,40835461.065625206,rows/s,12.403564453125,1000000,"{'schema': 'narrow', 'nrows': 1000000, 'ncols': 4, 'variable': False, 'compressed': False, 'profile': 'base'}",False,3,5.7343454702236265,473.43454702236266
exhaustive_cpu_20261007_203905,fitstable,fitstable_io,narrow_1000000::projection,narrow_1000000 [projection],projection,specialized,torchfits,torchfits_specialized,specialized,OK,,True,off,torchfits-gpu-exhaustive-cpu-20261007-203905,0.004218466579914093,444.83984375,,237052962.50571802,rows/s,12.403564453125,1000000,"{'schema': 'narrow', 'nrows': 1000000, 'ncols': 4, 'variable': False, 'compressed': False, 'profile': 'base'}",True,1,1.0,0.0
exhaustive_cpu_20261007_203905,fitstable,fitstable_io,narrow_1000000::projection,narrow_1000000 [projection],projection,specialized,astropy,astropy,specialized,OK,,True,off,torchfits-gpu-exhaustive-cpu-20261007-203905,0.005596643313765526,444.83984375,,178678529.95748293,rows/s,12.403564453125,1000000,"{'schema': 'narrow', 'nrows': 1000000, 'ncols': 4, 'variable': False, 'compressed': False, 'profile': 'base'}",False,2,1.3267008776159366,32.670087761593656
exhaustive_cpu_20261007_203905,fitstable,fitstable_io,narrow_1000000::projection,narrow_1000000 [projection],projection,specialized,fitsio,fitsio,specialized,OK,,True,off,torchfits-gpu-exhaustive-cpu-20261007-203905,0.02358619123697281,444.84375,,42397688.967790544,rows/s,12.403564453125,1000000,"{'schema': 'narrow', 'nrows': 1000000, 'ncols': 4, 'variable': False, 'compressed': False, 'profile': 'base'}",False,3,5.59117650695081,459.117650695081
exhaustive_cpu_20261007_203905,fitstable,fitstable_io,narrow_1000000::row_slice,narrow_1000000 [row_slice],row_slice,smart,torchfits,torchfits,smart,OK,,True,off,torchfits-gpu-exhaustive-cpu-20261007-203905,0.00019575655460357666,444.83984375,,5108385780.619624,rows/s,12.403564453125,1000000,"{'schema': 'narrow', 'nrows': 1000000, 'ncols': 4, 'variable': False, 'compressed': False, 'profile': 'base'}",True,1,1.0,0.0
exhaustive_cpu_20261007_203905,fitstable,fitstable_io,narrow_1000000::row_slice,narrow_1000000 [row_slice],row_slice,smart,astropy,astropy_torch,smart,OK,,True,off,torchfits-gpu-exhaustive-cpu-20261007-203905,0.00406600721180439,444.83984375,,245941521.4751244,rows/s,12.403564453125,1000000,"{'schema': 'narrow', 'nrows': 1000000, 'ncols': 4, 'variable': False, 'compressed': False, 'profile': 'base'}",False,3,20.77073342467839,1977.073342467839
exhaustive_cpu_20261007_203905,fitstable,fitstable_io,narrow_1000000::row_slice,narrow_1000000 [row_slice],row_slice,smart,fitsio,fitsio_torch,smart,OK,,True,off,torchfits-gpu-exhaustive-cpu-20261007-203905,0.0005873963236808777,444.83984375,,1702428087.6216085,rows/s,12.403564453125,1000000,"{'schema': 'narrow', 'nrows': 1000000, 'ncols': 4, 'variable': False, 'compressed': False, 'profile': 'base'}",False,2,3.0006470274796375,200.06470274796376
exhaustive_cpu_20261007_203905,fitstable,fitstable_io,narrow_1000000::row_slice,narrow_1000000 [row_slice],row_slice,specialized,torchfits,torchfits_specialized,specialized,OK,,True,off,torchfits-gpu-exhaustive-cpu-20261007-203905,0.00014266744256019592,444.83984375,,7009307674.230357,rows/s,12.403564453125,1000000,"{'schema': 'narrow', 'nrows': 1000000, 'ncols': 4, 'variable': False, 'compressed': False, 'profile': 'base'}",True,1,1.0,0.0
exhaustive_cpu_20261007_203905,fitstable,fitstable_io,narrow_1000000::row_slice,narrow_1000000 [row_slice],row_slice,specialized,astropy,astropy,specialized,OK,,True,off,torchfits-gpu-exhaustive-cpu-20261007-203905,0.003957075998187065,444.83984375,,252711850.98748422,rows/s,12.403564453125,1000000,"{'schema': 'narrow', 'nrows': 1000000, 'ncols': 4, 'variable': False, 'compressed': False, 'profile': 'base'}",False,3,27.736363161605347,2673.6363161605345
exhaustive_cpu_20261007_203905,fitstable,fitstable_io,narrow_1000000::row_slice,narrow_1000000 [row_slice],row_slice,specialized,fitsio,fitsio,specialized,OK,,True,off,torchfits-gpu-exhaustive-cpu-20261007-203905,0.0005550384521484375,444.83984375,,1801676975.945017,rows/s,12.403564453125,1000000,"{'schema': 'narrow', 'nrows': 1000000, 'ncols': 4, 'variable': False, 'compressed': False, 'profile': 'base'}",False,2,3.890435282136982,289.0435282136982
exhaustive_cpu_20261007_203905,fitstable,fitstable_io,narrow_1000000::predicate_filter,narrow_1000000 [predicate_filter],predicate_filter,smart,torchfits,torchfits,smart,OK,,True,off,torchfits-gpu-exhaustive-cpu-20261007-203905,0.0064388904720544815,444.83984375,,155306260.34720019,rows/s,12.403564453125,1000000,"{'schema': 'narrow', 'nrows': 1000000, 'ncols': 4, 'variable': False, 'compressed': False, 'profile': 'base'}",True,1,1.0,0.0
exhaustive_cpu_20261007_203905,fitstable,fitstable_io,narrow_1000000::predicate_filter,narrow_1000000 [predicate_filter],predicate_filter,smart,astropy,astropy_torch,smart,FAILED,,False,off,torchfits-gpu-exhaustive-cpu-20261007-203905,,,,,rows/s,12.403564453125,1000000,"{'schema': 'narrow', 'nrows': 1000000, 'ncols': 4, 'variable': False, 'compressed': False, 'profile': 'base'}",False,,,
exhaustive_cpu_20261007_203905,fitstable,fitstable_io,narrow_1000000::predicate_filter,narrow_1000000 [predicate_filter],predicate_filter,smart,fitsio,fitsio_torch,smart,OK,,True,off,torchfits-gpu-exhaustive-cpu-20261007-203905,0.015055539086461067,444.84375,,66420736.86350201,rows/s,12.403564453125,1000000,"{'schema': 'narrow', 'nrows': 1000000, 'ncols': 4, 'variable': False, 'compressed': False, 'profile': 'base'}",False,2,2.338219473029371,133.82194730293708
exhaustive_cpu_20261007_203905,fitstable,fitstable_io,narrow_1000000::predicate_filter,narrow_1000000 [predicate_filter],predicate_filter,specialized,torchfits,torchfits_specialized,specialized,OK,,True,off,torchfits-gpu-exhaustive-cpu-20261007-203905,0.005895573645830154,444.83984375,,169618778.43851277,rows/s,12.403564453125,1000000,"{'schema': 'narrow', 'nrows': 1000000, 'ncols': 4, 'variable': False, 'compressed': False, 'profile': 'base'}",True,1,1.0,0.0
exhaustive_cpu_20261007_203905,fitstable,fitstable_io,narrow_1000000::predicate_filter,narrow_1000000 [predicate_filter],predicate_filter,specialized,astropy,astropy,specialized,OK,,True,off,torchfits-gpu-exhaustive-cpu-20261007-203905,0.008587600663304329,444.83984375,,116446961.05550173,rows/s,12.403564453125,1000000,"{'schema': 'narrow', 'nrows': 1000000, 'ncols': 4, 'variable': False, 'compressed': False, 'profile': 'base'}",False,2,1.4566183342274424,45.66183342274424
exhaustive_cpu_20261007_203905,fitstable,fitstable_io,narrow_1000000::predicate_filter,narrow_1000000 [predicate_filter],predicate_filter,specialized,fitsio,fitsio,specialized,OK,,True,off,torchfits-gpu-exhaustive-cpu-20261007-203905,0.014947431161999702,444.84375,,66901127.636049114,rows/s,12.403564453125,1000000,"{'schema': 'narrow', 'nrows': 1000000, 'ncols': 4, 'variable': False, 'compressed': False, 'profile': 'base'}",False,3,2.5353650144921493,153.53650144921494
exhaustive_cpu_20261007_203905,fitstable,fitstable_io,narrow_1000000::predicate_filter_selective,narrow_1000000 [predicate_filter_selective],predicate_filter_selective,smart,torchfits,torchfits,smart,OK,,True,off,torchfits-gpu-exhaustive-cpu-20261007-203905,0.005264438688755035,444.83984375,,189953774.5849379,rows/s,12.403564453125,1000000,"{'schema': 'narrow', 'nrows': 1000000, 'ncols': 4, 'variable': False, 'compressed': False, 'profile': 'base'}",True,1,1.0,0.0
exhaustive_cpu_20261007_203905,fitstable,fitstable_io,narrow_1000000::predicate_filter_selective,narrow_1000000 [predicate_filter_selective],predicate_filter_selective,smart,astropy,astropy_torch,smart,FAILED,,False,off,torchfits-gpu-exhaustive-cpu-20261007-203905,,,,,rows/s,12.403564453125,1000000,"{'schema': 'narrow', 'nrows': 1000000, 'ncols': 4, 'variable': False, 'compressed': False, 'profile': 'base'}",False,,,
exhaustive_cpu_20261007_203905,fitstable,fitstable_io,narrow_1000000::predicate_filter_selective,narrow_1000000 [predicate_filter_selective],predicate_filter_selective,smart,fitsio,fitsio_torch,smart,OK,,True,off,torchfits-gpu-exhaustive-cpu-20261007-203905,0.011371472850441933,444.84375,,87939356.06689125,rows/s,12.403564453125,1000000,"{'schema': 'narrow', 'nrows': 1000000, 'ncols': 4, 'variable': False, 'compressed': False, 'profile': 'base'}",False,2,2.160054190531588,116.0054190531588
exhaustive_cpu_20261007_203905,fitstable,fitstable_io,narrow_1000000::predicate_filter_selective,narrow_1000000 [predicate_filter_selective],predicate_filter_selective,specialized,torchfits,torchfits_specialized,specialized,OK,,True,off,torchfits-gpu-exhaustive-cpu-20261007-203905,0.005310757085680962,444.83984375,,188297070.24187437,rows/s,12.403564453125,1000000,"{'schema': 'narrow', 'nrows': 1000000, 'ncols': 4, 'variable': False, 'compressed': False, 'profile': 'base'}",False,2,1.0072826141101268,0.7282614110126762
exhaustive_cpu_20261007_203905,fitstable,fitstable_io,narrow_1000000::predicate_filter_selective,narrow_1000000 [predicate_filter_selective],predicate_filter_selective,specialized,astropy,astropy,specialized,OK,,True,off,torchfits-gpu-exhaustive-cpu-20261007-203905,0.005272360518574715,444.83984375,,189668365.14251333,rows/s,12.403564453125,1000000,"{'schema': 'narrow', 'nrows': 1000000, 'ncols': 4, 'variable': False, 'compressed': False, 'profile': 'base'}",True,1,1.0,0.0
exhaustive_cpu_20261007_203905,fitstable,fitstable_io,narrow_1000000::predicate_filter_selective,narrow_1000000 [predicate_filter_selective],predicate_filter_selective,specialized,fitsio,fitsio,specialized,OK,,True,off,torchfits-gpu-exhaustive-cpu-20261007-203905,0.011425746604800224,444.84375,,87521632.90404817,rows/s,12.403564453125,1000000,"{'schema': 'narrow', 'nrows': 1000000, 'ncols': 4, 'variable': False, 'compressed': False, 'profile': 'base'}",False,3,2.167102679065081,116.7102679065081
exhaustive_cpu_20261007_203905,fitstable,fitstable_io,narrow_1000000::scan_count,narrow_1000000 [scan_count],scan_count,smart,torchfits,torchfits,smart,OK,,True,off,torchfits-gpu-exhaustive-cpu-20261007-203905,1.1174008250236511e-05,444.83984375,,89493400900.15002,rows/s,12.403564453125,1000000,"{'schema': 'narrow', 'nrows': 1000000, 'ncols': 4, 'variable': False, 'compressed': False, 'profile': 'base'}",True,1,1.0,0.0
exhaustive_cpu_20261007_203905,fitstable,fitstable_io,narrow_1000000::scan_count,narrow_1000000 [scan_count],scan_count,smart,astropy,astropy_torch,smart,OK,,True,off,torchfits-gpu-exhaustive-cpu-20261007-203905,0.0004136133939027786,444.83984375,,2417716676.3488655,rows/s,12.403564453125,1000000,"{'schema': 'narrow', 'nrows': 1000000, 'ncols': 4, 'variable': False, 'compressed': False, 'profile': 'base'}",False,3,37.01566927821303,3601.566927821303
exhaustive_cpu_20261007_203905,fitstable,fitstable_io,narrow_1000000::scan_count,narrow_1000000 [scan_count],scan_count,smart,fitsio,fitsio_torch,smart,OK,,True,off,torchfits-gpu-exhaustive-cpu-20261007-203905,5.9546902775764465e-05,444.83984375,,16793484688.291782,rows/s,12.403564453125,1000000,"{'schema': 'narrow', 'nrows': 1000000, 'ncols': 4, 'variable': False, 'compressed': False, 'profile': 'base'}",False,2,5.329054842473746,432.9054842473746
exhaustive_cpu_20261007_203905,fitstable,fitstable_io,narrow_1000000::scan_count,narrow_1000000 [scan_count],scan_count,specialized,torchfits,torchfits_specialized,specialized,OK,,True,off,torchfits-gpu-exhaustive-cpu-20261007-203905,1.1470168828964233e-05,444.83984375,,87182674894.44624,rows/s,12.403564453125,1000000,"{'schema': 'narrow', 'nrows': 1000000, 'ncols': 4, 'variable': False, 'compressed': False, 'profile': 'base'}",True,1,1.0,0.0
exhaustive_cpu_20261007_203905,fitstable,fitstable_io,narrow_1000000::scan_count,narrow_1000000 [scan_count],scan_count,specialized,astropy,astropy,specialized,OK,,True,off,torchfits-gpu-exhaustive-cpu-20261007-203905,0.0004200972616672516,444.83984375,,2380401138.6107883,rows/s,12.403564453125,1000000,"{'schema': 'narrow', 'nrows': 1000000, 'ncols': 4, 'variable': False, 'compressed': False, 'profile': 'base'}",False,3,36.62520298798311,3562.5202987983107
exhaustive_cpu_20261007_203905,fitstable,fitstable_io,narrow_1000000::scan_count,narrow_1000000 [scan_count],scan_count,specialized,fitsio,fitsio,specialized,OK,,True,off,torchfits-gpu-exhaustive-cpu-20261007-203905,6.526894867420197e-05,444.83984375,,15321221198.025171,rows/s,12.403564453125,1000000,"{'schema': 'narrow', 'nrows': 1000000, 'ncols': 4, 'variable': False, 'compressed': False, 'profile': 'base'}",False,2,5.690321532965249,469.0321532965249
exhaustive_cpu_20261007_203905,fitstable,fitstable_io,mixed_1000000::read_full,mixed_1000000 [read_full],read_full,smart,torchfits,torchfits,smart,OK,,True,off,torchfits-gpu-exhaustive-cpu-20261007-203905,0.02727317623794079,508.36328125,,36666063.067816086,rows/s,50.55084228515625,1000000,"{'schema': 'mixed', 'nrows': 1000000, 'ncols': 8, 'variable': False, 'compressed': False, 'profile': 'base'}",True,1,1.0,0.0
exhaustive_cpu_20261007_203905,fitstable,fitstable_io,mixed_1000000::read_full,mixed_1000000 [read_full],read_full,smart,astropy,astropy_torch,smart,OK,,True,off,torchfits-gpu-exhaustive-cpu-20261007-203905,0.6382478959858418,687.75390625,,1566789.340457431,rows/s,50.55084228515625,1000000,"{'schema': 'mixed', 'nrows': 1000000, 'ncols': 8, 'variable': False, 'compressed': False, 'profile': 'base'}",False,3,23.402037607117794,2240.2037607117795
exhaustive_cpu_20261007_203905,fitstable,fitstable_io,mixed_1000000::read_full,mixed_1000000 [read_full],read_full,smart,fitsio,fitsio_torch,smart,OK,,True,off,torchfits-gpu-exhaustive-cpu-20261007-203905,0.45567922107875347,701.91796875,,2194526.223145851,rows/s,50.55084228515625,1000000,"{'schema': 'mixed', 'nrows': 1000000, 'ncols': 8, 'variable': False, 'compressed': False, 'profile': 'base'}",False,2,16.707963058766882,1570.7963058766882
exhaustive_cpu_20261007_203905,fitstable,fitstable_io,mixed_1000000::read_full,mixed_1000000 [read_full],read_full,specialized,torchfits,torchfits_specialized,specialized,OK,,True,off,torchfits-gpu-exhaustive-cpu-20261007-203905,0.02587823197245598,508.36328125,,38642516.26866821,rows/s,50.55084228515625,1000000,"{'schema': 'mixed', 'nrows': 1000000, 'ncols': 8, 'variable': False, 'compressed': False, 'profile': 'base'}",True,1,1.0,0.0
exhaustive_cpu_20261007_203905,fitstable,fitstable_io,mixed_1000000::read_full,mixed_1000000 [read_full],read_full,specialized,astropy,astropy,specialized,OK,,True,off,torchfits-gpu-exhaustive-cpu-20261007-203905,0.3191538657993078,680.98828125,,3133284.9360779035,rows/s,50.55084228515625,1000000,"{'schema': 'mixed', 'nrows': 1000000, 'ncols': 8, 'variable': False, 'compressed': False, 'profile': 'base'}",False,3,12.332908451358104,1133.2908451358105
exhaustive_cpu_20261007_203905,fitstable,fitstable_io,mixed_1000000::read_full,mixed_1000000 [read_full],read_full,specialized,fitsio,fitsio,specialized,OK,,True,off,torchfits-gpu-exhaustive-cpu-20261007-203905,0.1158074401319027,604.6875,,8635023.784836425,rows/s,50.55084228515625,1000000,"{'schema': 'mixed', 'nrows': 1000000, 'ncols': 8, 'variable': False, 'compressed': False, 'profile': 'base'}",False,2,4.47509088932987,347.50908893298697
exhaustive_cpu_20261007_203905,fitstable,fitstable_io,mixed_1000000::projection,mixed_1000000 [projection],projection,smart,torchfits,torchfits,smart,OK,,True,off,torchfits-gpu-exhaustive-cpu-20261007-203905,0.010641638189554214,508.36328125,,93970494.22161295,rows/s,50.55084228515625,1000000,"{'schema': 'mixed', 'nrows': 1000000, 'ncols': 8, 'variable': False, 'compressed': False, 'profile': 'base'}",True,1,1.0,0.0
exhaustive_cpu_20261007_203905,fitstable,fitstable_io,mixed_1000000::projection,mixed_1000000 [projection],projection,smart,astropy,astropy_torch,smart,OK,,True,off,torchfits-gpu-exhaustive-cpu-20261007-203905,0.02021467313170433,558.91015625,,49469016.56458733,rows/s,50.55084228515625,1000000,"{'schema': 'mixed', 'nrows': 1000000, 'ncols': 8, 'variable': False, 'compressed': False, 'profile': 'base'}",False,2,1.8995828247146163,89.95828247146163
exhaustive_cpu_20261007_203905,fitstable,fitstable_io,mixed_1000000::projection,mixed_1000000 [projection],projection,smart,fitsio,fitsio_torch,smart,OK,,True,off,torchfits-gpu-exhaustive-cpu-20261007-203905,0.0338408388197422,508.36328125,,29550094.940809093,rows/s,50.55084228515625,1000000,"{'schema': 'mixed', 'nrows': 1000000, 'ncols': 8, 'variable': False, 'compressed': False, 'profile': 'base'}",False,3,3.18004034876512,218.00403487651198
exhaustive_cpu_20261007_203905,fitstable,fitstable_io,mixed_1000000::projection,mixed_1000000 [projection],projection,specialized,torchfits,torchfits_specialized,specialized,OK,,True,off,torchfits-gpu-exhaustive-cpu-20261007-203905,0.010486796498298645,508.36328125,,95358005.67525439,rows/s,50.55084228515625,1000000,"{'schema': 'mixed', 'nrows': 1000000, 'ncols': 8, 'variable': False, 'compressed': False, 'profile': 'base'}",True,1,1.0,0.0
exhaustive_cpu_20261007_203905,fitstable,fitstable_io,mixed_1000000::projection,mixed_1000000 [projection],projection,specialized,astropy,astropy,specialized,OK,,True,off,torchfits-gpu-exhaustive-cpu-20261007-203905,0.01815028488636017,558.91015625,,55095553.940946355,rows/s,50.55084228515625,1000000,"{'schema': 'mixed', 'nrows': 1000000, 'ncols': 8, 'variable': False, 'compressed': False, 'profile': 'base'}",False,2,1.7307749692010168,73.07749692010168
exhaustive_cpu_20261007_203905,fitstable,fitstable_io,mixed_1000000::projection,mixed_1000000 [projection],projection,specialized,fitsio,fitsio,specialized,OK,,True,off,torchfits-gpu-exhaustive-cpu-20261007-203905,0.031710634008049965,508.36328125,,31535162.612836536,rows/s,50.55084228515625,1000000,"{'schema': 'mixed', 'nrows': 1000000, 'ncols': 8, 'variable': False, 'compressed': False, 'profile': 'base'}",False,3,3.023862817705543,202.38628177055432
exhaustive_cpu_20261007_203905,fitstable,fitstable_io,mixed_1000000::row_slice,mixed_1000000 [row_slice],row_slice,smart,torchfits,torchfits,smart,OK,,True,off,torchfits-gpu-exhaustive-cpu-20261007-203905,0.0003023780882358551,508.359375,,3307117939.1146865,rows/s,50.55084228515625,1000000,"{'schema': 'mixed', 'nrows': 1000000, 'ncols': 8, 'variable': False, 'compressed': False, 'profile': 'base'}",True,1,1.0,0.0
exhaustive_cpu_20261007_203905,fitstable,fitstable_io,mixed_1000000::row_slice,mixed_1000000 [row_slice],row_slice,smart,astropy,astropy_torch,smart,OK,,True,off,torchfits-gpu-exhaustive-cpu-20261007-203905,0.016730859875679016,508.36328125,,59769791.11836685,rows/s,50.55084228515625,1000000,"{'schema': 'mixed', 'nrows': 1000000, 'ncols': 8, 'variable': False, 'compressed': False, 'profile': 'base'}",False,3,55.33092683167219,5433.092683167219
exhaustive_cpu_20261007_203905,fitstable,fitstable_io,mixed_1000000::row_slice,mixed_1000000 [row_slice],row_slice,smart,fitsio,fitsio_torch,smart,OK,,True,off,torchfits-gpu-exhaustive-cpu-20261007-203905,0.004681453108787537,508.359375,,213608889.53963974,rows/s,50.55084228515625,1000000,"{'schema': 'mixed', 'nrows': 1000000, 'ncols': 8, 'variable': False, 'compressed': False, 'profile': 'base'}",False,2,15.482117557195481,1448.2117557195481
exhaustive_cpu_20261007_203905,fitstable,fitstable_io,mixed_1000000::row_slice,mixed_1000000 [row_slice],row_slice,specialized,torchfits,torchfits_specialized,specialized,OK,,True,off,torchfits-gpu-exhaustive-cpu-20261007-203905,0.0002548079937696457,508.359375,,3924523658.7986755,rows/s,50.55084228515625,1000000,"{'schema': 'mixed', 'nrows': 1000000, 'ncols': 8, 'variable': False, 'compressed': False, 'profile': 'base'}",True,1,1.0,0.0
exhaustive_cpu_20261007_203905,fitstable,fitstable_io,mixed_1000000::row_slice,mixed_1000000 [row_slice],row_slice,specialized,astropy,astropy,specialized,OK,,True,off,torchfits-gpu-exhaustive-cpu-20261007-203905,0.01342063955962658,508.359375,,74512097.2482048,rows/s,50.55084228515625,1000000,"{'schema': 'mixed', 'nrows': 1000000, 'ncols': 8, 'variable': False, 'compressed': False, 'profile': 'base'}",False,3,52.669617467963946,5166.961746796394
exhaustive_cpu_20261007_203905,fitstable,fitstable_io,mixed_1000000::row_slice,mixed_1000000 [row_slice],row_slice,specialized,fitsio,fitsio,specialized,OK,,True,off,torchfits-gpu-exhaustive-cpu-20261007-203905,0.0014785602688789368,508.359375,,676333607.1232407,rows/s,50.55084228515625,1000000,"{'schema': 'mixed', 'nrows': 1000000, 'ncols': 8, 'variable': False, 'compressed': False, 'profile': 'base'}",False,2,5.802644756175118,480.2644756175118
exhaustive_cpu_20261007_203905,fitstable,fitstable_io,mixed_1000000::predicate_filter,mixed_1000000 [predicate_filter],predicate_filter,smart,torchfits,torchfits,smart,OK,,True,off,torchfits-gpu-exhaustive-cpu-20261007-203905,0.011694753542542458,508.36328125,,85508428.74646835,rows/s,50.55084228515625,1000000,"{'schema': 'mixed', 'nrows': 1000000, 'ncols': 8, 'variable': False, 'compressed': False, 'profile': 'base'}",True,1,1.0,0.0
exhaustive_cpu_20261007_203905,fitstable,fitstable_io,mixed_1000000::predicate_filter,mixed_1000000 [predicate_filter],predicate_filter,smart,astropy,astropy_torch,smart,FAILED,,False,off,torchfits-gpu-exhaustive-cpu-20261007-203905,,,,,rows/s,50.55084228515625,1000000,"{'schema': 'mixed', 'nrows': 1000000, 'ncols': 8, 'variable': False, 'compressed': False, 'profile': 'base'}",False,,,
exhaustive_cpu_20261007_203905,fitstable,fitstable_io,mixed_1000000::predicate_filter,mixed_1000000 [predicate_filter],predicate_filter,smart,fitsio,fitsio_torch,smart,OK,,True,off,torchfits-gpu-exhaustive-cpu-20261007-203905,0.02091652899980545,508.36328125,,47809079.60442678,rows/s,50.55084228515625,1000000,"{'schema': 'mixed', 'nrows': 1000000, 'ncols': 8, 'variable': False, 'compressed': False, 'profile': 'base'}",False,2,1.788539529603303,78.8539529603303
exhaustive_cpu_20261007_203905,fitstable,fitstable_io,mixed_1000000::predicate_filter,mixed_1000000 [predicate_filter],predicate_filter,specialized,torchfits,torchfits_specialized,specialized,OK,,True,off,torchfits-gpu-exhaustive-cpu-20261007-203905,0.011272870004177094,508.36328125,,88708554.22172491,rows/s,50.55084228515625,1000000,"{'schema': 'mixed', 'nrows': 1000000, 'ncols': 8, 'variable': False, 'compressed': False, 'profile': 'base'}",True,1,1.0,0.0
exhaustive_cpu_20261007_203905,fitstable,fitstable_io,mixed_1000000::predicate_filter,mixed_1000000 [predicate_filter],predicate_filter,specialized,astropy,astropy,specialized,OK,,True,off,torchfits-gpu-exhaustive-cpu-20261007-203905,0.0161381047219038,558.91015625,,61965145.054656126,rows/s,50.55084228515625,1000000,"{'schema': 'mixed', 'nrows': 1000000, 'ncols': 8, 'variable': False, 'compressed': False, 'profile': 'base'}",False,2,1.431587937758878,43.1587937758878
exhaustive_cpu_20261007_203905,fitstable,fitstable_io,mixed_1000000::predicate_filter,mixed_1000000 [predicate_filter],predicate_filter,specialized,fitsio,fitsio,specialized,OK,,True,off,torchfits-gpu-exhaustive-cpu-20261007-203905,0.020784329622983932,508.36328125,,48113170.746395886,rows/s,50.55084228515625,1000000,"{'schema': 'mixed', 'nrows': 1000000, 'ncols': 8, 'variable': False, 'compressed': False, 'profile': 'base'}",False,3,1.8437478313226734,84.37478313226734
exhaustive_cpu_20261007_203905,fitstable,fitstable_io,mixed_1000000::predicate_filter_selective,mixed_1000000 [predicate_filter_selective],predicate_filter_selective,smart,torchfits,torchfits,smart,OK,,True,off,torchfits-gpu-exhaustive-cpu-20261007-203905,0.01063336431980133,508.36328125,,94043613.09598048,rows/s,50.55084228515625,1000000,"{'schema': 'mixed', 'nrows': 1000000, 'ncols': 8, 'variable': False, 'compressed': False, 'profile': 'base'}",True,1,1.0,0.0
exhaustive_cpu_20261007_203905,fitstable,fitstable_io,mixed_1000000::predicate_filter_selective,mixed_1000000 [predicate_filter_selective],predicate_filter_selective,smart,astropy,astropy_torch,smart,FAILED,,False,off,torchfits-gpu-exhaustive-cpu-20261007-203905,,,,,rows/s,50.55084228515625,1000000,"{'schema': 'mixed', 'nrows': 1000000, 'ncols': 8, 'variable': False, 'compressed': False, 'profile': 'base'}",False,,,
exhaustive_cpu_20261007_203905,fitstable,fitstable_io,mixed_1000000::predicate_filter_selective,mixed_1000000 [predicate_filter_selective],predicate_filter_selective,smart,fitsio,fitsio_torch,smart,OK,,True,off,torchfits-gpu-exhaustive-cpu-20261007-203905,0.01714596338570118,508.36328125,,58322765.39409543,rows/s,50.55084228515625,1000000,"{'schema': 'mixed', 'nrows': 1000000, 'ncols': 8, 'variable': False, 'compressed': False, 'profile': 'base'}",False,2,1.6124683468027292,61.24683468027292
exhaustive_cpu_20261007_203905,fitstable,fitstable_io,mixed_1000000::predicate_filter_selective,mixed_1000000 [predicate_filter_selective],predicate_filter_selective,specialized,torchfits,torchfits_specialized,specialized,OK,,True,off,torchfits-gpu-exhaustive-cpu-20261007-203905,0.010648293420672417,508.36328125,,93911762.24150781,rows/s,50.55084228515625,1000000,"{'schema': 'mixed', 'nrows': 1000000, 'ncols': 8, 'variable': False, 'compressed': False, 'profile': 'base'}",True,1,1.0,0.0
exhaustive_cpu_20261007_203905,fitstable,fitstable_io,mixed_1000000::predicate_filter_selective,mixed_1000000 [predicate_filter_selective],predicate_filter_selective,specialized,astropy,astropy,specialized,OK,,True,off,torchfits-gpu-exhaustive-cpu-20261007-203905,0.013010771945118904,558.91015625,,76859390.37423202,rows/s,50.55084228515625,1000000,"{'schema': 'mixed', 'nrows': 1000000, 'ncols': 8, 'variable': False, 'compressed': False, 'profile': 'base'}",False,2,1.2218645214884867,22.186452148848666
exhaustive_cpu_20261007_203905,fitstable,fitstable_io,mixed_1000000::predicate_filter_selective,mixed_1000000 [predicate_filter_selective],predicate_filter_selective,specialized,fitsio,fitsio,specialized,OK,,True,off,torchfits-gpu-exhaustive-cpu-20261007-203905,0.017316224053502083,508.36328125,,57749310.5257989,rows/s,50.55084228515625,1000000,"{'schema': 'mixed', 'nrows': 1000000, 'ncols': 8, 'variable': False, 'compressed': False, 'profile': 'base'}",False,3,1.6261971162331663,62.61971162331663
exhaustive_cpu_20261007_203905,fitstable,fitstable_io,mixed_1000000::scan_count,mixed_1000000 [scan_count],scan_count,smart,torchfits,torchfits,smart,OK,,True,off,torchfits-gpu-exhaustive-cpu-20261007-203905,1.2407079339027405e-05,508.359375,,80599146074.16304,rows/s,50.55084228515625,1000000,"{'schema': 'mixed', 'nrows': 1000000, 'ncols': 8, 'variable': False, 'compressed': False, 'profile': 'base'}",True,1,1.0,0.0
exhaustive_cpu_20261007_203905,fitstable,fitstable_io,mixed_1000000::scan_count,mixed_1000000 [scan_count],scan_count,smart,astropy,astropy_torch,smart,OK,,True,off,torchfits-gpu-exhaustive-cpu-20261007-203905,0.00045469217002391815,508.359375,,2199290126.213075,rows/s,50.55084228515625,1000000,"{'schema': 'mixed', 'nrows': 1000000, 'ncols': 8, 'variable': False, 'compressed': False, 'profile': 'base'}",False,3,36.647800630535954,3564.7800630535953
exhaustive_cpu_20261007_203905,fitstable,fitstable_io,mixed_1000000::scan_count,mixed_1000000 [scan_count],scan_count,smart,fitsio,fitsio_torch,smart,OK,,True,off,torchfits-gpu-exhaustive-cpu-20261007-203905,7.375702261924744e-05,508.359375,,13558031011.667255,rows/s,50.55084228515625,1000000,"{'schema': 'mixed', 'nrows': 1000000, 'ncols': 8, 'variable': False, 'compressed': False, 'profile': 'base'}",False,2,5.944753040084072,494.47530400840714
exhaustive_cpu_20261007_203905,fitstable,fitstable_io,mixed_1000000::scan_count,mixed_1000000 [scan_count],scan_count,specialized,torchfits,torchfits_specialized,specialized,OK,,True,off,torchfits-gpu-exhaustive-cpu-20261007-203905,1.1751428246498108e-05,508.359375,,85096039308.92377,rows/s,50.55084228515625,1000000,"{'schema': 'mixed', 'nrows': 1000000, 'ncols': 8, 'variable': False, 'compressed': False, 'profile': 'base'}",True,1,1.0,0.0
exhaustive_cpu_20261007_203905,fitstable,fitstable_io,mixed_1000000::scan_count,mixed_1000000 [scan_count],scan_count,specialized,astropy,astropy,specialized,OK,,True,off,torchfits-gpu-exhaustive-cpu-20261007-203905,0.00045306794345378876,508.359375,,2207174474.4880548,rows/s,50.55084228515625,1000000,"{'schema': 'mixed', 'nrows': 1000000, 'ncols': 8, 'variable': False, 'compressed': False, 'profile': 'base'}",False,3,38.554287525756855,3755.4287525756854
exhaustive_cpu_20261007_203905,fitstable,fitstable_io,mixed_1000000::scan_count,mixed_1000000 [scan_count],scan_count,specialized,fitsio,fitsio,specialized,OK,,True,off,torchfits-gpu-exhaustive-cpu-20261007-203905,6.974302232265472e-05,508.359375,,14338351948.29474,rows/s,50.55084228515625,1000000,"{'schema': 'mixed', 'nrows': 1000000, 'ncols': 8, 'variable': False, 'compressed': False, 'profile': 'base'}",False,2,5.934854969091774,493.48549690917736
exhaustive_cpu_20261007_203905,fitstable,fitstable_io,varlen_1000::read_full,varlen_1000 [read_full],read_full,smart,torchfits,torchfits,smart,OK,,True,off,torchfits-gpu-exhaustive-cpu-20261007-203905,0.0008111074566841125,509.23828125,,1232882.2670279704,rows/s,0.0384521484375,1000,"{'schema': 'varlen', 'nrows': 1000, 'ncols': 3, 'variable': True, 'compressed': False, 'profile': 'varlen'}",True,1,1.0,0.0
exhaustive_cpu_20261007_203905,fitstable,fitstable_io,varlen_1000::read_full,varlen_1000 [read_full],read_full,smart,astropy,astropy_torch,smart,OK,,True,off,torchfits-gpu-exhaustive-cpu-20261007-203905,0.006580226123332977,509.23828125,,151970.46138795698,rows/s,0.0384521484375,1000,"{'schema': 'varlen', 'nrows': 1000, 'ncols': 3, 'variable': True, 'compressed': False, 'profile': 'varlen'}",False,3,8.112644100491435,711.2644100491435
exhaustive_cpu_20261007_203905,fitstable,fitstable_io,varlen_1000::read_full,varlen_1000 [read_full],read_full,smart,fitsio,fitsio_torch,smart,OK,,True,off,torchfits-gpu-exhaustive-cpu-20261007-203905,0.00124317966401577,509.23828125,,804388.962388396,rows/s,0.0384521484375,1000,"{'schema': 'varlen', 'nrows': 1000, 'ncols': 3, 'variable': True, 'compressed': False, 'profile': 'varlen'}",False,2,1.5326941624948331,53.269416249483314
exhaustive_cpu_20261007_203905,fitstable,fitstable_io,varlen_1000::read_full,varlen_1000 [read_full],read_full,specialized,torchfits,torchfits_specialized,specialized,OK,,True,off,torchfits-gpu-exhaustive-cpu-20261007-203905,0.0007702838629484177,509.23828125,,1298222.7047731434,rows/s,0.0384521484375,1000,"{'schema': 'varlen', 'nrows': 1000, 'ncols': 3, 'variable': True, 'compressed': False, 'profile': 'varlen'}",True,1,1.0,0.0
exhaustive_cpu_20261007_203905,fitstable,fitstable_io,varlen_1000::read_full,varlen_1000 [read_full],read_full,specialized,astropy,astropy,specialized,OK,,True,off,torchfits-gpu-exhaustive-cpu-20261007-203905,0.0065290965139865875,509.23828125,,153160.54799585312,rows/s,0.0384521484375,1000,"{'schema': 'varlen', 'nrows': 1000, 'ncols': 3, 'variable': True, 'compressed': False, 'profile': 'varlen'}",False,3,8.47622133611257,747.6221336112569
exhaustive_cpu_20261007_203905,fitstable,fitstable_io,varlen_1000::read_full,varlen_1000 [read_full],read_full,specialized,fitsio,fitsio,specialized,OK,,True,off,torchfits-gpu-exhaustive-cpu-20261007-203905,0.001235809177160263,509.23828125,,809186.4168688863,rows/s,0.0384521484375,1000,"{'schema': 'varlen', 'nrows': 1000, 'ncols': 3, 'variable': True, 'compressed': False, 'profile': 'varlen'}",False,2,1.6043555325564693,60.43555325564694
exhaustive_cpu_20261007_203905,fitstable,fitstable_io,varlen_1000::projection,varlen_1000 [projection],projection,smart,torchfits,torchfits,smart,OK,,True,off,torchfits-gpu-exhaustive-cpu-20261007-203905,0.0008037593215703964,509.23828125,,1244153.5334808754,rows/s,0.0384521484375,1000,"{'schema': 'varlen', 'nrows': 1000, 'ncols': 3, 'variable': True, 'compressed': False, 'profile': 'varlen'}",True,1,1.0,0.0
exhaustive_cpu_20261007_203905,fitstable,fitstable_io,varlen_1000::projection,varlen_1000 [projection],projection,smart,astropy,astropy_torch,smart,OK,,True,off,torchfits-gpu-exhaustive-cpu-20261007-203905,0.006581541150808334,509.23828125,,151940.0968688286,rows/s,0.0384521484375,1000,"{'schema': 'varlen', 'nrows': 1000, 'ncols': 3, 'variable': True, 'compressed': False, 'profile': 'varlen'}",False,3,8.188447678527977,718.8447678527976
exhaustive_cpu_20261007_203905,fitstable,fitstable_io,varlen_1000::projection,varlen_1000 [projection],projection,smart,fitsio,fitsio_torch,smart,OK,,True,off,torchfits-gpu-exhaustive-cpu-20261007-203905,0.0012606997042894363,509.23828125,,793210.3074170438,rows/s,0.0384521484375,1000,"{'schema': 'varlen', 'nrows': 1000, 'ncols': 3, 'variable': True, 'compressed': False, 'profile': 'varlen'}",False,2,1.568503991749997,56.8503991749997
exhaustive_cpu_20261007_203905,fitstable,fitstable_io,varlen_1000::projection,varlen_1000 [projection],projection,specialized,torchfits,torchfits_specialized,specialized,OK,,True,off,torchfits-gpu-exhaustive-cpu-20261007-203905,0.000773036852478981,509.23828125,,1293599.3889465835,rows/s,0.0384521484375,1000,"{'schema': 'varlen', 'nrows': 1000, 'ncols': 3, 'variable': True, 'compressed': False, 'profile': 'varlen'}",True,1,1.0,0.0
exhaustive_cpu_20261007_203905,fitstable,fitstable_io,varlen_1000::projection,varlen_1000 [projection],projection,specialized,astropy,astropy,specialized,OK,,True,off,torchfits-gpu-exhaustive-cpu-20261007-203905,0.006527090445160866,509.23828125,,153207.6211294716,rows/s,0.0384521484375,1000,"{'schema': 'varlen', 'nrows': 1000, 'ncols': 3, 'variable': True, 'compressed': False, 'profile': 'varlen'}",False,3,8.44344021145918,744.344021145918
exhaustive_cpu_20261007_203905,fitstable,fitstable_io,varlen_1000::projection,varlen_1000 [projection],projection,specialized,fitsio,fitsio,specialized,OK,,True,off,torchfits-gpu-exhaustive-cpu-20261007-203905,0.0012478195130825043,509.23828125,,801397.9501968898,rows/s,0.0384521484375,1000,"{'schema': 'varlen', 'nrows': 1000, 'ncols': 3, 'variable': True, 'compressed': False, 'profile': 'varlen'}",False,2,1.6141785596391507,61.417855963915066
exhaustive_cpu_20261007_203905,fitstable,fitstable_io,varlen_1000::row_slice,varlen_1000 [row_slice],row_slice,smart,torchfits,torchfits,smart,OK,,True,off,torchfits-gpu-exhaustive-cpu-20261007-203905,0.00021050870418548584,509.23828125,,4750397.395059107,rows/s,0.0384521484375,1000,"{'schema': 'varlen', 'nrows': 1000, 'ncols': 3, 'variable': True, 'compressed': False, 'profile': 'varlen'}",True,1,1.0,0.0
exhaustive_cpu_20261007_203905,fitstable,fitstable_io,varlen_1000::row_slice,varlen_1000 [row_slice],row_slice,smart,astropy,astropy_torch,smart,OK,,True,off,torchfits-gpu-exhaustive-cpu-20261007-203905,0.00222637876868248,509.23828125,,449159.8707580998,rows/s,0.0384521484375,1000,"{'schema': 'varlen', 'nrows': 1000, 'ncols': 3, 'variable': True, 'compressed': False, 'profile': 'varlen'}",False,3,10.576183903164154,957.6183903164153
exhaustive_cpu_20261007_203905,fitstable,fitstable_io,varlen_1000::row_slice,varlen_1000 [row_slice],row_slice,smart,fitsio,fitsio_torch,smart,OK,,True,off,torchfits-gpu-exhaustive-cpu-20261007-203905,0.0003051683306694031,509.23828125,,3276880.0019531725,rows/s,0.0384521484375,1000,"{'schema': 'varlen', 'nrows': 1000, 'ncols': 3, 'variable': True, 'compressed': False, 'profile': 'varlen'}",False,2,1.4496708430664684,44.96708430664684
exhaustive_cpu_20261007_203905,fitstable,fitstable_io,varlen_1000::row_slice,varlen_1000 [row_slice],row_slice,specialized,torchfits,torchfits_specialized,specialized,OK,,True,off,torchfits-gpu-exhaustive-cpu-20261007-203905,0.00017244741320610046,509.23828125,,5798869.240241083,rows/s,0.0384521484375,1000,"{'schema': 'varlen', 'nrows': 1000, 'ncols': 3, 'variable': True, 'compressed': False, 'profile': 'varlen'}",True,1,1.0,0.0
exhaustive_cpu_20261007_203905,fitstable,fitstable_io,varlen_1000::row_slice,varlen_1000 [row_slice],row_slice,specialized,astropy,astropy,specialized,OK,,True,off,torchfits-gpu-exhaustive-cpu-20261007-203905,0.002199927344918251,509.23828125,,454560.466421749,rows/s,0.0384521484375,1000,"{'schema': 'varlen', 'nrows': 1000, 'ncols': 3, 'variable': True, 'compressed': False, 'profile': 'varlen'}",False,3,12.757091011211683,1175.7091011211683
exhaustive_cpu_20261007_203905,fitstable,fitstable_io,varlen_1000::row_slice,varlen_1000 [row_slice],row_slice,specialized,fitsio,fitsio,specialized,OK,,True,off,torchfits-gpu-exhaustive-cpu-20261007-203905,0.0002938993275165558,509.23828125,,3402525.6486633797,rows/s,0.0384521484375,1000,"{'schema': 'varlen', 'nrows': 1000, 'ncols': 3, 'variable': True, 'compressed': False, 'profile': 'varlen'}",False,2,1.7042837700632953,70.42837700632954
exhaustive_cpu_20261007_203905,fitstable,fitstable_io,varlen_1000::predicate_filter,varlen_1000 [predicate_filter],predicate_filter,smart,torchfits,torchfits,smart,OK,,True,off,torchfits-gpu-exhaustive-cpu-20261007-203905,0.00010086037218570709,509.23828125,,9914696.707233744,rows/s,0.0384521484375,1000,"{'schema': 'varlen', 'nrows': 1000, 'ncols': 3, 'variable': True, 'compressed': False, 'profile': 'varlen'}",True,1,1.0,0.0
exhaustive_cpu_20261007_203905,fitstable,fitstable_io,varlen_1000::predicate_filter,varlen_1000 [predicate_filter],predicate_filter,smart,astropy,astropy_torch,smart,FAILED,,False,off,torchfits-gpu-exhaustive-cpu-20261007-203905,,,,,rows/s,0.0384521484375,1000,"{'schema': 'varlen', 'nrows': 1000, 'ncols': 3, 'variable': True, 'compressed': False, 'profile': 'varlen'}",False,,,
exhaustive_cpu_20261007_203905,fitstable,fitstable_io,varlen_1000::predicate_filter,varlen_1000 [predicate_filter],predicate_filter,smart,fitsio,fitsio_torch,smart,OK,,True,off,torchfits-gpu-exhaustive-cpu-20261007-203905,0.00012297555804252625,509.23828125,,8131697.191845142,rows/s,0.0384521484375,1000,"{'schema': 'varlen', 'nrows': 1000, 'ncols': 3, 'variable': True, 'compressed': False, 'profile': 'varlen'}",False,2,1.2192653603944672,21.92653603944672
exhaustive_cpu_20261007_203905,fitstable,fitstable_io,varlen_1000::predicate_filter,varlen_1000 [predicate_filter],predicate_filter,specialized,torchfits,torchfits_specialized,specialized,OK,,True,off,torchfits-gpu-exhaustive-cpu-20261007-203905,0.000171540305018425,509.23828125,,5829533.764047994,rows/s,0.0384521484375,1000,"{'schema': 'varlen', 'nrows': 1000, 'ncols': 3, 'variable': True, 'compressed': False, 'profile': 'varlen'}",False,2,1.0218925456603272,2.1892545660327167
exhaustive_cpu_20261007_203905,fitstable,fitstable_io,varlen_1000::predicate_filter,varlen_1000 [predicate_filter],predicate_filter,specialized,astropy,astropy,specialized,OK,,True,off,torchfits-gpu-exhaustive-cpu-20261007-203905,0.001261383295059204,509.23828125,,792780.4370939161,rows/s,0.0384521484375,1000,"{'schema': 'varlen', 'nrows': 1000, 'ncols': 3, 'variable': True, 'compressed': False, 'profile': 'varlen'}",False,3,7.514258449657132,651.4258449657132
exhaustive_cpu_20261007_203905,fitstable,fitstable_io,varlen_1000::predicate_filter,varlen_1000 [predicate_filter],predicate_filter,specialized,fitsio,fitsio,specialized,OK,,True,off,torchfits-gpu-exhaustive-cpu-20261007-203905,0.0001678653061389923,509.23828125,,5957157.098155833,rows/s,0.0384521484375,1000,"{'schema': 'varlen', 'nrows': 1000, 'ncols': 3, 'variable': True, 'compressed': False, 'profile': 'varlen'}",True,1,1.0,0.0
exhaustive_cpu_20261007_203905,fitstable,fitstable_io,varlen_1000::predicate_filter_selective,varlen_1000 [predicate_filter_selective],predicate_filter_selective,smart,torchfits,torchfits,smart,OK,,True,off,torchfits-gpu-exhaustive-cpu-20261007-203905,9.901262819766998e-05,509.23828125,,10099721.805218503,rows/s,0.0384521484375,1000,"{'schema': 'varlen', 'nrows': 1000, 'ncols': 3, 'variable': True, 'compressed': False, 'profile': 'varlen'}",True,1,1.0,0.0
exhaustive_cpu_20261007_203905,fitstable,fitstable_io,varlen_1000::predicate_filter_selective,varlen_1000 [predicate_filter_selective],predicate_filter_selective,smart,astropy,astropy_torch,smart,FAILED,,False,off,torchfits-gpu-exhaustive-cpu-20261007-203905,,,,,rows/s,0.0384521484375,1000,"{'schema': 'varlen', 'nrows': 1000, 'ncols': 3, 'variable': True, 'compressed': False, 'profile': 'varlen'}",False,,,
exhaustive_cpu_20261007_203905,fitstable,fitstable_io,varlen_1000::predicate_filter_selective,varlen_1000 [predicate_filter_selective],predicate_filter_selective,smart,fitsio,fitsio_torch,smart,OK,,True,off,torchfits-gpu-exhaustive-cpu-20261007-203905,0.00012224726378917694,509.23828125,,8180142.188904634,rows/s,0.0384521484375,1000,"{'schema': 'varlen', 'nrows': 1000, 'ncols': 3, 'variable': True, 'compressed': False, 'profile': 'varlen'}",False,2,1.2346633557198488,23.466335571984875
exhaustive_cpu_20261007_203905,fitstable,fitstable_io,varlen_1000::predicate_filter_selective,varlen_1000 [predicate_filter_selective],predicate_filter_selective,specialized,torchfits,torchfits_specialized,specialized,OK,,True,off,torchfits-gpu-exhaustive-cpu-20261007-203905,0.0001643747091293335,509.23828125,,6083660.955489077,rows/s,0.0384521484375,1000,"{'schema': 'varlen', 'nrows': 1000, 'ncols': 3, 'variable': True, 'compressed': False, 'profile': 'varlen'}",True,1,1.0,0.0
exhaustive_cpu_20261007_203905,fitstable,fitstable_io,varlen_1000::predicate_filter_selective,varlen_1000 [predicate_filter_selective],predicate_filter_selective,specialized,astropy,astropy,specialized,OK,,True,off,torchfits-gpu-exhaustive-cpu-20261007-203905,0.001256389543414116,509.23828125,,795931.4889573163,rows/s,0.0384521484375,1000,"{'schema': 'varlen', 'nrows': 1000, 'ncols': 3, 'variable': True, 'compressed': False, 'profile': 'varlen'}",False,3,7.643448010153205,664.3448010153205
exhaustive_cpu_20261007_203905,fitstable,fitstable_io,varlen_1000::predicate_filter_selective,varlen_1000 [predicate_filter_selective],predicate_filter_selective,specialized,fitsio,fitsio,specialized,OK,,True,off,torchfits-gpu-exhaustive-cpu-20261007-203905,0.00016698427498340607,509.23828125,,5988587.848163392,rows/s,0.0384521484375,1000,"{'schema': 'varlen', 'nrows': 1000, 'ncols': 3, 'variable': True, 'compressed': False, 'profile': 'varlen'}",False,2,1.0158757138971988,1.5875713897198773
exhaustive_cpu_20261007_203905,fitstable,fitstable_io,varlen_1000::scan_count,varlen_1000 [scan_count],scan_count,smart,torchfits,torchfits,smart,OK,,True,off,torchfits-gpu-exhaustive-cpu-20261007-203905,9.484589099884033e-06,509.23828125,,105434193.24430479,rows/s,0.0384521484375,1000,"{'schema': 'varlen', 'nrows': 1000, 'ncols': 3, 'variable': True, 'compressed': False, 'profile': 'varlen'}",True,1,1.0,0.0
exhaustive_cpu_20261007_203905,fitstable,fitstable_io,varlen_1000::scan_count,varlen_1000 [scan_count],scan_count,smart,astropy,astropy_torch,smart,OK,,True,off,torchfits-gpu-exhaustive-cpu-20261007-203905,0.00040139444172382355,509.23828125,,2491315.0159863015,rows/s,0.0384521484375,1000,"{'schema': 'varlen', 'nrows': 1000, 'ncols': 3, 'variable': True, 'compressed': False, 'profile': 'varlen'}",False,3,42.32069913589945,4132.069913589945
exhaustive_cpu_20261007_203905,fitstable,fitstable_io,varlen_1000::scan_count,varlen_1000 [scan_count],scan_count,smart,fitsio,fitsio_torch,smart,OK,,True,off,torchfits-gpu-exhaustive-cpu-20261007-203905,5.367211997509003e-05,509.23828125,,18631647.128231823,rows/s,0.0384521484375,1000,"{'schema': 'varlen', 'nrows': 1000, 'ncols': 3, 'variable': True, 'compressed': False, 'profile': 'varlen'}",False,2,5.658876669285153,465.8876669285153
exhaustive_cpu_20261007_203905,fitstable,fitstable_io,varlen_1000::scan_count,varlen_1000 [scan_count],scan_count,specialized,torchfits,torchfits_specialized,specialized,OK,,True,off,torchfits-gpu-exhaustive-cpu-20261007-203905,9.754672646522522e-06,509.23828125,,102514972.69429062,rows/s,0.0384521484375,1000,"{'schema': 'varlen', 'nrows': 1000, 'ncols': 3, 'variable': True, 'compressed': False, 'profile': 'varlen'}",True,1,1.0,0.0
exhaustive_cpu_20261007_203905,fitstable,fitstable_io,varlen_1000::scan_count,varlen_1000 [scan_count],scan_count,specialized,astropy,astropy,specialized,OK,,True,off,torchfits-gpu-exhaustive-cpu-20261007-203905,0.00039853714406490326,509.23828125,,2509176.4090052955,rows/s,0.0384521484375,1000,"{'schema': 'varlen', 'nrows': 1000, 'ncols': 3, 'variable': True, 'compressed': False, 'profile': 'varlen'}",False,3,40.856024441474126,3985.602444147413
exhaustive_cpu_20261007_203905,fitstable,fitstable_io,varlen_1000::scan_count,varlen_1000 [scan_count],scan_count,specialized,fitsio,fitsio,specialized,OK,,True,off,torchfits-gpu-exhaustive-cpu-20261007-203905,5.624443292617798e-05,509.23828125,,17779537.422175124,rows/s,0.0384521484375,1000,"{'schema': 'varlen', 'nrows': 1000, 'ncols': 3, 'variable': True, 'compressed': False, 'profile': 'varlen'}",False,2,5.765896505632996,476.5896505632996
exhaustive_cpu_20261007_203905,fitstable,fitstable_io,varlen_10000::read_full,varlen_10000 [read_full],read_full,smart,torchfits,torchfits,smart,OK,,True,off,torchfits-gpu-exhaustive-cpu-20261007-203905,0.00720566138625145,510.0390625,,1387797.6585300283,rows/s,0.3131103515625,10000,"{'schema': 'varlen', 'nrows': 10000, 'ncols': 3, 'variable': True, 'compressed': False, 'profile': 'varlen'}",True,1,1.0,0.0
exhaustive_cpu_20261007_203905,fitstable,fitstable_io,varlen_10000::read_full,varlen_10000 [read_full],read_full,smart,astropy,astropy_torch,smart,OK,,True,off,torchfits-gpu-exhaustive-cpu-20261007-203905,0.05296102538704872,510.04296875,,188818.09645712478,rows/s,0.3131103515625,10000,"{'schema': 'varlen', 'nrows': 10000, 'ncols': 3, 'variable': True, 'compressed': False, 'profile': 'varlen'}",False,3,7.3499187025495605,634.9918702549561
exhaustive_cpu_20261007_203905,fitstable,fitstable_io,varlen_10000::read_full,varlen_10000 [read_full],read_full,smart,fitsio,fitsio_torch,smart,OK,,True,off,torchfits-gpu-exhaustive-cpu-20261007-203905,0.01056327298283577,510.0390625,,946676.282649229,rows/s,0.3131103515625,10000,"{'schema': 'varlen', 'nrows': 10000, 'ncols': 3, 'variable': True, 'compressed': False, 'profile': 'varlen'}",False,2,1.465968551199299,46.596855119929906
exhaustive_cpu_20261007_203905,fitstable,fitstable_io,varlen_10000::read_full,varlen_10000 [read_full],read_full,specialized,torchfits,torchfits_specialized,specialized,OK,,True,off,torchfits-gpu-exhaustive-cpu-20261007-203905,0.0071164947003126144,510.0390625,,1405186.1795893305,rows/s,0.3131103515625,10000,"{'schema': 'varlen', 'nrows': 10000, 'ncols': 3, 'variable': True, 'compressed': False, 'profile': 'varlen'}",True,1,1.0,0.0
exhaustive_cpu_20261007_203905,fitstable,fitstable_io,varlen_10000::read_full,varlen_10000 [read_full],read_full,specialized,astropy,astropy,specialized,OK,,True,off,torchfits-gpu-exhaustive-cpu-20261007-203905,0.0528771560639143,510.04296875,,189117.5839319475,rows/s,0.3131103515625,10000,"{'schema': 'varlen', 'nrows': 10000, 'ncols': 3, 'variable': True, 'compressed': False, 'profile': 'varlen'}",False,3,7.430224891700053,643.0224891700053
exhaustive_cpu_20261007_203905,fitstable,fitstable_io,varlen_10000::read_full,varlen_10000 [read_full],read_full,specialized,fitsio,fitsio,specialized,OK,,True,off,torchfits-gpu-exhaustive-cpu-20261007-203905,0.01052870787680149,509.23828125,,949784.163167218,rows/s,0.3131103515625,10000,"{'schema': 'varlen', 'nrows': 10000, 'ncols': 3, 'variable': True, 'compressed': False, 'profile': 'varlen'}",False,2,1.4794794797414779,47.94794797414779
exhaustive_cpu_20261007_203905,fitstable,fitstable_io,varlen_10000::projection,varlen_10000 [projection],projection,smart,torchfits,torchfits,smart,OK,,True,off,torchfits-gpu-exhaustive-cpu-20261007-203905,0.007176816463470459,510.05078125,,1393375.468203676,rows/s,0.3131103515625,10000,"{'schema': 'varlen', 'nrows': 10000, 'ncols': 3, 'variable': True, 'compressed': False, 'profile': 'varlen'}",True,1,1.0,0.0
exhaustive_cpu_20261007_203905,fitstable,fitstable_io,varlen_10000::projection,varlen_10000 [projection],projection,smart,astropy,astropy_torch,smart,OK,,True,off,torchfits-gpu-exhaustive-cpu-20261007-203905,0.05326557904481888,510.0546875,,187738.5016613782,rows/s,0.3131103515625,10000,"{'schema': 'varlen', 'nrows': 10000, 'ncols': 3, 'variable': True, 'compressed': False, 'profile': 'varlen'}",False,3,7.421895114071441,642.1895114071441
exhaustive_cpu_20261007_203905,fitstable,fitstable_io,varlen_10000::projection,varlen_10000 [projection],projection,smart,fitsio,fitsio_torch,smart,OK,,True,off,torchfits-gpu-exhaustive-cpu-20261007-203905,0.010556679219007492,510.05078125,,947267.582214189,rows/s,0.3131103515625,10000,"{'schema': 'varlen', 'nrows': 10000, 'ncols': 3, 'variable': True, 'compressed': False, 'profile': 'varlen'}",False,2,1.470941784946058,47.0941784946058
exhaustive_cpu_20261007_203905,fitstable,fitstable_io,varlen_10000::projection,varlen_10000 [projection],projection,specialized,torchfits,torchfits_specialized,specialized,OK,,True,off,torchfits-gpu-exhaustive-cpu-20261007-203905,0.007139047607779503,510.05078125,,1400747.0673122958,rows/s,0.3131103515625,10000,"{'schema': 'varlen', 'nrows': 10000, 'ncols': 3, 'variable': True, 'compressed': False, 'profile': 'varlen'}",True,1,1.0,0.0
exhaustive_cpu_20261007_203905,fitstable,fitstable_io,varlen_10000::projection,varlen_10000 [projection],projection,specialized,astropy,astropy,specialized,OK,,True,off,torchfits-gpu-exhaustive-cpu-20261007-203905,0.05310327932238579,510.0546875,,188312.28744444944,rows/s,0.3131103515625,10000,"{'schema': 'varlen', 'nrows': 10000, 'ncols': 3, 'variable': True, 'compressed': False, 'profile': 'varlen'}",False,3,7.438426277549757,643.8426277549758
exhaustive_cpu_20261007_203905,fitstable,fitstable_io,varlen_10000::projection,varlen_10000 [projection],projection,specialized,fitsio,fitsio,specialized,OK,,True,off,torchfits-gpu-exhaustive-cpu-20261007-203905,0.010579200461506844,509.23828125,,945251.0174455711,rows/s,0.3131103515625,10000,"{'schema': 'varlen', 'nrows': 10000, 'ncols': 3, 'variable': True, 'compressed': False, 'profile': 'varlen'}",False,2,1.4818784020964597,48.18784020964597
exhaustive_cpu_20261007_203905,fitstable,fitstable_io,varlen_10000::row_slice,varlen_10000 [row_slice],row_slice,smart,torchfits,torchfits,smart,OK,,True,off,torchfits-gpu-exhaustive-cpu-20261007-203905,0.0008095838129520416,509.23828125,,12352025.62108586,rows/s,0.3131103515625,10000,"{'schema': 'varlen', 'nrows': 10000, 'ncols': 3, 'variable': True, 'compressed': False, 'profile': 'varlen'}",True,1,1.0,0.0
exhaustive_cpu_20261007_203905,fitstable,fitstable_io,varlen_10000::row_slice,varlen_10000 [row_slice],row_slice,smart,astropy,astropy_torch,smart,OK,,True,off,torchfits-gpu-exhaustive-cpu-20261007-203905,0.006996415555477142,509.23828125,,1429303.3226380474,rows/s,0.3131103515625,10000,"{'schema': 'varlen', 'nrows': 10000, 'ncols': 3, 'variable': True, 'compressed': False, 'profile': 'varlen'}",False,3,8.641990419701731,764.1990419701731
exhaustive_cpu_20261007_203905,fitstable,fitstable_io,varlen_10000::row_slice,varlen_10000 [row_slice],row_slice,smart,fitsio,fitsio_torch,smart,OK,,True,off,torchfits-gpu-exhaustive-cpu-20261007-203905,0.0013621170073747635,509.23828125,,7341513.207645214,rows/s,0.3131103515625,10000,"{'schema': 'varlen', 'nrows': 10000, 'ncols': 3, 'variable': True, 'compressed': False, 'profile': 'varlen'}",False,2,1.6824904174009874,68.24904174009873
exhaustive_cpu_20261007_203905,fitstable,fitstable_io,varlen_10000::row_slice,varlen_10000 [row_slice],row_slice,specialized,torchfits,torchfits_specialized,specialized,OK,,True,off,torchfits-gpu-exhaustive-cpu-20261007-203905,0.0007718447595834732,509.23828125,,12955973.174445739,rows/s,0.3131103515625,10000,"{'schema': 'varlen', 'nrows': 10000, 'ncols': 3, 'variable': True, 'compressed': False, 'profile': 'varlen'}",True,1,1.0,0.0
exhaustive_cpu_20261007_203905,fitstable,fitstable_io,varlen_10000::row_slice,varlen_10000 [row_slice],row_slice,specialized,astropy,astropy,specialized,OK,,True,off,torchfits-gpu-exhaustive-cpu-20261007-203905,0.006997322663664818,509.23828125,,1429118.0328052135,rows/s,0.3131103515625,10000,"{'schema': 'varlen', 'nrows': 10000, 'ncols': 3, 'variable': True, 'compressed': False, 'profile': 'varlen'}",False,3,9.065712472338259,806.5712472338258
exhaustive_cpu_20261007_203905,fitstable,fitstable_io,varlen_10000::row_slice,varlen_10000 [row_slice],row_slice,specialized,fitsio,fitsio,specialized,OK,,True,off,torchfits-gpu-exhaustive-cpu-20261007-203905,0.001356435939669609,509.23828125,,7372261.164383279,rows/s,0.3131103515625,10000,"{'schema': 'varlen', 'nrows': 10000, 'ncols': 3, 'variable': True, 'compressed': False, 'profile': 'varlen'}",False,2,1.7573947647213555,75.73947647213555
exhaustive_cpu_20261007_203905,fitstable,fitstable_io,varlen_10000::predicate_filter,varlen_10000 [predicate_filter],predicate_filter,smart,torchfits,torchfits,smart,OK,,True,off,torchfits-gpu-exhaustive-cpu-20261007-203905,0.00018245354294776917,509.23828125,,54808472.54833902,rows/s,0.3131103515625,10000,"{'schema': 'varlen', 'nrows': 10000, 'ncols': 3, 'variable': True, 'compressed': False, 'profile': 'varlen'}",True,1,1.0,0.0
exhaustive_cpu_20261007_203905,fitstable,fitstable_io,varlen_10000::predicate_filter,varlen_10000 [predicate_filter],predicate_filter,smart,astropy,astropy_torch,smart,FAILED,,False,off,torchfits-gpu-exhaustive-cpu-20261007-203905,,,,,rows/s,0.3131103515625,10000,"{'schema': 'varlen', 'nrows': 10000, 'ncols': 3, 'variable': True, 'compressed': False, 'profile': 'varlen'}",False,,,
exhaustive_cpu_20261007_203905,fitstable,fitstable_io,varlen_10000::predicate_filter,varlen_10000 [predicate_filter],predicate_filter,smart,fitsio,fitsio_torch,smart,OK,,True,off,torchfits-gpu-exhaustive-cpu-20261007-203905,0.00023794546723365784,509.23828125,,42026436.20935293,rows/s,0.3131103515625,10000,"{'schema': 'varlen', 'nrows': 10000, 'ncols': 3, 'variable': True, 'compressed': False, 'profile': 'varlen'}",False,2,1.3041427608877636,30.41427608877636
exhaustive_cpu_20261007_203905,fitstable,fitstable_io,varlen_10000::predicate_filter,varlen_10000 [predicate_filter],predicate_filter,specialized,torchfits,torchfits_specialized,specialized,OK,,True,off,torchfits-gpu-exhaustive-cpu-20261007-203905,0.00023589283227920532,509.23828125,,42392131.644610085,rows/s,0.3131103515625,10000,"{'schema': 'varlen', 'nrows': 10000, 'ncols': 3, 'variable': True, 'compressed': False, 'profile': 'varlen'}",True,1,1.0,0.0
exhaustive_cpu_20261007_203905,fitstable,fitstable_io,varlen_10000::predicate_filter,varlen_10000 [predicate_filter],predicate_filter,specialized,astropy,astropy,specialized,OK,,True,off,torchfits-gpu-exhaustive-cpu-20261007-203905,0.0013312473893165588,509.23828125,,7511751.820323825,rows/s,0.3131103515625,10000,"{'schema': 'varlen', 'nrows': 10000, 'ncols': 3, 'variable': True, 'compressed': False, 'profile': 'varlen'}",False,3,5.643441457945106,464.3441457945106
exhaustive_cpu_20261007_203905,fitstable,fitstable_io,varlen_10000::predicate_filter,varlen_10000 [predicate_filter],predicate_filter,specialized,fitsio,fitsio,specialized,OK,,True,off,torchfits-gpu-exhaustive-cpu-20261007-203905,0.00027606263756752014,509.23828125,,36223663.18062209,rows/s,0.3131103515625,10000,"{'schema': 'varlen', 'nrows': 10000, 'ncols': 3, 'variable': True, 'compressed': False, 'profile': 'varlen'}",False,2,1.1702883673920597,17.028836739205964
exhaustive_cpu_20261007_203905,fitstable,fitstable_io,varlen_10000::predicate_filter_selective,varlen_10000 [predicate_filter_selective],predicate_filter_selective,smart,torchfits,torchfits,smart,OK,,True,off,torchfits-gpu-exhaustive-cpu-20261007-203905,0.0001662280410528183,509.23828125,,60158321.885189876,rows/s,0.3131103515625,10000,"{'schema': 'varlen', 'nrows': 10000, 'ncols': 3, 'variable': True, 'compressed': False, 'profile': 'varlen'}",True,1,1.0,0.0
exhaustive_cpu_20261007_203905,fitstable,fitstable_io,varlen_10000::predicate_filter_selective,varlen_10000 [predicate_filter_selective],predicate_filter_selective,smart,astropy,astropy_torch,smart,FAILED,,False,off,torchfits-gpu-exhaustive-cpu-20261007-203905,,,,,rows/s,0.3131103515625,10000,"{'schema': 'varlen', 'nrows': 10000, 'ncols': 3, 'variable': True, 'compressed': False, 'profile': 'varlen'}",False,,,
exhaustive_cpu_20261007_203905,fitstable,fitstable_io,varlen_10000::predicate_filter_selective,varlen_10000 [predicate_filter_selective],predicate_filter_selective,smart,fitsio,fitsio_torch,smart,OK,,True,off,torchfits-gpu-exhaustive-cpu-20261007-203905,0.00024028681218624115,509.23828125,,41616932.319403425,rows/s,0.3131103515625,10000,"{'schema': 'varlen', 'nrows': 10000, 'ncols': 3, 'variable': True, 'compressed': False, 'profile': 'varlen'}",False,2,1.445525139226606,44.552513922660594
exhaustive_cpu_20261007_203905,fitstable,fitstable_io,varlen_10000::predicate_filter_selective,varlen_10000 [predicate_filter_selective],predicate_filter_selective,specialized,torchfits,torchfits_specialized,specialized,OK,,True,off,torchfits-gpu-exhaustive-cpu-20261007-203905,0.0002331119030714035,509.23828125,,42897852.35435594,rows/s,0.3131103515625,10000,"{'schema': 'varlen', 'nrows': 10000, 'ncols': 3, 'variable': True, 'compressed': False, 'profile': 'varlen'}",True,1,1.0,0.0
exhaustive_cpu_20261007_203905,fitstable,fitstable_io,varlen_10000::predicate_filter_selective,varlen_10000 [predicate_filter_selective],predicate_filter_selective,specialized,astropy,astropy,specialized,OK,,True,off,torchfits-gpu-exhaustive-cpu-20261007-203905,0.0013383906334638596,509.23828125,,7471660.179001117,rows/s,0.3131103515625,10000,"{'schema': 'varlen', 'nrows': 10000, 'ncols': 3, 'variable': True, 'compressed': False, 'profile': 'varlen'}",False,3,5.741408378678556,474.14083786785557
exhaustive_cpu_20261007_203905,fitstable,fitstable_io,varlen_10000::predicate_filter_selective,varlen_10000 [predicate_filter_selective],predicate_filter_selective,specialized,fitsio,fitsio,specialized,OK,,True,off,torchfits-gpu-exhaustive-cpu-20261007-203905,0.00027822889387607574,509.23828125,,35941630.14734925,rows/s,0.3131103515625,10000,"{'schema': 'varlen', 'nrows': 10000, 'ncols': 3, 'variable': True, 'compressed': False, 'profile': 'varlen'}",False,2,1.1935422010211665,19.35422010211665
exhaustive_cpu_20261007_203905,fitstable,fitstable_io,varlen_10000::scan_count,varlen_10000 [scan_count],scan_count,smart,torchfits,torchfits,smart,OK,,True,off,torchfits-gpu-exhaustive-cpu-20261007-203905,1.06077641248703e-05,509.23828125,,942705727.831431,rows/s,0.3131103515625,10000,"{'schema': 'varlen', 'nrows': 10000, 'ncols': 3, 'variable': True, 'compressed': False, 'profile': 'varlen'}",True,1,1.0,0.0
exhaustive_cpu_20261007_203905,fitstable,fitstable_io,varlen_10000::scan_count,varlen_10000 [scan_count],scan_count,smart,astropy,astropy_torch,smart,OK,,True,off,torchfits-gpu-exhaustive-cpu-20261007-203905,0.00041624344885349274,509.23828125,,24024402.131839316,rows/s,0.3131103515625,10000,"{'schema': 'varlen', 'nrows': 10000, 'ncols': 3, 'variable': True, 'compressed': False, 'profile': 'varlen'}",False,3,39.23950834064969,3823.950834064969
exhaustive_cpu_20261007_203905,fitstable,fitstable_io,varlen_10000::scan_count,varlen_10000 [scan_count],scan_count,smart,fitsio,fitsio_torch,smart,OK,,True,off,torchfits-gpu-exhaustive-cpu-20261007-203905,5.759112536907196e-05,509.23828125,,173637864.09651023,rows/s,0.3131103515625,10000,"{'schema': 'varlen', 'nrows': 10000, 'ncols': 3, 'variable': True, 'compressed': False, 'profile': 'varlen'}",False,2,5.429148375768218,442.9148375768218
exhaustive_cpu_20261007_203905,fitstable,fitstable_io,varlen_10000::scan_count,varlen_10000 [scan_count],scan_count,specialized,torchfits,torchfits_specialized,specialized,OK,,True,off,torchfits-gpu-exhaustive-cpu-20261007-203905,1.0419636964797974e-05,509.23828125,,959726335.3593136,rows/s,0.3131103515625,10000,"{'schema': 'varlen', 'nrows': 10000, 'ncols': 3, 'variable': True, 'compressed': False, 'profile': 'varlen'}",True,1,1.0,0.0
exhaustive_cpu_20261007_203905,fitstable,fitstable_io,varlen_10000::scan_count,varlen_10000 [scan_count],scan_count,specialized,astropy,astropy,specialized,OK,,True,off,torchfits-gpu-exhaustive-cpu-20261007-203905,0.00041441991925239563,509.23828125,,24130114.25232595,rows/s,0.3131103515625,10000,"{'schema': 'varlen', 'nrows': 10000, 'ncols': 3, 'variable': True, 'compressed': False, 'profile': 'varlen'}",False,3,39.77297104040043,3877.297104040043
exhaustive_cpu_20261007_203905,fitstable,fitstable_io,varlen_10000::scan_count,varlen_10000 [scan_count],scan_count,specialized,fitsio,fitsio,specialized,OK,,True,off,torchfits-gpu-exhaustive-cpu-20261007-203905,5.709752440452576e-05,509.23828125,,175138941.73680434,rows/s,0.3131103515625,10000,"{'schema': 'varlen', 'nrows': 10000, 'ncols': 3, 'variable': True, 'compressed': False, 'profile': 'varlen'}",False,2,5.479799785484448,447.9799785484448
exhaustive_cpu_20261007_203905,fitstable,fitstable_io,varlen_100000::read_full,varlen_100000 [read_full],read_full,smart,torchfits,torchfits,smart,OK,,True,off,torchfits-gpu-exhaustive-cpu-20261007-203905,0.07442160695791245,515.8359375,,1343695.7906129716,rows/s,3.0596923828125,100000,"{'schema': 'varlen', 'nrows': 100000, 'ncols': 3, 'variable': True, 'compressed': False, 'profile': 'varlen'}",True,1,1.0,0.0
exhaustive_cpu_20261007_203905,fitstable,fitstable_io,varlen_100000::read_full,varlen_100000 [read_full],read_full,smart,astropy,astropy_torch,smart,OK,,True,off,torchfits-gpu-exhaustive-cpu-20261007-203905,0.527535330504179,517.22265625,,189560.76345526933,rows/s,3.0596923828125,100000,"{'schema': 'varlen', 'nrows': 100000, 'ncols': 3, 'variable': True, 'compressed': False, 'profile': 'varlen'}",False,3,7.088470029980882,608.8470029980882
exhaustive_cpu_20261007_203905,fitstable,fitstable_io,varlen_100000::read_full,varlen_100000 [read_full],read_full,smart,fitsio,fitsio_torch,smart,OK,,True,off,torchfits-gpu-exhaustive-cpu-20261007-203905,0.10550505481660366,517.34765625,,947821.8856321819,rows/s,3.0596923828125,100000,"{'schema': 'varlen', 'nrows': 100000, 'ncols': 3, 'variable': True, 'compressed': False, 'profile': 'varlen'}",False,2,1.4176669804546118,41.76669804546118
exhaustive_cpu_20261007_203905,fitstable,fitstable_io,varlen_100000::read_full,varlen_100000 [read_full],read_full,specialized,torchfits,torchfits_specialized,specialized,OK,,True,off,torchfits-gpu-exhaustive-cpu-20261007-203905,0.07422032579779625,515.8203125,,1347339.8146006144,rows/s,3.0596923828125,100000,"{'schema': 'varlen', 'nrows': 100000, 'ncols': 3, 'variable': True, 'compressed': False, 'profile': 'varlen'}",True,1,1.0,0.0
exhaustive_cpu_20261007_203905,fitstable,fitstable_io,varlen_100000::read_full,varlen_100000 [read_full],read_full,specialized,astropy,astropy,specialized,OK,,True,off,torchfits-gpu-exhaustive-cpu-20261007-203905,0.5233028437942266,517.5703125,,191093.9357312609,rows/s,3.0596923828125,100000,"{'schema': 'varlen', 'nrows': 100000, 'ncols': 3, 'variable': True, 'compressed': False, 'profile': 'varlen'}",False,3,7.050667565376877,605.0667565376876
exhaustive_cpu_20261007_203905,fitstable,fitstable_io,varlen_100000::read_full,varlen_100000 [read_full],read_full,specialized,fitsio,fitsio,specialized,OK,,True,off,torchfits-gpu-exhaustive-cpu-20261007-203905,0.10599331185221672,517.34765625,,943455.7544482334,rows/s,3.0596923828125,100000,"{'schema': 'varlen', 'nrows': 100000, 'ncols': 3, 'variable': True, 'compressed': False, 'profile': 'varlen'}",False,2,1.4280900913987078,42.80900913987078
exhaustive_cpu_20261007_203905,fitstable,fitstable_io,varlen_100000::projection,varlen_100000 [projection],projection,smart,torchfits,torchfits,smart,OK,,True,off,torchfits-gpu-exhaustive-cpu-20261007-203905,0.07363498397171497,515.8359375,,1358050.1360387676,rows/s,3.0596923828125,100000,"{'schema': 'varlen', 'nrows': 100000, 'ncols': 3, 'variable': True, 'compressed': False, 'profile': 'varlen'}",True,1,1.0,0.0
exhaustive_cpu_20261007_203905,fitstable,fitstable_io,varlen_100000::projection,varlen_100000 [projection],projection,smart,astropy,astropy_torch,smart,OK,,True,off,torchfits-gpu-exhaustive-cpu-20261007-203905,0.5227979365736246,517.31640625,,191278.49022395138,rows/s,3.0596923828125,100000,"{'schema': 'varlen', 'nrows': 100000, 'ncols': 3, 'variable': True, 'compressed': False, 'profile': 'varlen'}",False,3,7.09985808884598,609.985808884598
exhaustive_cpu_20261007_203905,fitstable,fitstable_io,varlen_100000::projection,varlen_100000 [projection],projection,smart,fitsio,fitsio_torch,smart,OK,,True,off,torchfits-gpu-exhaustive-cpu-20261007-203905,0.1059049591422081,517.34765625,,944242.8457549473,rows/s,3.0596923828125,100000,"{'schema': 'varlen', 'nrows': 100000, 'ncols': 3, 'variable': True, 'compressed': False, 'profile': 'varlen'}",False,2,1.4382424417025585,43.82424417025585
exhaustive_cpu_20261007_203905,fitstable,fitstable_io,varlen_100000::projection,varlen_100000 [projection],projection,specialized,torchfits,torchfits_specialized,specialized,OK,,True,off,torchfits-gpu-exhaustive-cpu-20261007-203905,0.07279829122126102,515.8203125,,1373658.6164648135,rows/s,3.0596923828125,100000,"{'schema': 'varlen', 'nrows': 100000, 'ncols': 3, 'variable': True, 'compressed': False, 'profile': 'varlen'}",True,1,1.0,0.0
exhaustive_cpu_20261007_203905,fitstable,fitstable_io,varlen_100000::projection,varlen_100000 [projection],projection,specialized,astropy,astropy,specialized,OK,,True,off,torchfits-gpu-exhaustive-cpu-20261007-203905,0.5235663075000048,517.33984375,,190997.77538683405,rows/s,3.0596923828125,100000,"{'schema': 'varlen', 'nrows': 100000, 'ncols': 3, 'variable': True, 'compressed': False, 'profile': 'varlen'}",False,3,7.192013695880477,619.2013695880477
exhaustive_cpu_20261007_203905,fitstable,fitstable_io,varlen_100000::projection,varlen_100000 [projection],projection,specialized,fitsio,fitsio,specialized,OK,,True,off,torchfits-gpu-exhaustive-cpu-20261007-203905,0.1052821259945631,517.34765625,,949828.8437409035,rows/s,3.0596923828125,100000,"{'schema': 'varlen', 'nrows': 100000, 'ncols': 3, 'variable': True, 'compressed': False, 'profile': 'varlen'}",False,2,1.4462169953216573,44.62169953216573
exhaustive_cpu_20261007_203905,fitstable,fitstable_io,varlen_100000::row_slice,varlen_100000 [row_slice],row_slice,smart,torchfits,torchfits,smart,OK,,True,off,torchfits-gpu-exhaustive-cpu-20261007-203905,0.007176792249083519,510.0390625,,13933801.69431128,rows/s,3.0596923828125,100000,"{'schema': 'varlen', 'nrows': 100000, 'ncols': 3, 'variable': True, 'compressed': False, 'profile': 'varlen'}",True,1,1.0,0.0
exhaustive_cpu_20261007_203905,fitstable,fitstable_io,varlen_100000::row_slice,varlen_100000 [row_slice],row_slice,smart,astropy,astropy_torch,smart,OK,,True,off,torchfits-gpu-exhaustive-cpu-20261007-203905,0.05381994508206844,510.04296875,,1858047.2322577245,rows/s,3.0596923828125,100000,"{'schema': 'varlen', 'nrows': 100000, 'ncols': 3, 'variable': True, 'compressed': False, 'profile': 'varlen'}",False,3,7.4991644197226535,649.9164419722654
exhaustive_cpu_20261007_203905,fitstable,fitstable_io,varlen_100000::row_slice,varlen_100000 [row_slice],row_slice,smart,fitsio,fitsio_torch,smart,OK,,True,off,torchfits-gpu-exhaustive-cpu-20261007-203905,0.01157587580382824,510.04296875,,8638655.225285776,rows/s,3.0596923828125,100000,"{'schema': 'varlen', 'nrows': 100000, 'ncols': 3, 'variable': True, 'compressed': False, 'profile': 'varlen'}",False,2,1.6129595788851887,61.29595788851887
exhaustive_cpu_20261007_203905,fitstable,fitstable_io,varlen_100000::row_slice,varlen_100000 [row_slice],row_slice,specialized,torchfits,torchfits_specialized,specialized,OK,,True,off,torchfits-gpu-exhaustive-cpu-20261007-203905,0.0071446336805820465,510.0390625,,13996518.851873925,rows/s,3.0596923828125,100000,"{'schema': 'varlen', 'nrows': 100000, 'ncols': 3, 'variable': True, 'compressed': False, 'profile': 'varlen'}",True,1,1.0,0.0
exhaustive_cpu_20261007_203905,fitstable,fitstable_io,varlen_100000::row_slice,varlen_100000 [row_slice],row_slice,specialized,astropy,astropy,specialized,OK,,True,off,torchfits-gpu-exhaustive-cpu-20261007-203905,0.053791848942637444,510.04296875,,1859017.713011464,rows/s,3.0596923828125,100000,"{'schema': 'varlen', 'nrows': 100000, 'ncols': 3, 'variable': True, 'compressed': False, 'profile': 'varlen'}",False,3,7.528986278027794,652.8986278027794
exhaustive_cpu_20261007_203905,fitstable,fitstable_io,varlen_100000::row_slice,varlen_100000 [row_slice],row_slice,specialized,fitsio,fitsio,specialized,OK,,True,off,torchfits-gpu-exhaustive-cpu-20261007-203905,0.011548768728971481,510.0390625,,8658931.730889885,rows/s,3.0596923828125,100000,"{'schema': 'varlen', 'nrows': 100000, 'ncols': 3, 'variable': True, 'compressed': False, 'profile': 'varlen'}",False,2,1.616425592309814,61.642559230981405
exhaustive_cpu_20261007_203905,fitstable,fitstable_io,varlen_100000::predicate_filter,varlen_100000 [predicate_filter],predicate_filter,smart,torchfits,torchfits,smart,OK,,True,off,torchfits-gpu-exhaustive-cpu-20261007-203905,0.0009508319199085236,510.0390625,,105171059.05491759,rows/s,3.0596923828125,100000,"{'schema': 'varlen', 'nrows': 100000, 'ncols': 3, 'variable': True, 'compressed': False, 'profile': 'varlen'}",True,1,1.0,0.0
exhaustive_cpu_20261007_203905,fitstable,fitstable_io,varlen_100000::predicate_filter,varlen_100000 [predicate_filter],predicate_filter,smart,astropy,astropy_torch,smart,FAILED,,False,off,torchfits-gpu-exhaustive-cpu-20261007-203905,,,,,rows/s,3.0596923828125,100000,"{'schema': 'varlen', 'nrows': 100000, 'ncols': 3, 'variable': True, 'compressed': False, 'profile': 'varlen'}",False,,,
exhaustive_cpu_20261007_203905,fitstable,fitstable_io,varlen_100000::predicate_filter,varlen_100000 [predicate_filter],predicate_filter,smart,fitsio,fitsio_torch,smart,OK,,True,off,torchfits-gpu-exhaustive-cpu-20261007-203905,0.0012865066528320312,510.0390625,,77729873.98072647,rows/s,3.0596923828125,100000,"{'schema': 'varlen', 'nrows': 100000, 'ncols': 3, 'variable': True, 'compressed': False, 'profile': 'varlen'}",False,2,1.353032671595419,35.3032671595419
exhaustive_cpu_20261007_203905,fitstable,fitstable_io,varlen_100000::predicate_filter,varlen_100000 [predicate_filter],predicate_filter,specialized,torchfits,torchfits_specialized,specialized,OK,,True,off,torchfits-gpu-exhaustive-cpu-20261007-203905,0.000825216993689537,510.0390625,,121180248.06166555,rows/s,3.0596923828125,100000,"{'schema': 'varlen', 'nrows': 100000, 'ncols': 3, 'variable': True, 'compressed': False, 'profile': 'varlen'}",True,1,1.0,0.0
exhaustive_cpu_20261007_203905,fitstable,fitstable_io,varlen_100000::predicate_filter,varlen_100000 [predicate_filter],predicate_filter,specialized,astropy,astropy,specialized,OK,,True,off,torchfits-gpu-exhaustive-cpu-20261007-203905,0.001760922372341156,510.0390625,,56788420.41574465,rows/s,3.0596923828125,100000,"{'schema': 'varlen', 'nrows': 100000, 'ncols': 3, 'variable': True, 'compressed': False, 'profile': 'varlen'}",False,3,2.1338900989763787,113.38900989763788
exhaustive_cpu_20261007_203905,fitstable,fitstable_io,varlen_100000::predicate_filter,varlen_100000 [predicate_filter],predicate_filter,specialized,fitsio,fitsio,specialized,OK,,True,off,torchfits-gpu-exhaustive-cpu-20261007-203905,0.0012897290289402008,510.0390625,,77535666.60600966,rows/s,3.0596923828125,100000,"{'schema': 'varlen', 'nrows': 100000, 'ncols': 3, 'variable': True, 'compressed': False, 'profile': 'varlen'}",False,2,1.5628968365930458,56.28968365930458
exhaustive_cpu_20261007_203905,fitstable,fitstable_io,varlen_100000::predicate_filter_selective,varlen_100000 [predicate_filter_selective],predicate_filter_selective,smart,torchfits,torchfits,smart,OK,,True,off,torchfits-gpu-exhaustive-cpu-20261007-203905,0.0008018594235181808,510.0390625,,124710138.79371421,rows/s,3.0596923828125,100000,"{'schema': 'varlen', 'nrows': 100000, 'ncols': 3, 'variable': True, 'compressed': False, 'profile': 'varlen'}",True,1,1.0,0.0
exhaustive_cpu_20261007_203905,fitstable,fitstable_io,varlen_100000::predicate_filter_selective,varlen_100000 [predicate_filter_selective],predicate_filter_selective,smart,astropy,astropy_torch,smart,FAILED,,False,off,torchfits-gpu-exhaustive-cpu-20261007-203905,,,,,rows/s,3.0596923828125,100000,"{'schema': 'varlen', 'nrows': 100000, 'ncols': 3, 'variable': True, 'compressed': False, 'profile': 'varlen'}",False,,,
exhaustive_cpu_20261007_203905,fitstable,fitstable_io,varlen_100000::predicate_filter_selective,varlen_100000 [predicate_filter_selective],predicate_filter_selective,smart,fitsio,fitsio_torch,smart,OK,,True,off,torchfits-gpu-exhaustive-cpu-20261007-203905,0.0013102032244205475,510.0390625,,76324037.47458808,rows/s,3.0596923828125,100000,"{'schema': 'varlen', 'nrows': 100000, 'ncols': 3, 'variable': True, 'compressed': False, 'profile': 'varlen'}",False,2,1.6339562596545836,63.39562596545836
exhaustive_cpu_20261007_203905,fitstable,fitstable_io,varlen_100000::predicate_filter_selective,varlen_100000 [predicate_filter_selective],predicate_filter_selective,specialized,torchfits,torchfits_specialized,specialized,OK,,True,off,torchfits-gpu-exhaustive-cpu-20261007-203905,0.0008383877575397491,510.0390625,,119276550.85690926,rows/s,3.0596923828125,100000,"{'schema': 'varlen', 'nrows': 100000, 'ncols': 3, 'variable': True, 'compressed': False, 'profile': 'varlen'}",True,1,1.0,0.0
exhaustive_cpu_20261007_203905,fitstable,fitstable_io,varlen_100000::predicate_filter_selective,varlen_100000 [predicate_filter_selective],predicate_filter_selective,specialized,astropy,astropy,specialized,OK,,True,off,torchfits-gpu-exhaustive-cpu-20261007-203905,0.0017543043941259384,510.0390625,,57002650.358077586,rows/s,3.0596923828125,100000,"{'schema': 'varlen', 'nrows': 100000, 'ncols': 3, 'variable': True, 'compressed': False, 'profile': 'varlen'}",False,3,2.092473772844619,109.2473772844619
exhaustive_cpu_20261007_203905,fitstable,fitstable_io,varlen_100000::predicate_filter_selective,varlen_100000 [predicate_filter_selective],predicate_filter_selective,specialized,fitsio,fitsio,specialized,OK,,True,off,torchfits-gpu-exhaustive-cpu-20261007-203905,0.0012989118695259094,510.0390625,,76987517.27975129,rows/s,3.0596923828125,100000,"{'schema': 'varlen', 'nrows': 100000, 'ncols': 3, 'variable': True, 'compressed': False, 'profile': 'varlen'}",False,2,1.5492972766415023,54.92972766415023
exhaustive_cpu_20261007_203905,fitstable,fitstable_io,varlen_100000::scan_count,varlen_100000 [scan_count],scan_count,smart,torchfits,torchfits,smart,OK,,True,off,torchfits-gpu-exhaustive-cpu-20261007-203905,1.0756775736808777e-05,510.0390625,,9296466008.658009,rows/s,3.0596923828125,100000,"{'schema': 'varlen', 'nrows': 100000, 'ncols': 3, 'variable': True, 'compressed': False, 'profile': 'varlen'}",True,1,1.0,0.0
exhaustive_cpu_20261007_203905,fitstable,fitstable_io,varlen_100000::scan_count,varlen_100000 [scan_count],scan_count,smart,astropy,astropy_torch,smart,OK,,True,off,torchfits-gpu-exhaustive-cpu-20261007-203905,0.00041670165956020355,510.0390625,,239979845.785933,rows/s,3.0596923828125,100000,"{'schema': 'varlen', 'nrows': 100000, 'ncols': 3, 'variable': True, 'compressed': False, 'profile': 'varlen'}",False,3,38.73852813852814,3773.852813852814
exhaustive_cpu_20261007_203905,fitstable,fitstable_io,varlen_100000::scan_count,varlen_100000 [scan_count],scan_count,smart,fitsio,fitsio_torch,smart,OK,,True,off,torchfits-gpu-exhaustive-cpu-20261007-203905,6.528757512569427e-05,510.0390625,,1531685007.560412,rows/s,3.0596923828125,100000,"{'schema': 'varlen', 'nrows': 100000, 'ncols': 3, 'variable': True, 'compressed': False, 'profile': 'varlen'}",False,2,6.06943722943723,506.943722943723
exhaustive_cpu_20261007_203905,fitstable,fitstable_io,varlen_100000::scan_count,varlen_100000 [scan_count],scan_count,specialized,torchfits,torchfits_specialized,specialized,OK,,True,off,torchfits-gpu-exhaustive-cpu-20261007-203905,1.0360032320022583e-05,510.0390625,,9652479539.73391,rows/s,3.0596923828125,100000,"{'schema': 'varlen', 'nrows': 100000, 'ncols': 3, 'variable': True, 'compressed': False, 'profile': 'varlen'}",True,1,1.0,0.0
exhaustive_cpu_20261007_203905,fitstable,fitstable_io,varlen_100000::scan_count,varlen_100000 [scan_count],scan_count,specialized,astropy,astropy,specialized,OK,,True,off,torchfits-gpu-exhaustive-cpu-20261007-203905,0.0004203878343105316,510.0390625,,237875580.21037334,rows/s,3.0596923828125,100000,"{'schema': 'varlen', 'nrows': 100000, 'ncols': 3, 'variable': True, 'compressed': False, 'profile': 'varlen'}",False,3,40.57784969435455,3957.784969435455
exhaustive_cpu_20261007_203905,fitstable,fitstable_io,varlen_100000::scan_count,varlen_100000 [scan_count],scan_count,specialized,fitsio,fitsio,specialized,OK,,True,off,torchfits-gpu-exhaustive-cpu-20261007-203905,5.830824375152588e-05,510.0390625,,1715023358.0373116,rows/s,3.0596923828125,100000,"{'schema': 'varlen', 'nrows': 100000, 'ncols': 3, 'variable': True, 'compressed': False, 'profile': 'varlen'}",False,2,5.628191298094211,462.8191298094211
exhaustive_cpu_20261007_203905,fitstable,fitstable_io,typed_10000::read_full,typed_10000 [read_full],read_full,smart,torchfits,torchfits,smart,OK,,True,off,torchfits-gpu-exhaustive-cpu-20261007-203905,0.0006332360208034515,510.10546875,,15791900.13118959,rows/s,0.24444580078125,10000,"{'schema': 'typed', 'nrows': 10000, 'ncols': 4, 'variable': False, 'compressed': False, 'profile': 'typed'}",True,1,1.0,0.0
exhaustive_cpu_20261007_203905,fitstable,fitstable_io,typed_10000::read_full,typed_10000 [read_full],read_full,smart,astropy,astropy_torch,smart,OK,,True,off,torchfits-gpu-exhaustive-cpu-20261007-203905,0.0070296041667461395,510.10546875,,1422555.2054986898,rows/s,0.24444580078125,10000,"{'schema': 'typed', 'nrows': 10000, 'ncols': 4, 'variable': False, 'compressed': False, 'profile': 'typed'}",False,3,11.101080696304924,1010.1080696304924
exhaustive_cpu_20261007_203905,fitstable,fitstable_io,typed_10000::read_full,typed_10000 [read_full],read_full,smart,fitsio,fitsio_torch,smart,OK,,True,off,torchfits-gpu-exhaustive-cpu-20261007-203905,0.004571009427309036,510.10546875,,2187700.5854015537,rows/s,0.24444580078125,10000,"{'schema': 'typed', 'nrows': 10000, 'ncols': 4, 'variable': False, 'compressed': False, 'profile': 'typed'}",False,2,7.218492437479042,621.8492437479042
exhaustive_cpu_20261007_203905,fitstable,fitstable_io,typed_10000::read_full,typed_10000 [read_full],read_full,specialized,torchfits,torchfits_specialized,specialized,OK,,True,off,torchfits-gpu-exhaustive-cpu-20261007-203905,0.0005941279232501984,510.10546875,,16831392.043138854,rows/s,0.24444580078125,10000,"{'schema': 'typed', 'nrows': 10000, 'ncols': 4, 'variable': False, 'compressed': False, 'profile': 'typed'}",True,1,1.0,0.0
exhaustive_cpu_20261007_203905,fitstable,fitstable_io,typed_10000::read_full,typed_10000 [read_full],read_full,specialized,astropy,astropy,specialized,OK,,True,off,torchfits-gpu-exhaustive-cpu-20261007-203905,0.003990724682807922,510.10546875,,2505810.5469114645,rows/s,0.24444580078125,10000,"{'schema': 'typed', 'nrows': 10000, 'ncols': 4, 'variable': False, 'compressed': False, 'profile': 'typed'}",False,3,6.7169451672571086,571.6945167257109
exhaustive_cpu_20261007_203905,fitstable,fitstable_io,typed_10000::read_full,typed_10000 [read_full],read_full,specialized,fitsio,fitsio,specialized,OK,,True,off,torchfits-gpu-exhaustive-cpu-20261007-203905,0.001579904928803444,510.10546875,,6329494.780153383,rows/s,0.24444580078125,10000,"{'schema': 'typed', 'nrows': 10000, 'ncols': 4, 'variable': False, 'compressed': False, 'profile': 'typed'}",False,2,2.6591999247578144,165.91999247578144
exhaustive_cpu_20261007_203905,fitstable,fitstable_io,typed_10000::projection,typed_10000 [projection],projection,smart,torchfits,torchfits,smart,OK,,True,off,torchfits-gpu-exhaustive-cpu-20261007-203905,0.0004738215357065201,510.10546875,,21104992.589855373,rows/s,0.24444580078125,10000,"{'schema': 'typed', 'nrows': 10000, 'ncols': 4, 'variable': False, 'compressed': False, 'profile': 'typed'}",True,1,1.0,0.0
exhaustive_cpu_20261007_203905,fitstable,fitstable_io,typed_10000::projection,typed_10000 [projection],projection,smart,astropy,astropy_torch,smart,OK,,True,off,torchfits-gpu-exhaustive-cpu-20261007-203905,0.006963081657886505,510.10546875,,1436145.731347819,rows/s,0.24444580078125,10000,"{'schema': 'typed', 'nrows': 10000, 'ncols': 4, 'variable': False, 'compressed': False, 'profile': 'typed'}",False,3,14.695578679225257,1369.5578679225257
exhaustive_cpu_20261007_203905,fitstable,fitstable_io,typed_10000::projection,typed_10000 [projection],projection,smart,fitsio,fitsio_torch,smart,OK,,True,off,torchfits-gpu-exhaustive-cpu-20261007-203905,0.004414770752191544,510.10546875,,2265123.2784932,rows/s,0.24444580078125,10000,"{'schema': 'typed', 'nrows': 10000, 'ncols': 4, 'variable': False, 'compressed': False, 'profile': 'typed'}",False,2,9.317370401091276,831.7370401091276
exhaustive_cpu_20261007_203905,fitstable,fitstable_io,typed_10000::projection,typed_10000 [projection],projection,specialized,torchfits,torchfits_specialized,specialized,OK,,True,off,torchfits-gpu-exhaustive-cpu-20261007-203905,0.00044276192784309387,510.10546875,,22585501.081167493,rows/s,0.24444580078125,10000,"{'schema': 'typed', 'nrows': 10000, 'ncols': 4, 'variable': False, 'compressed': False, 'profile': 'typed'}",True,1,1.0,0.0
exhaustive_cpu_20261007_203905,fitstable,fitstable_io,typed_10000::projection,typed_10000 [projection],projection,specialized,astropy,astropy,specialized,OK,,True,off,torchfits-gpu-exhaustive-cpu-20261007-203905,0.003948841243982315,510.10546875,,2532388.460852691,rows/s,0.24444580078125,10000,"{'schema': 'typed', 'nrows': 10000, 'ncols': 4, 'variable': False, 'compressed': False, 'profile': 'typed'}",False,3,8.918655818532136,791.8655818532136
exhaustive_cpu_20261007_203905,fitstable,fitstable_io,typed_10000::projection,typed_10000 [projection],projection,specialized,fitsio,fitsio,specialized,OK,,True,off,torchfits-gpu-exhaustive-cpu-20261007-203905,0.0014482960104942322,510.10546875,,6904665.846995941,rows/s,0.24444580078125,10000,"{'schema': 'typed', 'nrows': 10000, 'ncols': 4, 'variable': False, 'compressed': False, 'profile': 'typed'}",False,2,3.2710491110868047,227.10491110868048
exhaustive_cpu_20261007_203905,fitstable,fitstable_io,typed_10000::row_slice,typed_10000 [row_slice],row_slice,smart,torchfits,torchfits,smart,OK,,True,off,torchfits-gpu-exhaustive-cpu-20261007-203905,0.0001632682979106903,510.10546875,,61248877.63250964,rows/s,0.24444580078125,10000,"{'schema': 'typed', 'nrows': 10000, 'ncols': 4, 'variable': False, 'compressed': False, 'profile': 'typed'}",True,1,1.0,0.0
exhaustive_cpu_20261007_203905,fitstable,fitstable_io,typed_10000::row_slice,typed_10000 [row_slice],row_slice,smart,astropy,astropy_torch,smart,OK,,True,off,torchfits-gpu-exhaustive-cpu-20261007-203905,0.0024992916733026505,510.10546875,,4001133.6439118586,rows/s,0.24444580078125,10000,"{'schema': 'typed', 'nrows': 10000, 'ncols': 4, 'variable': False, 'compressed': False, 'profile': 'typed'}",False,3,15.30788098660643,1430.7880986606428
exhaustive_cpu_20261007_203905,fitstable,fitstable_io,typed_10000::row_slice,typed_10000 [row_slice],row_slice,smart,fitsio,fitsio_torch,smart,OK,,True,off,torchfits-gpu-exhaustive-cpu-20261007-203905,0.0007376894354820251,510.10546875,,13555840.058175353,rows/s,0.24444580078125,10000,"{'schema': 'typed', 'nrows': 10000, 'ncols': 4, 'variable': False, 'compressed': False, 'profile': 'typed'}",False,2,4.518264996463367,351.82649964633674
exhaustive_cpu_20261007_203905,fitstable,fitstable_io,typed_10000::row_slice,typed_10000 [row_slice],row_slice,specialized,torchfits,torchfits_specialized,specialized,OK,,True,off,torchfits-gpu-exhaustive-cpu-20261007-203905,0.00013050250709056854,510.10546875,,76626880.37908739,rows/s,0.24444580078125,10000,"{'schema': 'typed', 'nrows': 10000, 'ncols': 4, 'variable': False, 'compressed': False, 'profile': 'typed'}",True,1,1.0,0.0
exhaustive_cpu_20261007_203905,fitstable,fitstable_io,typed_10000::row_slice,typed_10000 [row_slice],row_slice,specialized,astropy,astropy,specialized,OK,,True,off,torchfits-gpu-exhaustive-cpu-20261007-203905,0.0021619386970996857,510.10546875,,4625478.055143441,rows/s,0.24444580078125,10000,"{'schema': 'typed', 'nrows': 10000, 'ncols': 4, 'variable': False, 'compressed': False, 'profile': 'typed'}",False,3,16.566261792957768,1556.6261792957769
exhaustive_cpu_20261007_203905,fitstable,fitstable_io,typed_10000::row_slice,typed_10000 [row_slice],row_slice,specialized,fitsio,fitsio,specialized,OK,,True,off,torchfits-gpu-exhaustive-cpu-20261007-203905,0.00039090029895305634,510.10546875,,25581970.714227855,rows/s,0.24444580078125,10000,"{'schema': 'typed', 'nrows': 10000, 'ncols': 4, 'variable': False, 'compressed': False, 'profile': 'typed'}",False,2,2.9953470448025348,199.53470448025348
exhaustive_cpu_20261007_203905,fitstable,fitstable_io,typed_10000::predicate_filter,typed_10000 [predicate_filter],predicate_filter,smart,torchfits,torchfits,smart,OK,,True,off,torchfits-gpu-exhaustive-cpu-20261007-203905,0.00022880919277668,510.10546875,,43704537.73577226,rows/s,0.24444580078125,10000,"{'schema': 'typed', 'nrows': 10000, 'ncols': 4, 'variable': False, 'compressed': False, 'profile': 'typed'}",True,1,1.0,0.0
exhaustive_cpu_20261007_203905,fitstable,fitstable_io,typed_10000::predicate_filter,typed_10000 [predicate_filter],predicate_filter,smart,astropy,astropy_torch,smart,FAILED,,False,off,torchfits-gpu-exhaustive-cpu-20261007-203905,,,,,rows/s,0.24444580078125,10000,"{'schema': 'typed', 'nrows': 10000, 'ncols': 4, 'variable': False, 'compressed': False, 'profile': 'typed'}",False,,,
exhaustive_cpu_20261007_203905,fitstable,fitstable_io,typed_10000::predicate_filter,typed_10000 [predicate_filter],predicate_filter,smart,fitsio,fitsio_torch,smart,OK,,True,off,torchfits-gpu-exhaustive-cpu-20261007-203905,0.00026559457182884216,510.10546875,,37651371.90546322,rows/s,0.24444580078125,10000,"{'schema': 'typed', 'nrows': 10000, 'ncols': 4, 'variable': False, 'compressed': False, 'profile': 'typed'}",False,2,1.1607687986909907,16.07687986909907
exhaustive_cpu_20261007_203905,fitstable,fitstable_io,typed_10000::predicate_filter,typed_10000 [predicate_filter],predicate_filter,specialized,torchfits,torchfits_specialized,specialized,OK,,True,off,torchfits-gpu-exhaustive-cpu-20261007-203905,0.00027501583099365234,510.10546875,,36361543.12960555,rows/s,0.24444580078125,10000,"{'schema': 'typed', 'nrows': 10000, 'ncols': 4, 'variable': False, 'compressed': False, 'profile': 'typed'}",True,1,1.0,0.0
exhaustive_cpu_20261007_203905,fitstable,fitstable_io,typed_10000::predicate_filter,typed_10000 [predicate_filter],predicate_filter,specialized,astropy,astropy,specialized,OK,,True,off,torchfits-gpu-exhaustive-cpu-20261007-203905,0.0014364589005708694,510.10546875,,6961563.603404077,rows/s,0.24444580078125,10000,"{'schema': 'typed', 'nrows': 10000, 'ncols': 4, 'variable': False, 'compressed': False, 'profile': 'typed'}",False,3,5.223186226701344,422.3186226701344
exhaustive_cpu_20261007_203905,fitstable,fitstable_io,typed_10000::predicate_filter,typed_10000 [predicate_filter],predicate_filter,specialized,fitsio,fitsio,specialized,OK,,True,off,torchfits-gpu-exhaustive-cpu-20261007-203905,0.0002955365926027298,510.10546875,,33836757.44493114,rows/s,0.24444580078125,10000,"{'schema': 'typed', 'nrows': 10000, 'ncols': 4, 'variable': False, 'compressed': False, 'profile': 'typed'}",False,2,1.0746166558300823,7.461665583008226
exhaustive_cpu_20261007_203905,fitstable,fitstable_io,typed_10000::predicate_filter_selective,typed_10000 [predicate_filter_selective],predicate_filter_selective,smart,torchfits,torchfits,smart,OK,,True,off,torchfits-gpu-exhaustive-cpu-20261007-203905,0.00022141076624393463,510.10546875,,45164922.05705441,rows/s,0.24444580078125,10000,"{'schema': 'typed', 'nrows': 10000, 'ncols': 4, 'variable': False, 'compressed': False, 'profile': 'typed'}",True,1,1.0,0.0
exhaustive_cpu_20261007_203905,fitstable,fitstable_io,typed_10000::predicate_filter_selective,typed_10000 [predicate_filter_selective],predicate_filter_selective,smart,astropy,astropy_torch,smart,FAILED,,False,off,torchfits-gpu-exhaustive-cpu-20261007-203905,,,,,rows/s,0.24444580078125,10000,"{'schema': 'typed', 'nrows': 10000, 'ncols': 4, 'variable': False, 'compressed': False, 'profile': 'typed'}",False,,,
exhaustive_cpu_20261007_203905,fitstable,fitstable_io,typed_10000::predicate_filter_selective,typed_10000 [predicate_filter_selective],predicate_filter_selective,smart,fitsio,fitsio_torch,smart,OK,,True,off,torchfits-gpu-exhaustive-cpu-20261007-203905,0.0002625342458486557,510.10546875,,38090268.824451745,rows/s,0.24444580078125,10000,"{'schema': 'typed', 'nrows': 10000, 'ncols': 4, 'variable': False, 'compressed': False, 'profile': 'typed'}",False,2,1.1857338751062094,18.573387510620943
exhaustive_cpu_20261007_203905,fitstable,fitstable_io,typed_10000::predicate_filter_selective,typed_10000 [predicate_filter_selective],predicate_filter_selective,specialized,torchfits,torchfits_specialized,specialized,OK,,True,off,torchfits-gpu-exhaustive-cpu-20261007-203905,0.00027337856590747833,510.10546875,,36579312.52512451,rows/s,0.24444580078125,10000,"{'schema': 'typed', 'nrows': 10000, 'ncols': 4, 'variable': False, 'compressed': False, 'profile': 'typed'}",True,1,1.0,0.0
exhaustive_cpu_20261007_203905,fitstable,fitstable_io,typed_10000::predicate_filter_selective,typed_10000 [predicate_filter_selective],predicate_filter_selective,specialized,astropy,astropy,specialized,OK,,True,off,torchfits-gpu-exhaustive-cpu-20261007-203905,0.0014356672763824463,510.10546875,,6965402.196251012,rows/s,0.24444580078125,10000,"{'schema': 'typed', 'nrows': 10000, 'ncols': 4, 'variable': False, 'compressed': False, 'profile': 'typed'}",False,3,5.251572198488781,425.1572198488781
exhaustive_cpu_20261007_203905,fitstable,fitstable_io,typed_10000::predicate_filter_selective,typed_10000 [predicate_filter_selective],predicate_filter_selective,specialized,fitsio,fitsio,specialized,OK,,True,off,torchfits-gpu-exhaustive-cpu-20261007-203905,0.00029328279197216034,510.10546875,,34096783.97002318,rows/s,0.24444580078125,10000,"{'schema': 'typed', 'nrows': 10000, 'ncols': 4, 'variable': False, 'compressed': False, 'profile': 'typed'}",False,2,1.0728082905790732,7.280829057907323
exhaustive_cpu_20261007_203905,fitstable,fitstable_io,typed_10000::scan_count,typed_10000 [scan_count],scan_count,smart,torchfits,torchfits,smart,OK,,True,off,torchfits-gpu-exhaustive-cpu-20261007-203905,1.0438263416290283e-05,510.10546875,,958013761.598858,rows/s,0.24444580078125,10000,"{'schema': 'typed', 'nrows': 10000, 'ncols': 4, 'variable': False, 'compressed': False, 'profile': 'typed'}",True,1,1.0,0.0
exhaustive_cpu_20261007_203905,fitstable,fitstable_io,typed_10000::scan_count,typed_10000 [scan_count],scan_count,smart,astropy,astropy_torch,smart,OK,,True,off,torchfits-gpu-exhaustive-cpu-20261007-203905,0.0004184208810329437,510.10546875,,23899380.870556183,rows/s,0.24444580078125,10000,"{'schema': 'typed', 'nrows': 10000, 'ncols': 4, 'variable': False, 'compressed': False, 'profile': 'typed'}",False,3,40.085296216987864,3908.5296216987863
exhaustive_cpu_20261007_203905,fitstable,fitstable_io,typed_10000::scan_count,typed_10000 [scan_count],scan_count,smart,fitsio,fitsio_torch,smart,OK,,True,off,torchfits-gpu-exhaustive-cpu-20261007-203905,5.877576768398285e-05,510.10546875,,170138143.5588655,rows/s,0.24444580078125,10000,"{'schema': 'typed', 'nrows': 10000, 'ncols': 4, 'variable': False, 'compressed': False, 'profile': 'typed'}",False,2,5.630799428979301,463.07994289793004
exhaustive_cpu_20261007_203905,fitstable,fitstable_io,typed_10000::scan_count,typed_10000 [scan_count],scan_count,specialized,torchfits,torchfits_specialized,specialized,OK,,True,off,torchfits-gpu-exhaustive-cpu-20261007-203905,1.0551884770393372e-05,510.10546875,,947697991.1738746,rows/s,0.24444580078125,10000,"{'schema': 'typed', 'nrows': 10000, 'ncols': 4, 'variable': False, 'compressed': False, 'profile': 'typed'}",True,1,1.0,0.0
exhaustive_cpu_20261007_203905,fitstable,fitstable_io,typed_10000::scan_count,typed_10000 [scan_count],scan_count,specialized,astropy,astropy,specialized,OK,,True,off,torchfits-gpu-exhaustive-cpu-20261007-203905,0.00041639432311058044,510.10546875,,24015697.2489376,rows/s,0.24444580078125,10000,"{'schema': 'typed', 'nrows': 10000, 'ncols': 4, 'variable': False, 'compressed': False, 'profile': 'typed'}",False,3,39.461606354810236,3846.1606354810237
exhaustive_cpu_20261007_203905,fitstable,fitstable_io,typed_10000::scan_count,typed_10000 [scan_count],scan_count,specialized,fitsio,fitsio,specialized,OK,,True,off,torchfits-gpu-exhaustive-cpu-20261007-203905,6.0947611927986145e-05,510.10546875,,164075337.55080834,rows/s,0.24444580078125,10000,"{'schema': 'typed', 'nrows': 10000, 'ncols': 4, 'variable': False, 'compressed': False, 'profile': 'typed'}",False,2,5.775992939099735,477.59929390997354
exhaustive_cpu_20261007_203905,fitstable,fitstable_io,typed_100000::read_full,typed_100000 [read_full],read_full,smart,torchfits,torchfits,smart,OK,,True,off,torchfits-gpu-exhaustive-cpu-20261007-203905,0.005180129781365395,510.3046875,,19304535.643051337,rows/s,2.39227294921875,100000,"{'schema': 'typed', 'nrows': 100000, 'ncols': 4, 'variable': False, 'compressed': False, 'profile': 'typed'}",True,1,1.0,0.0
exhaustive_cpu_20261007_203905,fitstable,fitstable_io,typed_100000::read_full,typed_100000 [read_full],read_full,smart,astropy,astropy_torch,smart,OK,,True,off,torchfits-gpu-exhaustive-cpu-20261007-203905,0.0589914433658123,510.3046875,,1695161.0995494586,rows/s,2.39227294921875,100000,"{'schema': 'typed', 'nrows': 100000, 'ncols': 4, 'variable': False, 'compressed': False, 'profile': 'typed'}",False,3,11.38802421090368,1038.802421090368
exhaustive_cpu_20261007_203905,fitstable,fitstable_io,typed_100000::read_full,typed_100000 [read_full],read_full,smart,fitsio,fitsio_torch,smart,OK,,True,off,torchfits-gpu-exhaustive-cpu-20261007-203905,0.04471150413155556,509.8671875,,2236560.857039566,rows/s,2.39227294921875,100000,"{'schema': 'typed', 'nrows': 100000, 'ncols': 4, 'variable': False, 'compressed': False, 'profile': 'typed'}",False,2,8.631348251620514,763.1348251620514
exhaustive_cpu_20261007_203905,fitstable,fitstable_io,typed_100000::read_full,typed_100000 [read_full],read_full,specialized,torchfits,torchfits_specialized,specialized,OK,,True,off,torchfits-gpu-exhaustive-cpu-20261007-203905,0.005109228193759918,510.3046875,,19572427.812508658,rows/s,2.39227294921875,100000,"{'schema': 'typed', 'nrows': 100000, 'ncols': 4, 'variable': False, 'compressed': False, 'profile': 'typed'}",True,1,1.0,0.0
exhaustive_cpu_20261007_203905,fitstable,fitstable_io,typed_100000::read_full,typed_100000 [read_full],read_full,specialized,astropy,astropy,specialized,OK,,True,off,torchfits-gpu-exhaustive-cpu-20261007-203905,0.028203776106238365,510.3046875,,3545624.515785356,rows/s,2.39227294921875,100000,"{'schema': 'typed', 'nrows': 100000, 'ncols': 4, 'variable': False, 'compressed': False, 'profile': 'typed'}",False,3,5.520163718795069,452.0163718795069
exhaustive_cpu_20261007_203905,fitstable,fitstable_io,typed_100000::read_full,typed_100000 [read_full],read_full,specialized,fitsio,fitsio,specialized,OK,,True,off,torchfits-gpu-exhaustive-cpu-20261007-203905,0.014195090159773827,509.3046875,,7044689.316830188,rows/s,2.39227294921875,100000,"{'schema': 'typed', 'nrows': 100000, 'ncols': 4, 'variable': False, 'compressed': False, 'profile': 'typed'}",False,2,2.778323774442252,177.8323774442252
exhaustive_cpu_20261007_203905,fitstable,fitstable_io,typed_100000::projection,typed_100000 [projection],projection,smart,torchfits,torchfits,smart,OK,,True,off,torchfits-gpu-exhaustive-cpu-20261007-203905,0.003522166982293129,510.3046875,,28391612.465486906,rows/s,2.39227294921875,100000,"{'schema': 'typed', 'nrows': 100000, 'ncols': 4, 'variable': False, 'compressed': False, 'profile': 'typed'}",True,1,1.0,0.0
exhaustive_cpu_20261007_203905,fitstable,fitstable_io,typed_100000::projection,typed_100000 [projection],projection,smart,astropy,astropy_torch,smart,OK,,True,off,torchfits-gpu-exhaustive-cpu-20261007-203905,0.05862102471292019,510.3046875,,1705872.6027005087,rows/s,2.39227294921875,100000,"{'schema': 'typed', 'nrows': 100000, 'ncols': 4, 'variable': False, 'compressed': False, 'profile': 'typed'}",False,3,16.64345415978961,1564.345415978961
exhaustive_cpu_20261007_203905,fitstable,fitstable_io,typed_100000::projection,typed_100000 [projection],projection,smart,fitsio,fitsio_torch,smart,OK,,True,off,torchfits-gpu-exhaustive-cpu-20261007-203905,0.04332663305103779,509.8671875,,2308049.1826402084,rows/s,2.39227294921875,100000,"{'schema': 'typed', 'nrows': 100000, 'ncols': 4, 'variable': False, 'compressed': False, 'profile': 'typed'}",False,2,12.301129750194214,1130.1129750194214
exhaustive_cpu_20261007_203905,fitstable,fitstable_io,typed_100000::projection,typed_100000 [projection],projection,specialized,torchfits,torchfits_specialized,specialized,OK,,True,off,torchfits-gpu-exhaustive-cpu-20261007-203905,0.0034592468291521072,510.3046875,,28908026.787007537,rows/s,2.39227294921875,100000,"{'schema': 'typed', 'nrows': 100000, 'ncols': 4, 'variable': False, 'compressed': False, 'profile': 'typed'}",True,1,1.0,0.0
exhaustive_cpu_20261007_203905,fitstable,fitstable_io,typed_100000::projection,typed_100000 [projection],projection,specialized,astropy,astropy,specialized,OK,,True,off,torchfits-gpu-exhaustive-cpu-20261007-203905,0.02807609550654888,510.3046875,,3561748.818551872,rows/s,2.39227294921875,100000,"{'schema': 'typed', 'nrows': 100000, 'ncols': 4, 'variable': False, 'compressed': False, 'profile': 'typed'}",False,3,8.11624520977897,711.6245209778971
exhaustive_cpu_20261007_203905,fitstable,fitstable_io,typed_100000::projection,typed_100000 [projection],projection,specialized,fitsio,fitsio,specialized,OK,,True,off,torchfits-gpu-exhaustive-cpu-20261007-203905,0.012949420139193535,509.3046875,,7722353.505029439,rows/s,2.39227294921875,100000,"{'schema': 'typed', 'nrows': 100000, 'ncols': 4, 'variable': False, 'compressed': False, 'profile': 'typed'}",False,2,3.7434218426002155,274.34218426002155
exhaustive_cpu_20261007_203905,fitstable,fitstable_io,typed_100000::row_slice,typed_100000 [row_slice],row_slice,smart,torchfits,torchfits,smart,OK,,True,off,torchfits-gpu-exhaustive-cpu-20261007-203905,0.0006338190287351608,509.3046875,,157773742.1351303,rows/s,2.39227294921875,100000,"{'schema': 'typed', 'nrows': 100000, 'ncols': 4, 'variable': False, 'compressed': False, 'profile': 'typed'}",True,1,1.0,0.0
exhaustive_cpu_20261007_203905,fitstable,fitstable_io,typed_100000::row_slice,typed_100000 [row_slice],row_slice,smart,astropy,astropy_torch,smart,OK,,True,off,torchfits-gpu-exhaustive-cpu-20261007-203905,0.007621819153428078,509.3046875,,13120227.33510055,rows/s,2.39227294921875,100000,"{'schema': 'typed', 'nrows': 100000, 'ncols': 4, 'variable': False, 'compressed': False, 'profile': 'typed'}",False,3,12.025229297135585,1102.5229297135586
exhaustive_cpu_20261007_203905,fitstable,fitstable_io,typed_100000::row_slice,typed_100000 [row_slice],row_slice,smart,fitsio,fitsio_torch,smart,OK,,True,off,torchfits-gpu-exhaustive-cpu-20261007-203905,0.004982493817806244,509.3046875,,20070270.76333218,rows/s,2.39227294921875,100000,"{'schema': 'typed', 'nrows': 100000, 'ncols': 4, 'variable': False, 'compressed': False, 'profile': 'typed'}",False,2,7.8610669480044315,686.1066948004432
exhaustive_cpu_20261007_203905,fitstable,fitstable_io,typed_100000::row_slice,typed_100000 [row_slice],row_slice,specialized,torchfits,torchfits_specialized,specialized,OK,,True,off,torchfits-gpu-exhaustive-cpu-20261007-203905,0.0005893167108297348,509.3046875,,169688044.07260728,rows/s,2.39227294921875,100000,"{'schema': 'typed', 'nrows': 100000, 'ncols': 4, 'variable': False, 'compressed': False, 'profile': 'typed'}",True,1,1.0,0.0
exhaustive_cpu_20261007_203905,fitstable,fitstable_io,typed_100000::row_slice,typed_100000 [row_slice],row_slice,specialized,astropy,astropy,specialized,OK,,True,off,torchfits-gpu-exhaustive-cpu-20261007-203905,0.004602178931236267,509.3046875,,21728837.903557424,rows/s,2.39227294921875,100000,"{'schema': 'typed', 'nrows': 100000, 'ncols': 4, 'variable': False, 'compressed': False, 'profile': 'typed'}",False,3,7.809347413136444,680.9347413136444
exhaustive_cpu_20261007_203905,fitstable,fitstable_io,typed_100000::row_slice,typed_100000 [row_slice],row_slice,specialized,fitsio,fitsio,specialized,OK,,True,off,torchfits-gpu-exhaustive-cpu-20261007-203905,0.0018965434283018112,509.3046875,,52727503.366237834,rows/s,2.39227294921875,100000,"{'schema': 'typed', 'nrows': 100000, 'ncols': 4, 'variable': False, 'compressed': False, 'profile': 'typed'}",False,2,3.2182074484729144,221.82074484729145
exhaustive_cpu_20261007_203905,fitstable,fitstable_io,typed_100000::predicate_filter,typed_100000 [predicate_filter],predicate_filter,smart,torchfits,torchfits,smart,OK,,True,off,torchfits-gpu-exhaustive-cpu-20261007-203905,0.0009373221546411514,509.3046875,,106686905.35569859,rows/s,2.39227294921875,100000,"{'schema': 'typed', 'nrows': 100000, 'ncols': 4, 'variable': False, 'compressed': False, 'profile': 'typed'}",True,1,1.0,0.0
exhaustive_cpu_20261007_203905,fitstable,fitstable_io,typed_100000::predicate_filter,typed_100000 [predicate_filter],predicate_filter,smart,astropy,astropy_torch,smart,FAILED,,False,off,torchfits-gpu-exhaustive-cpu-20261007-203905,,,,,rows/s,2.39227294921875,100000,"{'schema': 'typed', 'nrows': 100000, 'ncols': 4, 'variable': False, 'compressed': False, 'profile': 'typed'}",False,,,
exhaustive_cpu_20261007_203905,fitstable,fitstable_io,typed_100000::predicate_filter,typed_100000 [predicate_filter],predicate_filter,smart,fitsio,fitsio_torch,smart,OK,,True,off,torchfits-gpu-exhaustive-cpu-20261007-203905,0.0014164578169584274,509.3046875,,70598643.18072733,rows/s,2.39227294921875,100000,"{'schema': 'typed', 'nrows': 100000, 'ncols': 4, 'variable': False, 'compressed': False, 'profile': 'typed'}",False,2,1.5111750105818318,51.11750105818318
exhaustive_cpu_20261007_203905,fitstable,fitstable_io,typed_100000::predicate_filter,typed_100000 [predicate_filter],predicate_filter,specialized,torchfits,torchfits_specialized,specialized,OK,,True,off,torchfits-gpu-exhaustive-cpu-20261007-203905,0.0009603165090084076,509.3046875,,104132334.56046365,rows/s,2.39227294921875,100000,"{'schema': 'typed', 'nrows': 100000, 'ncols': 4, 'variable': False, 'compressed': False, 'profile': 'typed'}",True,1,1.0,0.0
exhaustive_cpu_20261007_203905,fitstable,fitstable_io,typed_100000::predicate_filter,typed_100000 [predicate_filter],predicate_filter,specialized,astropy,astropy,specialized,OK,,True,off,torchfits-gpu-exhaustive-cpu-20261007-203905,0.001857854425907135,509.3046875,,53825530.46435432,rows/s,2.39227294921875,100000,"{'schema': 'typed', 'nrows': 100000, 'ncols': 4, 'variable': False, 'compressed': False, 'profile': 'typed'}",False,3,1.934627186431999,93.4627186431999
exhaustive_cpu_20261007_203905,fitstable,fitstable_io,typed_100000::predicate_filter,typed_100000 [predicate_filter],predicate_filter,specialized,fitsio,fitsio,specialized,OK,,True,off,torchfits-gpu-exhaustive-cpu-20261007-203905,0.0014212708920240402,509.3046875,,70359563.79687014,rows/s,2.39227294921875,100000,"{'schema': 'typed', 'nrows': 100000, 'ncols': 4, 'variable': False, 'compressed': False, 'profile': 'typed'}",False,2,1.4800025602929596,48.00025602929596
exhaustive_cpu_20261007_203905,fitstable,fitstable_io,typed_100000::predicate_filter_selective,typed_100000 [predicate_filter_selective],predicate_filter_selective,smart,torchfits,torchfits,smart,OK,,True,off,torchfits-gpu-exhaustive-cpu-20261007-203905,0.000917414203286171,509.3046875,,109002018.54495029,rows/s,2.39227294921875,100000,"{'schema': 'typed', 'nrows': 100000, 'ncols': 4, 'variable': False, 'compressed': False, 'profile': 'typed'}",True,1,1.0,0.0
exhaustive_cpu_20261007_203905,fitstable,fitstable_io,typed_100000::predicate_filter_selective,typed_100000 [predicate_filter_selective],predicate_filter_selective,smart,astropy,astropy_torch,smart,FAILED,,False,off,torchfits-gpu-exhaustive-cpu-20261007-203905,,,,,rows/s,2.39227294921875,100000,"{'schema': 'typed', 'nrows': 100000, 'ncols': 4, 'variable': False, 'compressed': False, 'profile': 'typed'}",False,,,
exhaustive_cpu_20261007_203905,fitstable,fitstable_io,typed_100000::predicate_filter_selective,typed_100000 [predicate_filter_selective],predicate_filter_selective,smart,fitsio,fitsio_torch,smart,OK,,True,off,torchfits-gpu-exhaustive-cpu-20261007-203905,0.0014120563864707947,509.3046875,,70818701.68792178,rows/s,2.39227294921875,100000,"{'schema': 'typed', 'nrows': 100000, 'ncols': 4, 'variable': False, 'compressed': False, 'profile': 'typed'}",False,2,1.5391699642460506,53.91699642460506
exhaustive_cpu_20261007_203905,fitstable,fitstable_io,typed_100000::predicate_filter_selective,typed_100000 [predicate_filter_selective],predicate_filter_selective,specialized,torchfits,torchfits_specialized,specialized,OK,,True,off,torchfits-gpu-exhaustive-cpu-20261007-203905,0.000943915918469429,509.3046875,,105941639.55000484,rows/s,2.39227294921875,100000,"{'schema': 'typed', 'nrows': 100000, 'ncols': 4, 'variable': False, 'compressed': False, 'profile': 'typed'}",True,1,1.0,0.0
exhaustive_cpu_20261007_203905,fitstable,fitstable_io,typed_100000::predicate_filter_selective,typed_100000 [predicate_filter_selective],predicate_filter_selective,specialized,astropy,astropy,specialized,OK,,True,off,torchfits-gpu-exhaustive-cpu-20261007-203905,0.001879088580608368,509.3046875,,53217288.97294682,rows/s,2.39227294921875,100000,"{'schema': 'typed', 'nrows': 100000, 'ncols': 4, 'variable': False, 'compressed': False, 'profile': 'typed'}",False,3,1.9907372508934191,99.0737250893419
exhaustive_cpu_20261007_203905,fitstable,fitstable_io,typed_100000::predicate_filter_selective,typed_100000 [predicate_filter_selective],predicate_filter_selective,specialized,fitsio,fitsio,specialized,OK,,True,off,torchfits-gpu-exhaustive-cpu-20261007-203905,0.0014217067509889603,509.3046875,,70337993.352313,rows/s,2.39227294921875,100000,"{'schema': 'typed', 'nrows': 100000, 'ncols': 4, 'variable': False, 'compressed': False, 'profile': 'typed'}",False,2,1.5061794415908092,50.61794415908092
exhaustive_cpu_20261007_203905,fitstable,fitstable_io,typed_100000::scan_count,typed_100000 [scan_count],scan_count,smart,torchfits,torchfits,smart,OK,,True,off,torchfits-gpu-exhaustive-cpu-20261007-203905,1.058727502822876e-05,509.3046875,,9445301055.594652,rows/s,2.39227294921875,100000,"{'schema': 'typed', 'nrows': 100000, 'ncols': 4, 'variable': False, 'compressed': False, 'profile': 'typed'}",True,1,1.0,0.0
exhaustive_cpu_20261007_203905,fitstable,fitstable_io,typed_100000::scan_count,typed_100000 [scan_count],scan_count,smart,astropy,astropy_torch,smart,OK,,True,off,torchfits-gpu-exhaustive-cpu-20261007-203905,0.00041890889406204224,509.3046875,,238715389.95108938,rows/s,2.39227294921875,100000,"{'schema': 'typed', 'nrows': 100000, 'ncols': 4, 'variable': False, 'compressed': False, 'profile': 'typed'}",False,3,39.567206192821956,3856.7206192821955
exhaustive_cpu_20261007_203905,fitstable,fitstable_io,typed_100000::scan_count,typed_100000 [scan_count],scan_count,smart,fitsio,fitsio_torch,smart,OK,,True,off,torchfits-gpu-exhaustive-cpu-20261007-203905,6.0692429542541504e-05,509.3046875,,1647651951.8782225,rows/s,2.39227294921875,100000,"{'schema': 'typed', 'nrows': 100000, 'ncols': 4, 'variable': False, 'compressed': False, 'profile': 'typed'}",False,2,5.732582688247713,473.2582688247713
exhaustive_cpu_20261007_203905,fitstable,fitstable_io,typed_100000::scan_count,typed_100000 [scan_count],scan_count,specialized,torchfits,torchfits_specialized,specialized,OK,,True,off,torchfits-gpu-exhaustive-cpu-20261007-203905,1.1043623089790344e-05,509.3046875,,9054999359.082476,rows/s,2.39227294921875,100000,"{'schema': 'typed', 'nrows': 100000, 'ncols': 4, 'variable': False, 'compressed': False, 'profile': 'typed'}",True,1,1.0,0.0
exhaustive_cpu_20261007_203905,fitstable,fitstable_io,typed_100000::scan_count,typed_100000 [scan_count],scan_count,specialized,astropy,astropy,specialized,OK,,True,off,torchfits-gpu-exhaustive-cpu-20261007-203905,0.0004253555089235306,509.3046875,,235097460.59966457,rows/s,2.39227294921875,100000,"{'schema': 'typed', 'nrows': 100000, 'ncols': 4, 'variable': False, 'compressed': False, 'profile': 'typed'}",False,3,38.5159386068477,3751.59386068477
exhaustive_cpu_20261007_203905,fitstable,fitstable_io,typed_100000::scan_count,typed_100000 [scan_count],scan_count,specialized,fitsio,fitsio,specialized,OK,,True,off,torchfits-gpu-exhaustive-cpu-20261007-203905,6.24433159828186e-05,509.3046875,,1601452428.111204,rows/s,2.39227294921875,100000,"{'schema': 'typed', 'nrows': 100000, 'ncols': 4, 'variable': False, 'compressed': False, 'profile': 'typed'}",False,2,5.65424186203407,465.424186203407
exhaustive_cpu_20261007_203905,fitstable,fitstable_io,ascii_1000::read_full,ascii_1000 [read_full],read_full,smart,torchfits,torchfits,smart,OK,,True,off,torchfits-gpu-exhaustive-cpu-20261007-203905,0.00018418394029140472,509.3046875,,5429355.015523396,rows/s,0.0494384765625,1000,"{'schema': 'ascii', 'nrows': 1000, 'ncols': 3, 'variable': False, 'compressed': False, 'profile': 'ascii'}",True,1,1.0,0.0
exhaustive_cpu_20261007_203905,fitstable,fitstable_io,ascii_1000::read_full,ascii_1000 [read_full],read_full,smart,astropy,astropy_torch,smart,OK,,True,off,torchfits-gpu-exhaustive-cpu-20261007-203905,0.002472441643476486,509.3046875,,404458.48444532166,rows/s,0.0494384765625,1000,"{'schema': 'ascii', 'nrows': 1000, 'ncols': 3, 'variable': False, 'compressed': False, 'profile': 'ascii'}",False,3,13.42376343759797,1242.376343759797
exhaustive_cpu_20261007_203905,fitstable,fitstable_io,ascii_1000::read_full,ascii_1000 [read_full],read_full,smart,fitsio,fitsio_torch,smart,OK,,True,off,torchfits-gpu-exhaustive-cpu-20261007-203905,0.00064888596534729,509.3046875,,1541102.833784963,rows/s,0.0494384765625,1000,"{'schema': 'ascii', 'nrows': 1000, 'ncols': 3, 'variable': False, 'compressed': False, 'profile': 'ascii'}",False,2,3.5230322704610497,252.30322704610498
exhaustive_cpu_20261007_203905,fitstable,fitstable_io,ascii_1000::read_full,ascii_1000 [read_full],read_full,specialized,torchfits,torchfits_specialized,specialized,OK,,True,off,torchfits-gpu-exhaustive-cpu-20261007-203905,0.00014977715909481049,509.3046875,,6676585.442290234,rows/s,0.0494384765625,1000,"{'schema': 'ascii', 'nrows': 1000, 'ncols': 3, 'variable': False, 'compressed': False, 'profile': 'ascii'}",True,1,1.0,0.0
exhaustive_cpu_20261007_203905,fitstable,fitstable_io,ascii_1000::read_full,ascii_1000 [read_full],read_full,specialized,astropy,astropy,specialized,OK,,True,off,torchfits-gpu-exhaustive-cpu-20261007-203905,0.0021237116307020187,509.3046875,,470873.72199842305,rows/s,0.0494384765625,1000,"{'schema': 'ascii', 'nrows': 1000, 'ncols': 3, 'variable': False, 'compressed': False, 'profile': 'ascii'}",False,3,14.179142157167552,1317.9142157167553
exhaustive_cpu_20261007_203905,fitstable,fitstable_io,ascii_1000::read_full,ascii_1000 [read_full],read_full,specialized,fitsio,fitsio,specialized,OK,,True,off,torchfits-gpu-exhaustive-cpu-20261007-203905,0.0003239959478378296,509.3046875,,3086458.3544129147,rows/s,0.0494384765625,1000,"{'schema': 'ascii', 'nrows': 1000, 'ncols': 3, 'variable': False, 'compressed': False, 'profile': 'ascii'}",False,2,2.163186628695079,116.31866286950792
exhaustive_cpu_20261007_203905,fitstable,fitstable_io,ascii_1000::projection,ascii_1000 [projection],projection,smart,torchfits,torchfits,smart,OK,,True,off,torchfits-gpu-exhaustive-cpu-20261007-203905,0.0001865960657596588,509.3046875,,5359169.797759987,rows/s,0.0494384765625,1000,"{'schema': 'ascii', 'nrows': 1000, 'ncols': 3, 'variable': False, 'compressed': False, 'profile': 'ascii'}",True,1,1.0,0.0
exhaustive_cpu_20261007_203905,fitstable,fitstable_io,ascii_1000::projection,ascii_1000 [projection],projection,smart,astropy,astropy_torch,smart,OK,,True,off,torchfits-gpu-exhaustive-cpu-20261007-203905,0.002470167353749275,509.3046875,,404830.87045992154,rows/s,0.0494384765625,1000,"{'schema': 'ascii', 'nrows': 1000, 'ncols': 3, 'variable': False, 'compressed': False, 'profile': 'ascii'}",False,3,13.238046277625825,1223.8046277625824
exhaustive_cpu_20261007_203905,fitstable,fitstable_io,ascii_1000::projection,ascii_1000 [projection],projection,smart,fitsio,fitsio_torch,smart,OK,,True,off,torchfits-gpu-exhaustive-cpu-20261007-203905,0.0006707888096570969,509.3046875,,1490782.174066371,rows/s,0.0494384765625,1000,"{'schema': 'ascii', 'nrows': 1000, 'ncols': 3, 'variable': False, 'compressed': False, 'profile': 'ascii'}",False,2,3.5948711293896864,259.48711293896866
exhaustive_cpu_20261007_203905,fitstable,fitstable_io,ascii_1000::projection,ascii_1000 [projection],projection,specialized,torchfits,torchfits_specialized,specialized,OK,,True,off,torchfits-gpu-exhaustive-cpu-20261007-203905,0.0001565832644701004,509.3046875,,6386378.540415155,rows/s,0.0494384765625,1000,"{'schema': 'ascii', 'nrows': 1000, 'ncols': 3, 'variable': False, 'compressed': False, 'profile': 'ascii'}",True,1,1.0,0.0
exhaustive_cpu_20261007_203905,fitstable,fitstable_io,ascii_1000::projection,ascii_1000 [projection],projection,specialized,astropy,astropy,specialized,OK,,True,off,torchfits-gpu-exhaustive-cpu-20261007-203905,0.002129059284925461,509.3046875,,469691.0072351557,rows/s,0.0494384765625,1000,"{'schema': 'ascii', 'nrows': 1000, 'ncols': 3, 'variable': False, 'compressed': False, 'profile': 'ascii'}",False,3,13.596978528519598,1259.6978528519599
exhaustive_cpu_20261007_203905,fitstable,fitstable_io,ascii_1000::projection,ascii_1000 [projection],projection,specialized,fitsio,fitsio,specialized,OK,,True,off,torchfits-gpu-exhaustive-cpu-20261007-203905,0.0003350917249917984,509.3046875,,2984257.5194134554,rows/s,0.0494384765625,1000,"{'schema': 'ascii', 'nrows': 1000, 'ncols': 3, 'variable': False, 'compressed': False, 'profile': 'ascii'}",False,2,2.140022601558318,114.00226015583179
exhaustive_cpu_20261007_203905,fitstable,fitstable_io,ascii_1000::row_slice,ascii_1000 [row_slice],row_slice,smart,torchfits,torchfits,smart,OK,,True,off,torchfits-gpu-exhaustive-cpu-20261007-203905,0.00011837668716907501,509.3046875,,8447609.271002155,rows/s,0.0494384765625,1000,"{'schema': 'ascii', 'nrows': 1000, 'ncols': 3, 'variable': False, 'compressed': False, 'profile': 'ascii'}",True,1,1.0,0.0
exhaustive_cpu_20261007_203905,fitstable,fitstable_io,ascii_1000::row_slice,ascii_1000 [row_slice],row_slice,smart,astropy,astropy_torch,smart,OK,,True,off,torchfits-gpu-exhaustive-cpu-20261007-203905,0.0019950121641159058,509.3046875,,501250.07655938395,rows/s,0.0494384765625,1000,"{'schema': 'ascii', 'nrows': 1000, 'ncols': 3, 'variable': False, 'compressed': False, 'profile': 'ascii'}",False,3,16.8530832533476,1585.30832533476
exhaustive_cpu_20261007_203905,fitstable,fitstable_io,ascii_1000::row_slice,ascii_1000 [row_slice],row_slice,smart,fitsio,fitsio_torch,smart,OK,,True,off,torchfits-gpu-exhaustive-cpu-20261007-203905,0.0002507399767637253,509.3046875,,3988195.312558036,rows/s,0.0494384765625,1000,"{'schema': 'ascii', 'nrows': 1000, 'ncols': 3, 'variable': False, 'compressed': False, 'profile': 'ascii'}",False,2,2.118153352320111,111.81533523201108
exhaustive_cpu_20261007_203905,fitstable,fitstable_io,ascii_1000::row_slice,ascii_1000 [row_slice],row_slice,specialized,torchfits,torchfits_specialized,specialized,OK,,True,off,torchfits-gpu-exhaustive-cpu-20261007-203905,8.898414671421051e-05,509.3046875,,11237956.83754422,rows/s,0.0494384765625,1000,"{'schema': 'ascii', 'nrows': 1000, 'ncols': 3, 'variable': False, 'compressed': False, 'profile': 'ascii'}",True,1,1.0,0.0
exhaustive_cpu_20261007_203905,fitstable,fitstable_io,ascii_1000::row_slice,ascii_1000 [row_slice],row_slice,specialized,astropy,astropy,specialized,OK,,True,off,torchfits-gpu-exhaustive-cpu-20261007-203905,0.0019261278212070465,509.3046875,,519176.3438489404,rows/s,0.0494384765625,1000,"{'schema': 'ascii', 'nrows': 1000, 'ncols': 3, 'variable': False, 'compressed': False, 'profile': 'ascii'}",False,3,21.645741318317878,2064.574131831788
exhaustive_cpu_20261007_203905,fitstable,fitstable_io,ascii_1000::row_slice,ascii_1000 [row_slice],row_slice,specialized,fitsio,fitsio,specialized,OK,,True,off,torchfits-gpu-exhaustive-cpu-20261007-203905,0.00019449181854724884,509.3046875,,5141604.451382438,rows/s,0.0494384765625,1000,"{'schema': 'ascii', 'nrows': 1000, 'ncols': 3, 'variable': False, 'compressed': False, 'profile': 'ascii'}",False,2,2.1856906620894647,118.56906620894647
exhaustive_cpu_20261007_203905,fitstable,fitstable_io,ascii_1000::predicate_filter,ascii_1000 [predicate_filter],predicate_filter,smart,torchfits,torchfits,smart,OK,,True,off,torchfits-gpu-exhaustive-cpu-20261007-203905,0.00018181651830673218,509.3046875,,5500050.32168176,rows/s,0.0494384765625,1000,"{'schema': 'ascii', 'nrows': 1000, 'ncols': 3, 'variable': False, 'compressed': False, 'profile': 'ascii'}",False,2,1.050020438458725,5.002043845872506
exhaustive_cpu_20261007_203905,fitstable,fitstable_io,ascii_1000::predicate_filter,ascii_1000 [predicate_filter],predicate_filter,smart,astropy,astropy_torch,smart,OK,,True,off,torchfits-gpu-exhaustive-cpu-20261007-203905,0.0014994889497756958,509.3046875,,666893.8775104592,rows/s,0.0494384765625,1000,"{'schema': 'ascii', 'nrows': 1000, 'ncols': 3, 'variable': False, 'compressed': False, 'profile': 'ascii'}",False,3,8.659796475979432,765.9796475979432
exhaustive_cpu_20261007_203905,fitstable,fitstable_io,ascii_1000::predicate_filter,ascii_1000 [predicate_filter],predicate_filter,smart,fitsio,fitsio_torch,smart,OK,,True,off,torchfits-gpu-exhaustive-cpu-20261007-203905,0.00017315521836280823,509.3046875,,5775165.250317334,rows/s,0.0494384765625,1000,"{'schema': 'ascii', 'nrows': 1000, 'ncols': 3, 'variable': False, 'compressed': False, 'profile': 'ascii'}",True,1,1.0,0.0
exhaustive_cpu_20261007_203905,fitstable,fitstable_io,ascii_1000::predicate_filter,ascii_1000 [predicate_filter],predicate_filter,specialized,torchfits,torchfits_specialized,specialized,OK,,True,off,torchfits-gpu-exhaustive-cpu-20261007-203905,0.0001847594976425171,509.3046875,,5412441.648520042,rows/s,0.0494384765625,1000,"{'schema': 'ascii', 'nrows': 1000, 'ncols': 3, 'variable': False, 'compressed': False, 'profile': 'ascii'}",False,2,1.1185637925979386,11.856379259793858
exhaustive_cpu_20261007_203905,fitstable,fitstable_io,ascii_1000::predicate_filter,ascii_1000 [predicate_filter],predicate_filter,specialized,astropy,astropy,specialized,OK,,True,off,torchfits-gpu-exhaustive-cpu-20261007-203905,0.0014898981899023056,509.3046875,,671186.8010696564,rows/s,0.0494384765625,1000,"{'schema': 'ascii', 'nrows': 1000, 'ncols': 3, 'variable': False, 'compressed': False, 'profile': 'ascii'}",False,3,9.020083899050498,802.0083899050497
exhaustive_cpu_20261007_203905,fitstable,fitstable_io,ascii_1000::predicate_filter,ascii_1000 [predicate_filter],predicate_filter,specialized,fitsio,fitsio,specialized,OK,,True,off,torchfits-gpu-exhaustive-cpu-20261007-203905,0.0001651756465435028,509.3046875,,6054161.257583617,rows/s,0.0494384765625,1000,"{'schema': 'ascii', 'nrows': 1000, 'ncols': 3, 'variable': False, 'compressed': False, 'profile': 'ascii'}",True,1,1.0,0.0
exhaustive_cpu_20261007_203905,fitstable,fitstable_io,ascii_1000::predicate_filter_selective,ascii_1000 [predicate_filter_selective],predicate_filter_selective,smart,torchfits,torchfits,smart,OK,,True,off,torchfits-gpu-exhaustive-cpu-20261007-203905,0.00018139183521270752,509.3046875,,5512927.298118788,rows/s,0.0494384765625,1000,"{'schema': 'ascii', 'nrows': 1000, 'ncols': 3, 'variable': False, 'compressed': False, 'profile': 'ascii'}",False,2,1.0535859181443454,5.3585918144345435
exhaustive_cpu_20261007_203905,fitstable,fitstable_io,ascii_1000::predicate_filter_selective,ascii_1000 [predicate_filter_selective],predicate_filter_selective,smart,astropy,astropy_torch,smart,OK,,True,off,torchfits-gpu-exhaustive-cpu-20261007-203905,0.0015040934085845947,509.3046875,,664852.3251897204,rows/s,0.0494384765625,1000,"{'schema': 'ascii', 'nrows': 1000, 'ncols': 3, 'variable': False, 'compressed': False, 'profile': 'ascii'}",False,3,8.736289772911686,773.6289772911686
exhaustive_cpu_20261007_203905,fitstable,fitstable_io,ascii_1000::predicate_filter_selective,ascii_1000 [predicate_filter_selective],predicate_filter_selective,smart,fitsio,fitsio_torch,smart,OK,,True,off,torchfits-gpu-exhaustive-cpu-20261007-203905,0.0001721661537885666,509.3046875,,5808342.569051509,rows/s,0.0494384765625,1000,"{'schema': 'ascii', 'nrows': 1000, 'ncols': 3, 'variable': False, 'compressed': False, 'profile': 'ascii'}",True,1,1.0,0.0
exhaustive_cpu_20261007_203905,fitstable,fitstable_io,ascii_1000::predicate_filter_selective,ascii_1000 [predicate_filter_selective],predicate_filter_selective,specialized,torchfits,torchfits_specialized,specialized,OK,,True,off,torchfits-gpu-exhaustive-cpu-20261007-203905,0.00018517673015594482,509.3046875,,5400246.559909874,rows/s,0.0494384765625,1000,"{'schema': 'ascii', 'nrows': 1000, 'ncols': 3, 'variable': False, 'compressed': False, 'profile': 'ascii'}",False,2,1.119637809286768,11.963780928676805
exhaustive_cpu_20261007_203905,fitstable,fitstable_io,ascii_1000::predicate_filter_selective,ascii_1000 [predicate_filter_selective],predicate_filter_selective,specialized,astropy,astropy,specialized,OK,,True,off,torchfits-gpu-exhaustive-cpu-20261007-203905,0.0014864448457956314,509.3046875,,672746.1182488356,rows/s,0.0494384765625,1000,"{'schema': 'ascii', 'nrows': 1000, 'ncols': 3, 'variable': False, 'compressed': False, 'profile': 'ascii'}",False,3,8.987521538860046,798.7521538860045
exhaustive_cpu_20261007_203905,fitstable,fitstable_io,ascii_1000::predicate_filter_selective,ascii_1000 [predicate_filter_selective],predicate_filter_selective,specialized,fitsio,fitsio,specialized,OK,,True,off,torchfits-gpu-exhaustive-cpu-20261007-203905,0.00016538985073566437,509.3046875,,6046320.227945897,rows/s,0.0494384765625,1000,"{'schema': 'ascii', 'nrows': 1000, 'ncols': 3, 'variable': False, 'compressed': False, 'profile': 'ascii'}",True,1,1.0,0.0
exhaustive_cpu_20261007_203905,fitstable,fitstable_io,ascii_1000::scan_count,ascii_1000 [scan_count],scan_count,smart,torchfits,torchfits,smart,OK,,True,off,torchfits-gpu-exhaustive-cpu-20261007-203905,1.0089948773384094e-05,509.3046875,,99108530.92117408,rows/s,0.0494384765625,1000,"{'schema': 'ascii', 'nrows': 1000, 'ncols': 3, 'variable': False, 'compressed': False, 'profile': 'ascii'}",True,1,1.0,0.0
exhaustive_cpu_20261007_203905,fitstable,fitstable_io,ascii_1000::scan_count,ascii_1000 [scan_count],scan_count,smart,astropy,astropy_torch,smart,OK,,True,off,torchfits-gpu-exhaustive-cpu-20261007-203905,0.0003963727504014969,509.3046875,,2522877.768431539,rows/s,0.0494384765625,1000,"{'schema': 'ascii', 'nrows': 1000, 'ncols': 3, 'variable': False, 'compressed': False, 'profile': 'ascii'}",False,3,39.28392098947757,3828.3920989477574
exhaustive_cpu_20261007_203905,fitstable,fitstable_io,ascii_1000::scan_count,ascii_1000 [scan_count],scan_count,smart,fitsio,fitsio_torch,smart,OK,,True,off,torchfits-gpu-exhaustive-cpu-20261007-203905,5.559995770454407e-05,509.3046875,,17985625.192629814,rows/s,0.0494384765625,1000,"{'schema': 'ascii', 'nrows': 1000, 'ncols': 3, 'variable': False, 'compressed': False, 'profile': 'ascii'}",False,2,5.510430127376777,451.0430127376777
exhaustive_cpu_20261007_203905,fitstable,fitstable_io,ascii_1000::scan_count,ascii_1000 [scan_count],scan_count,specialized,torchfits,torchfits_specialized,specialized,OK,,True,off,torchfits-gpu-exhaustive-cpu-20261007-203905,9.782612323760986e-06,509.3046875,,102222184.31073877,rows/s,0.0494384765625,1000,"{'schema': 'ascii', 'nrows': 1000, 'ncols': 3, 'variable': False, 'compressed': False, 'profile': 'ascii'}",True,1,1.0,0.0
exhaustive_cpu_20261007_203905,fitstable,fitstable_io,ascii_1000::scan_count,ascii_1000 [scan_count],scan_count,specialized,astropy,astropy,specialized,OK,,True,off,torchfits-gpu-exhaustive-cpu-20261007-203905,0.0003897789865732193,509.3046875,,2565556.4677603566,rows/s,0.0494384765625,1000,"{'schema': 'ascii', 'nrows': 1000, 'ncols': 3, 'variable': False, 'compressed': False, 'profile': 'ascii'}",False,3,39.84405940594059,3884.4059405940593
exhaustive_cpu_20261007_203905,fitstable,fitstable_io,ascii_1000::scan_count,ascii_1000 [scan_count],scan_count,specialized,fitsio,fitsio,specialized,OK,,True,off,torchfits-gpu-exhaustive-cpu-20261007-203905,5.680695176124573e-05,509.3046875,,17603479.310118698,rows/s,0.0494384765625,1000,"{'schema': 'ascii', 'nrows': 1000, 'ncols': 3, 'variable': False, 'compressed': False, 'profile': 'ascii'}",False,2,5.806930693069307,480.69306930693074
exhaustive_cpu_20261007_203905,fitstable,fitstable_io,ascii_10000::read_full,ascii_10000 [read_full],read_full,smart,torchfits,torchfits,smart,OK,,True,off,torchfits-gpu-exhaustive-cpu-20261007-203905,0.00095326267182827,509.3046875,,10490288.034483634,rows/s,0.4449462890625,10000,"{'schema': 'ascii', 'nrows': 10000, 'ncols': 3, 'variable': False, 'compressed': False, 'profile': 'ascii'}",True,1,1.0,0.0
exhaustive_cpu_20261007_203905,fitstable,fitstable_io,ascii_10000::read_full,ascii_10000 [read_full],read_full,smart,astropy,astropy_torch,smart,OK,,True,off,torchfits-gpu-exhaustive-cpu-20261007-203905,0.010913688689470291,509.3046875,,916280.4881587073,rows/s,0.4449462890625,10000,"{'schema': 'ascii', 'nrows': 10000, 'ncols': 3, 'variable': False, 'compressed': False, 'profile': 'ascii'}",False,3,11.448773787122958,1044.8773787122957
exhaustive_cpu_20261007_203905,fitstable,fitstable_io,ascii_10000::read_full,ascii_10000 [read_full],read_full,smart,fitsio,fitsio_torch,smart,OK,,True,off,torchfits-gpu-exhaustive-cpu-20261007-203905,0.004952684044837952,509.3046875,,2019107.1971212719,rows/s,0.4449462890625,10000,"{'schema': 'ascii', 'nrows': 10000, 'ncols': 3, 'variable': False, 'compressed': False, 'profile': 'ascii'}",False,2,5.195508217414157,419.5508217414157
exhaustive_cpu_20261007_203905,fitstable,fitstable_io,ascii_10000::read_full,ascii_10000 [read_full],read_full,specialized,torchfits,torchfits_specialized,specialized,OK,,True,off,torchfits-gpu-exhaustive-cpu-20261007-203905,0.0009153913706541061,509.3046875,,10924289.129855305,rows/s,0.4449462890625,10000,"{'schema': 'ascii', 'nrows': 10000, 'ncols': 3, 'variable': False, 'compressed': False, 'profile': 'ascii'}",True,1,1.0,0.0
exhaustive_cpu_20261007_203905,fitstable,fitstable_io,ascii_10000::read_full,ascii_10000 [read_full],read_full,specialized,astropy,astropy,specialized,OK,,True,off,torchfits-gpu-exhaustive-cpu-20261007-203905,0.007847322151064873,509.3046875,,1274320.0556183374,rows/s,0.4449462890625,10000,"{'schema': 'ascii', 'nrows': 10000, 'ncols': 3, 'variable': False, 'compressed': False, 'profile': 'ascii'}",False,3,8.572641607335074,757.2641607335074
exhaustive_cpu_20261007_203905,fitstable,fitstable_io,ascii_10000::read_full,ascii_10000 [read_full],read_full,specialized,fitsio,fitsio,specialized,OK,,True,off,torchfits-gpu-exhaustive-cpu-20261007-203905,0.0019298046827316284,509.3046875,,5181871.559066305,rows/s,0.4449462890625,10000,"{'schema': 'ascii', 'nrows': 10000, 'ncols': 3, 'variable': False, 'compressed': False, 'profile': 'ascii'}",False,2,2.1081744318308995,110.81744318308995
exhaustive_cpu_20261007_203905,fitstable,fitstable_io,ascii_10000::projection,ascii_10000 [projection],projection,smart,torchfits,torchfits,smart,OK,,True,off,torchfits-gpu-exhaustive-cpu-20261007-203905,0.0009585916996002197,509.3046875,,10431970.153893985,rows/s,0.4449462890625,10000,"{'schema': 'ascii', 'nrows': 10000, 'ncols': 3, 'variable': False, 'compressed': False, 'profile': 'ascii'}",True,1,1.0,0.0
exhaustive_cpu_20261007_203905,fitstable,fitstable_io,ascii_10000::projection,ascii_10000 [projection],projection,smart,astropy,astropy_torch,smart,OK,,True,off,torchfits-gpu-exhaustive-cpu-20261007-203905,0.010919949039816856,509.3046875,,915755.1892904909,rows/s,0.4449462890625,10000,"{'schema': 'ascii', 'nrows': 10000, 'ncols': 3, 'variable': False, 'compressed': False, 'profile': 'ascii'}",False,3,11.391658246541272,1039.1658246541272
exhaustive_cpu_20261007_203905,fitstable,fitstable_io,ascii_10000::projection,ascii_10000 [projection],projection,smart,fitsio,fitsio_torch,smart,OK,,True,off,torchfits-gpu-exhaustive-cpu-20261007-203905,0.005022432655096054,509.3046875,,1991067.0160710695,rows/s,0.4449462890625,10000,"{'schema': 'ascii', 'nrows': 10000, 'ncols': 3, 'variable': False, 'compressed': False, 'profile': 'ascii'}",False,2,5.239386755790456,423.9386755790456
exhaustive_cpu_20261007_203905,fitstable,fitstable_io,ascii_10000::projection,ascii_10000 [projection],projection,specialized,torchfits,torchfits_specialized,specialized,OK,,True,off,torchfits-gpu-exhaustive-cpu-20261007-203905,0.0009194090962409973,509.3046875,,10876551.0814337,rows/s,0.4449462890625,10000,"{'schema': 'ascii', 'nrows': 10000, 'ncols': 3, 'variable': False, 'compressed': False, 'profile': 'ascii'}",True,1,1.0,0.0
exhaustive_cpu_20261007_203905,fitstable,fitstable_io,ascii_10000::projection,ascii_10000 [projection],projection,specialized,astropy,astropy,specialized,OK,,True,off,torchfits-gpu-exhaustive-cpu-20261007-203905,0.007856916636228561,509.3046875,,1272763.9178312768,rows/s,0.4449462890625,10000,"{'schema': 'ascii', 'nrows': 10000, 'ncols': 3, 'variable': False, 'compressed': False, 'profile': 'ascii'}",False,3,8.545615513650619,754.5615513650619
exhaustive_cpu_20261007_203905,fitstable,fitstable_io,ascii_10000::projection,ascii_10000 [projection],projection,specialized,fitsio,fitsio,specialized,OK,,True,off,torchfits-gpu-exhaustive-cpu-20261007-203905,0.0019489452242851257,509.3046875,,5130980.530080318,rows/s,0.4449462890625,10000,"{'schema': 'ascii', 'nrows': 10000, 'ncols': 3, 'variable': False, 'compressed': False, 'profile': 'ascii'}",False,2,2.119780228685343,111.97802286853431
exhaustive_cpu_20261007_203905,fitstable,fitstable_io,ascii_10000::row_slice,ascii_10000 [row_slice],row_slice,smart,torchfits,torchfits,smart,OK,,True,off,torchfits-gpu-exhaustive-cpu-20261007-203905,0.0001894049346446991,509.3046875,,52796934.877957635,rows/s,0.4449462890625,10000,"{'schema': 'ascii', 'nrows': 10000, 'ncols': 3, 'variable': False, 'compressed': False, 'profile': 'ascii'}",True,1,1.0,0.0
exhaustive_cpu_20261007_203905,fitstable,fitstable_io,ascii_10000::row_slice,ascii_10000 [row_slice],row_slice,smart,astropy,astropy_torch,smart,OK,,True,off,torchfits-gpu-exhaustive-cpu-20261007-203905,0.0029145553708076477,509.3046875,,3431055.0762426984,rows/s,0.4449462890625,10000,"{'schema': 'ascii', 'nrows': 10000, 'ncols': 3, 'variable': False, 'compressed': False, 'profile': 'ascii'}",False,3,15.387959011073304,1438.7959011073303
exhaustive_cpu_20261007_203905,fitstable,fitstable_io,ascii_10000::row_slice,ascii_10000 [row_slice],row_slice,smart,fitsio,fitsio_torch,smart,OK,,True,off,torchfits-gpu-exhaustive-cpu-20261007-203905,0.0008506756275892258,509.3046875,,11755362.062434448,rows/s,0.4449462890625,10000,"{'schema': 'ascii', 'nrows': 10000, 'ncols': 3, 'variable': False, 'compressed': False, 'profile': 'ascii'}",False,2,4.491306571209409,349.13065712094095
exhaustive_cpu_20261007_203905,fitstable,fitstable_io,ascii_10000::row_slice,ascii_10000 [row_slice],row_slice,specialized,torchfits,torchfits_specialized,specialized,OK,,True,off,torchfits-gpu-exhaustive-cpu-20261007-203905,0.0001546218991279602,509.3046875,,64673891.9674264,rows/s,0.4449462890625,10000,"{'schema': 'ascii', 'nrows': 10000, 'ncols': 3, 'variable': False, 'compressed': False, 'profile': 'ascii'}",True,1,1.0,0.0
exhaustive_cpu_20261007_203905,fitstable,fitstable_io,ascii_10000::row_slice,ascii_10000 [row_slice],row_slice,specialized,astropy,astropy,specialized,OK,,True,off,torchfits-gpu-exhaustive-cpu-20261007-203905,0.0025627613067626953,509.3046875,,3902041.1201041956,rows/s,0.4449462890625,10000,"{'schema': 'ascii', 'nrows': 10000, 'ncols': 3, 'variable': False, 'compressed': False, 'profile': 'ascii'}",False,3,16.574374789187104,1557.4374789187104
exhaustive_cpu_20261007_203905,fitstable,fitstable_io,ascii_10000::row_slice,ascii_10000 [row_slice],row_slice,specialized,fitsio,fitsio,specialized,OK,,True,off,torchfits-gpu-exhaustive-cpu-20261007-203905,0.0005187150090932846,509.3046875,,19278408.807718962,rows/s,0.4449462890625,10000,"{'schema': 'ascii', 'nrows': 10000, 'ncols': 3, 'variable': False, 'compressed': False, 'profile': 'ascii'}",False,2,3.354731845998169,235.4731845998169
exhaustive_cpu_20261007_203905,fitstable,fitstable_io,ascii_10000::predicate_filter,ascii_10000 [predicate_filter],predicate_filter,smart,torchfits,torchfits,smart,OK,,True,off,torchfits-gpu-exhaustive-cpu-20261007-203905,0.0004270114004611969,509.3046875,,23418578.495092694,rows/s,0.4449462890625,10000,"{'schema': 'ascii', 'nrows': 10000, 'ncols': 3, 'variable': False, 'compressed': False, 'profile': 'ascii'}",False,2,1.1161203316471842,11.612033164718415
exhaustive_cpu_20261007_203905,fitstable,fitstable_io,ascii_10000::predicate_filter,ascii_10000 [predicate_filter],predicate_filter,smart,astropy,astropy_torch,smart,OK,,True,off,torchfits-gpu-exhaustive-cpu-20261007-203905,0.002634860575199127,509.3046875,,3795267.23126299,rows/s,0.4449462890625,10000,"{'schema': 'ascii', 'nrows': 10000, 'ncols': 3, 'variable': False, 'compressed': False, 'profile': 'ascii'}",False,3,6.886985817847214,588.6985817847215
exhaustive_cpu_20261007_203905,fitstable,fitstable_io,ascii_10000::predicate_filter,ascii_10000 [predicate_filter],predicate_filter,smart,fitsio,fitsio_torch,smart,OK,,True,off,torchfits-gpu-exhaustive-cpu-20261007-203905,0.00038258545100688934,509.3046875,,26137951.596648473,rows/s,0.4449462890625,10000,"{'schema': 'ascii', 'nrows': 10000, 'ncols': 3, 'variable': False, 'compressed': False, 'profile': 'ascii'}",True,1,1.0,0.0
exhaustive_cpu_20261007_203905,fitstable,fitstable_io,ascii_10000::predicate_filter,ascii_10000 [predicate_filter],predicate_filter,specialized,torchfits,torchfits_specialized,specialized,OK,,True,off,torchfits-gpu-exhaustive-cpu-20261007-203905,0.0004299245774745941,509.3046875,,23259893.767275814,rows/s,0.4449462890625,10000,"{'schema': 'ascii', 'nrows': 10000, 'ncols': 3, 'variable': False, 'compressed': False, 'profile': 'ascii'}",False,2,1.1528767725404208,15.287677254042077
exhaustive_cpu_20261007_203905,fitstable,fitstable_io,ascii_10000::predicate_filter,ascii_10000 [predicate_filter],predicate_filter,specialized,astropy,astropy,specialized,OK,,True,off,torchfits-gpu-exhaustive-cpu-20261007-203905,0.0026305634528398514,509.3046875,,3801466.9401737484,rows/s,0.4449462890625,10000,"{'schema': 'ascii', 'nrows': 10000, 'ncols': 3, 'variable': False, 'compressed': False, 'profile': 'ascii'}",False,3,7.054064043714755,605.4064043714754
exhaustive_cpu_20261007_203905,fitstable,fitstable_io,ascii_10000::predicate_filter,ascii_10000 [predicate_filter],predicate_filter,specialized,fitsio,fitsio,specialized,OK,,True,off,torchfits-gpu-exhaustive-cpu-20261007-203905,0.0003729145973920822,509.3046875,,26815791.256049987,rows/s,0.4449462890625,10000,"{'schema': 'ascii', 'nrows': 10000, 'ncols': 3, 'variable': False, 'compressed': False, 'profile': 'ascii'}",True,1,1.0,0.0
exhaustive_cpu_20261007_203905,fitstable,fitstable_io,ascii_10000::predicate_filter_selective,ascii_10000 [predicate_filter_selective],predicate_filter_selective,smart,torchfits,torchfits,smart,OK,,True,off,torchfits-gpu-exhaustive-cpu-20261007-203905,0.00042303651571273804,509.3046875,,23638621.321263142,rows/s,0.4449462890625,10000,"{'schema': 'ascii', 'nrows': 10000, 'ncols': 3, 'variable': False, 'compressed': False, 'profile': 'ascii'}",False,2,1.106177794229383,10.61777942293829
exhaustive_cpu_20261007_203905,fitstable,fitstable_io,ascii_10000::predicate_filter_selective,ascii_10000 [predicate_filter_selective],predicate_filter_selective,smart,astropy,astropy_torch,smart,OK,,True,off,torchfits-gpu-exhaustive-cpu-20261007-203905,0.002612343057990074,509.3046875,,3827981.1563853174,rows/s,0.4449462890625,10000,"{'schema': 'ascii', 'nrows': 10000, 'ncols': 3, 'variable': False, 'compressed': False, 'profile': 'ascii'}",False,3,6.830889945255119,583.0889945255119
exhaustive_cpu_20261007_203905,fitstable,fitstable_io,ascii_10000::predicate_filter_selective,ascii_10000 [predicate_filter_selective],predicate_filter_selective,smart,fitsio,fitsio_torch,smart,OK,,True,off,torchfits-gpu-exhaustive-cpu-20261007-203905,0.0003824308514595032,509.3046875,,26148517.991778526,rows/s,0.4449462890625,10000,"{'schema': 'ascii', 'nrows': 10000, 'ncols': 3, 'variable': False, 'compressed': False, 'profile': 'ascii'}",True,1,1.0,0.0
exhaustive_cpu_20261007_203905,fitstable,fitstable_io,ascii_10000::predicate_filter_selective,ascii_10000 [predicate_filter_selective],predicate_filter_selective,specialized,torchfits,torchfits_specialized,specialized,OK,,True,off,torchfits-gpu-exhaustive-cpu-20261007-203905,0.0004276484251022339,509.3046875,,23383694.205373008,rows/s,0.4449462890625,10000,"{'schema': 'ascii', 'nrows': 10000, 'ncols': 3, 'variable': False, 'compressed': False, 'profile': 'ascii'}",False,2,1.1490976066305643,14.909760663056426
exhaustive_cpu_20261007_203905,fitstable,fitstable_io,ascii_10000::predicate_filter_selective,ascii_10000 [predicate_filter_selective],predicate_filter_selective,specialized,astropy,astropy,specialized,OK,,True,off,torchfits-gpu-exhaustive-cpu-20261007-203905,0.0026233643293380737,509.3046875,,3811899.051979256,rows/s,0.4449462890625,10000,"{'schema': 'ascii', 'nrows': 10000, 'ncols': 3, 'variable': False, 'compressed': False, 'profile': 'ascii'}",False,3,7.049018528343059,604.9018528343059
exhaustive_cpu_20261007_203905,fitstable,fitstable_io,ascii_10000::predicate_filter_selective,ascii_10000 [predicate_filter_selective],predicate_filter_selective,specialized,fitsio,fitsio,specialized,OK,,True,off,torchfits-gpu-exhaustive-cpu-20261007-203905,0.0003721602261066437,509.3046875,,26870147.04557512,rows/s,0.4449462890625,10000,"{'schema': 'ascii', 'nrows': 10000, 'ncols': 3, 'variable': False, 'compressed': False, 'profile': 'ascii'}",True,1,1.0,0.0
exhaustive_cpu_20261007_203905,fitstable,fitstable_io,ascii_10000::scan_count,ascii_10000 [scan_count],scan_count,smart,torchfits,torchfits,smart,OK,,True,off,torchfits-gpu-exhaustive-cpu-20261007-203905,1.0384246706962585e-05,509.3046875,,962997151.5695068,rows/s,0.4449462890625,10000,"{'schema': 'ascii', 'nrows': 10000, 'ncols': 3, 'variable': False, 'compressed': False, 'profile': 'ascii'}",True,1,1.0,0.0
exhaustive_cpu_20261007_203905,fitstable,fitstable_io,ascii_10000::scan_count,ascii_10000 [scan_count],scan_count,smart,astropy,astropy_torch,smart,OK,,True,off,torchfits-gpu-exhaustive-cpu-20261007-203905,0.0003934744745492935,509.3046875,,25414609.19785084,rows/s,0.4449462890625,10000,"{'schema': 'ascii', 'nrows': 10000, 'ncols': 3, 'variable': False, 'compressed': False, 'profile': 'ascii'}",False,3,37.8914798206278,3689.14798206278
exhaustive_cpu_20261007_203905,fitstable,fitstable_io,ascii_10000::scan_count,ascii_10000 [scan_count],scan_count,smart,fitsio,fitsio_torch,smart,OK,,True,off,torchfits-gpu-exhaustive-cpu-20261007-203905,5.584023892879486e-05,509.3046875,,179082328.2964742,rows/s,0.4449462890625,10000,"{'schema': 'ascii', 'nrows': 10000, 'ncols': 3, 'variable': False, 'compressed': False, 'profile': 'ascii'}",False,2,5.377399103139013,437.73991031390136
exhaustive_cpu_20261007_203905,fitstable,fitstable_io,ascii_10000::scan_count,ascii_10000 [scan_count],scan_count,specialized,torchfits,torchfits_specialized,specialized,OK,,True,off,torchfits-gpu-exhaustive-cpu-20261007-203905,9.63546335697174e-06,509.3046875,,1037832808.815001,rows/s,0.4449462890625,10000,"{'schema': 'ascii', 'nrows': 10000, 'ncols': 3, 'variable': False, 'compressed': False, 'profile': 'ascii'}",True,1,1.0,0.0
exhaustive_cpu_20261007_203905,fitstable,fitstable_io,ascii_10000::scan_count,ascii_10000 [scan_count],scan_count,specialized,astropy,astropy,specialized,OK,,True,off,torchfits-gpu-exhaustive-cpu-20261007-203905,0.000398389995098114,509.3046875,,25101031.961250022,rows/s,0.4449462890625,10000,"{'schema': 'ascii', 'nrows': 10000, 'ncols': 3, 'variable': False, 'compressed': False, 'profile': 'ascii'}",False,3,41.34622076164701,4034.622076164701
exhaustive_cpu_20261007_203905,fitstable,fitstable_io,ascii_10000::scan_count,ascii_10000 [scan_count],scan_count,specialized,fitsio,fitsio,specialized,OK,,True,off,torchfits-gpu-exhaustive-cpu-20261007-203905,5.527585744857788e-05,509.3046875,,180910807.38644022,rows/s,0.4449462890625,10000,"{'schema': 'ascii', 'nrows': 10000, 'ncols': 3, 'variable': False, 'compressed': False, 'profile': 'ascii'}",False,2,5.7367098395515175,473.67098395515177
exhaustive_cpu_20261007_203905,fitstable,fitstable_io,compressed_table_placeholder::read_full,compressed_table_placeholder [read_full],read_full,smart,torchfits,torchfits,smart,SKIPPED,compressed_table_case_not_enabled_in_default_env,False,off,torchfits-gpu-exhaustive-cpu-20261007-203905,,,,,rows/s,0.0,100000,"{'schema': 'mixed', 'nrows': 100000, 'ncols': 8, 'variable': False, 'compressed': True, 'profile': 'compressed_placeholder'}",False,,,
exhaustive_cpu_20261007_203905,fitstable,fitstable_io,compressed_table_placeholder::read_full,compressed_table_placeholder [read_full],read_full,smart,astropy,astropy_torch,smart,SKIPPED,compressed_table_case_not_enabled_in_default_env,False,off,torchfits-gpu-exhaustive-cpu-20261007-203905,,,,,rows/s,0.0,100000,"{'schema': 'mixed', 'nrows': 100000, 'ncols': 8, 'variable': False, 'compressed': True, 'profile': 'compressed_placeholder'}",False,,,
exhaustive_cpu_20261007_203905,fitstable,fitstable_io,compressed_table_placeholder::read_full,compressed_table_placeholder [read_full],read_full,smart,fitsio,fitsio_torch,smart,SKIPPED,compressed_table_case_not_enabled_in_default_env,False,off,torchfits-gpu-exhaustive-cpu-20261007-203905,,,,,rows/s,0.0,100000,"{'schema': 'mixed', 'nrows': 100000, 'ncols': 8, 'variable': False, 'compressed': True, 'profile': 'compressed_placeholder'}",False,,,
exhaustive_cpu_20261007_203905,fitstable,fitstable_io,compressed_table_placeholder::read_full,compressed_table_placeholder [read_full],read_full,specialized,torchfits,torchfits_specialized,specialized,SKIPPED,compressed_table_case_not_enabled_in_default_env,False,off,torchfits-gpu-exhaustive-cpu-20261007-203905,,,,,rows/s,0.0,100000,"{'schema': 'mixed', 'nrows': 100000, 'ncols': 8, 'variable': False, 'compressed': True, 'profile': 'compressed_placeholder'}",False,,,
exhaustive_cpu_20261007_203905,fitstable,fitstable_io,compressed_table_placeholder::read_full,compressed_table_placeholder [read_full],read_full,specialized,astropy,astropy,specialized,SKIPPED,compressed_table_case_not_enabled_in_default_env,False,off,torchfits-gpu-exhaustive-cpu-20261007-203905,,,,,rows/s,0.0,100000,"{'schema': 'mixed', 'nrows': 100000, 'ncols': 8, 'variable': False, 'compressed': True, 'profile': 'compressed_placeholder'}",False,,,
exhaustive_cpu_20261007_203905,fitstable,fitstable_io,compressed_table_placeholder::read_full,compressed_table_placeholder [read_full],read_full,specialized,fitsio,fitsio,specialized,SKIPPED,compressed_table_case_not_enabled_in_default_env,False,off,torchfits-gpu-exhaustive-cpu-20261007-203905,,,,,rows/s,0.0,100000,"{'schema': 'mixed', 'nrows': 100000, 'ncols': 8, 'variable': False, 'compressed': True, 'profile': 'compressed_placeholder'}",False,,,
exhaustive_cpu_20261007_203905,fitstable,fitstable_io,compressed_table_placeholder::projection,compressed_table_placeholder [projection],projection,smart,torchfits,torchfits,smart,SKIPPED,compressed_table_case_not_enabled_in_default_env,False,off,torchfits-gpu-exhaustive-cpu-20261007-203905,,,,,rows/s,0.0,100000,"{'schema': 'mixed', 'nrows': 100000, 'ncols': 8, 'variable': False, 'compressed': True, 'profile': 'compressed_placeholder'}",False,,,
exhaustive_cpu_20261007_203905,fitstable,fitstable_io,compressed_table_placeholder::projection,compressed_table_placeholder [projection],projection,smart,astropy,astropy_torch,smart,SKIPPED,compressed_table_case_not_enabled_in_default_env,False,off,torchfits-gpu-exhaustive-cpu-20261007-203905,,,,,rows/s,0.0,100000,"{'schema': 'mixed', 'nrows': 100000, 'ncols': 8, 'variable': False, 'compressed': True, 'profile': 'compressed_placeholder'}",False,,,
exhaustive_cpu_20261007_203905,fitstable,fitstable_io,compressed_table_placeholder::projection,compressed_table_placeholder [projection],projection,smart,fitsio,fitsio_torch,smart,SKIPPED,compressed_table_case_not_enabled_in_default_env,False,off,torchfits-gpu-exhaustive-cpu-20261007-203905,,,,,rows/s,0.0,100000,"{'schema': 'mixed', 'nrows': 100000, 'ncols': 8, 'variable': False, 'compressed': True, 'profile': 'compressed_placeholder'}",False,,,
exhaustive_cpu_20261007_203905,fitstable,fitstable_io,compressed_table_placeholder::projection,compressed_table_placeholder [projection],projection,specialized,torchfits,torchfits_specialized,specialized,SKIPPED,compressed_table_case_not_enabled_in_default_env,False,off,torchfits-gpu-exhaustive-cpu-20261007-203905,,,,,rows/s,0.0,100000,"{'schema': 'mixed', 'nrows': 100000, 'ncols': 8, 'variable': False, 'compressed': True, 'profile': 'compressed_placeholder'}",False,,,
exhaustive_cpu_20261007_203905,fitstable,fitstable_io,compressed_table_placeholder::projection,compressed_table_placeholder [projection],projection,specialized,astropy,astropy,specialized,SKIPPED,compressed_table_case_not_enabled_in_default_env,False,off,torchfits-gpu-exhaustive-cpu-20261007-203905,,,,,rows/s,0.0,100000,"{'schema': 'mixed', 'nrows': 100000, 'ncols': 8, 'variable': False, 'compressed': True, 'profile': 'compressed_placeholder'}",False,,,
exhaustive_cpu_20261007_203905,fitstable,fitstable_io,compressed_table_placeholder::projection,compressed_table_placeholder [projection],projection,specialized,fitsio,fitsio,specialized,SKIPPED,compressed_table_case_not_enabled_in_default_env,False,off,torchfits-gpu-exhaustive-cpu-20261007-203905,,,,,rows/s,0.0,100000,"{'schema': 'mixed', 'nrows': 100000, 'ncols': 8, 'variable': False, 'compressed': True, 'profile': 'compressed_placeholder'}",False,,,
exhaustive_cpu_20261007_203905,fitstable,fitstable_io,compressed_table_placeholder::row_slice,compressed_table_placeholder [row_slice],row_slice,smart,torchfits,torchfits,smart,SKIPPED,compressed_table_case_not_enabled_in_default_env,False,off,torchfits-gpu-exhaustive-cpu-20261007-203905,,,,,rows/s,0.0,100000,"{'schema': 'mixed', 'nrows': 100000, 'ncols': 8, 'variable': False, 'compressed': True, 'profile': 'compressed_placeholder'}",False,,,
exhaustive_cpu_20261007_203905,fitstable,fitstable_io,compressed_table_placeholder::row_slice,compressed_table_placeholder [row_slice],row_slice,smart,astropy,astropy_torch,smart,SKIPPED,compressed_table_case_not_enabled_in_default_env,False,off,torchfits-gpu-exhaustive-cpu-20261007-203905,,,,,rows/s,0.0,100000,"{'schema': 'mixed', 'nrows': 100000, 'ncols': 8, 'variable': False, 'compressed': True, 'profile': 'compressed_placeholder'}",False,,,
exhaustive_cpu_20261007_203905,fitstable,fitstable_io,compressed_table_placeholder::row_slice,compressed_table_placeholder [row_slice],row_slice,smart,fitsio,fitsio_torch,smart,SKIPPED,compressed_table_case_not_enabled_in_default_env,False,off,torchfits-gpu-exhaustive-cpu-20261007-203905,,,,,rows/s,0.0,100000,"{'schema': 'mixed', 'nrows': 100000, 'ncols': 8, 'variable': False, 'compressed': True, 'profile': 'compressed_placeholder'}",False,,,
exhaustive_cpu_20261007_203905,fitstable,fitstable_io,compressed_table_placeholder::row_slice,compressed_table_placeholder [row_slice],row_slice,specialized,torchfits,torchfits_specialized,specialized,SKIPPED,compressed_table_case_not_enabled_in_default_env,False,off,torchfits-gpu-exhaustive-cpu-20261007-203905,,,,,rows/s,0.0,100000,"{'schema': 'mixed', 'nrows': 100000, 'ncols': 8, 'variable': False, 'compressed': True, 'profile': 'compressed_placeholder'}",False,,,
exhaustive_cpu_20261007_203905,fitstable,fitstable_io,compressed_table_placeholder::row_slice,compressed_table_placeholder [row_slice],row_slice,specialized,astropy,astropy,specialized,SKIPPED,compressed_table_case_not_enabled_in_default_env,False,off,torchfits-gpu-exhaustive-cpu-20261007-203905,,,,,rows/s,0.0,100000,"{'schema': 'mixed', 'nrows': 100000, 'ncols': 8, 'variable': False, 'compressed': True, 'profile': 'compressed_placeholder'}",False,,,
exhaustive_cpu_20261007_203905,fitstable,fitstable_io,compressed_table_placeholder::row_slice,compressed_table_placeholder [row_slice],row_slice,specialized,fitsio,fitsio,specialized,SKIPPED,compressed_table_case_not_enabled_in_default_env,False,off,torchfits-gpu-exhaustive-cpu-20261007-203905,,,,,rows/s,0.0,100000,"{'schema': 'mixed', 'nrows': 100000, 'ncols': 8, 'variable': False, 'compressed': True, 'profile': 'compressed_placeholder'}",False,,,
exhaustive_cpu_20261007_203905,fitstable,fitstable_io,compressed_table_placeholder::predicate_filter,compressed_table_placeholder [predicate_filter],predicate_filter,smart,torchfits,torchfits,smart,SKIPPED,compressed_table_case_not_enabled_in_default_env,False,off,torchfits-gpu-exhaustive-cpu-20261007-203905,,,,,rows/s,0.0,100000,"{'schema': 'mixed', 'nrows': 100000, 'ncols': 8, 'variable': False, 'compressed': True, 'profile': 'compressed_placeholder'}",False,,,
exhaustive_cpu_20261007_203905,fitstable,fitstable_io,compressed_table_placeholder::predicate_filter,compressed_table_placeholder [predicate_filter],predicate_filter,smart,astropy,astropy_torch,smart,SKIPPED,compressed_table_case_not_enabled_in_default_env,False,off,torchfits-gpu-exhaustive-cpu-20261007-203905,,,,,rows/s,0.0,100000,"{'schema': 'mixed', 'nrows': 100000, 'ncols': 8, 'variable': False, 'compressed': True, 'profile': 'compressed_placeholder'}",False,,,
exhaustive_cpu_20261007_203905,fitstable,fitstable_io,compressed_table_placeholder::predicate_filter,compressed_table_placeholder [predicate_filter],predicate_filter,smart,fitsio,fitsio_torch,smart,SKIPPED,compressed_table_case_not_enabled_in_default_env,False,off,torchfits-gpu-exhaustive-cpu-20261007-203905,,,,,rows/s,0.0,100000,"{'schema': 'mixed', 'nrows': 100000, 'ncols': 8, 'variable': False, 'compressed': True, 'profile': 'compressed_placeholder'}",False,,,
exhaustive_cpu_20261007_203905,fitstable,fitstable_io,compressed_table_placeholder::predicate_filter,compressed_table_placeholder [predicate_filter],predicate_filter,specialized,torchfits,torchfits_specialized,specialized,SKIPPED,compressed_table_case_not_enabled_in_default_env,False,off,torchfits-gpu-exhaustive-cpu-20261007-203905,,,,,rows/s,0.0,100000,"{'schema': 'mixed', 'nrows': 100000, 'ncols': 8, 'variable': False, 'compressed': True, 'profile': 'compressed_placeholder'}",False,,,
exhaustive_cpu_20261007_203905,fitstable,fitstable_io,compressed_table_placeholder::predicate_filter,compressed_table_placeholder [predicate_filter],predicate_filter,specialized,astropy,astropy,specialized,SKIPPED,compressed_table_case_not_enabled_in_default_env,False,off,torchfits-gpu-exhaustive-cpu-20261007-203905,,,,,rows/s,0.0,100000,"{'schema': 'mixed', 'nrows': 100000, 'ncols': 8, 'variable': False, 'compressed': True, 'profile': 'compressed_placeholder'}",False,,,
exhaustive_cpu_20261007_203905,fitstable,fitstable_io,compressed_table_placeholder::predicate_filter,compressed_table_placeholder [predicate_filter],predicate_filter,specialized,fitsio,fitsio,specialized,SKIPPED,compressed_table_case_not_enabled_in_default_env,False,off,torchfits-gpu-exhaustive-cpu-20261007-203905,,,,,rows/s,0.0,100000,"{'schema': 'mixed', 'nrows': 100000, 'ncols': 8, 'variable': False, 'compressed': True, 'profile': 'compressed_placeholder'}",False,,,
exhaustive_cpu_20261007_203905,fitstable,fitstable_io,compressed_table_placeholder::predicate_filter_selective,compressed_table_placeholder [predicate_filter_selective],predicate_filter_selective,smart,torchfits,torchfits,smart,SKIPPED,compressed_table_case_not_enabled_in_default_env,False,off,torchfits-gpu-exhaustive-cpu-20261007-203905,,,,,rows/s,0.0,100000,"{'schema': 'mixed', 'nrows': 100000, 'ncols': 8, 'variable': False, 'compressed': True, 'profile': 'compressed_placeholder'}",False,,,
exhaustive_cpu_20261007_203905,fitstable,fitstable_io,compressed_table_placeholder::predicate_filter_selective,compressed_table_placeholder [predicate_filter_selective],predicate_filter_selective,smart,astropy,astropy_torch,smart,SKIPPED,compressed_table_case_not_enabled_in_default_env,False,off,torchfits-gpu-exhaustive-cpu-20261007-203905,,,,,rows/s,0.0,100000,"{'schema': 'mixed', 'nrows': 100000, 'ncols': 8, 'variable': False, 'compressed': True, 'profile': 'compressed_placeholder'}",False,,,
exhaustive_cpu_20261007_203905,fitstable,fitstable_io,compressed_table_placeholder::predicate_filter_selective,compressed_table_placeholder [predicate_filter_selective],predicate_filter_selective,smart,fitsio,fitsio_torch,smart,SKIPPED,compressed_table_case_not_enabled_in_default_env,False,off,torchfits-gpu-exhaustive-cpu-20261007-203905,,,,,rows/s,0.0,100000,"{'schema': 'mixed', 'nrows': 100000, 'ncols': 8, 'variable': False, 'compressed': True, 'profile': 'compressed_placeholder'}",False,,,
exhaustive_cpu_20261007_203905,fitstable,fitstable_io,compressed_table_placeholder::predicate_filter_selective,compressed_table_placeholder [predicate_filter_selective],predicate_filter_selective,specialized,torchfits,torchfits_specialized,specialized,SKIPPED,compressed_table_case_not_enabled_in_default_env,False,off,torchfits-gpu-exhaustive-cpu-20261007-203905,,,,,rows/s,0.0,100000,"{'schema': 'mixed', 'nrows': 100000, 'ncols': 8, 'variable': False, 'compressed': True, 'profile': 'compressed_placeholder'}",False,,,
exhaustive_cpu_20261007_203905,fitstable,fitstable_io,compressed_table_placeholder::predicate_filter_selective,compressed_table_placeholder [predicate_filter_selective],predicate_filter_selective,specialized,astropy,astropy,specialized,SKIPPED,compressed_table_case_not_enabled_in_default_env,False,off,torchfits-gpu-exhaustive-cpu-20261007-203905,,,,,rows/s,0.0,100000,"{'schema': 'mixed', 'nrows': 100000, 'ncols': 8, 'variable': False, 'compressed': True, 'profile': 'compressed_placeholder'}",False,,,
exhaustive_cpu_20261007_203905,fitstable,fitstable_io,compressed_table_placeholder::predicate_filter_selective,compressed_table_placeholder [predicate_filter_selective],predicate_filter_selective,specialized,fitsio,fitsio,specialized,SKIPPED,compressed_table_case_not_enabled_in_default_env,False,off,torchfits-gpu-exhaustive-cpu-20261007-203905,,,,,rows/s,0.0,100000,"{'schema': 'mixed', 'nrows': 100000, 'ncols': 8, 'variable': False, 'compressed': True, 'profile': 'compressed_placeholder'}",False,,,
exhaustive_cpu_20261007_203905,fitstable,fitstable_io,compressed_table_placeholder::scan_count,compressed_table_placeholder [scan_count],scan_count,smart,torchfits,torchfits,smart,SKIPPED,compressed_table_case_not_enabled_in_default_env,False,off,torchfits-gpu-exhaustive-cpu-20261007-203905,,,,,rows/s,0.0,100000,"{'schema': 'mixed', 'nrows': 100000, 'ncols': 8, 'variable': False, 'compressed': True, 'profile': 'compressed_placeholder'}",False,,,
exhaustive_cpu_20261007_203905,fitstable,fitstable_io,compressed_table_placeholder::scan_count,compressed_table_placeholder [scan_count],scan_count,smart,astropy,astropy_torch,smart,SKIPPED,compressed_table_case_not_enabled_in_default_env,False,off,torchfits-gpu-exhaustive-cpu-20261007-203905,,,,,rows/s,0.0,100000,"{'schema': 'mixed', 'nrows': 100000, 'ncols': 8, 'variable': False, 'compressed': True, 'profile': 'compressed_placeholder'}",False,,,
exhaustive_cpu_20261007_203905,fitstable,fitstable_io,compressed_table_placeholder::scan_count,compressed_table_placeholder [scan_count],scan_count,smart,fitsio,fitsio_torch,smart,SKIPPED,compressed_table_case_not_enabled_in_default_env,False,off,torchfits-gpu-exhaustive-cpu-20261007-203905,,,,,rows/s,0.0,100000,"{'schema': 'mixed', 'nrows': 100000, 'ncols': 8, 'variable': False, 'compressed': True, 'profile': 'compressed_placeholder'}",False,,,
exhaustive_cpu_20261007_203905,fitstable,fitstable_io,compressed_table_placeholder::scan_count,compressed_table_placeholder [scan_count],scan_count,specialized,torchfits,torchfits_specialized,specialized,SKIPPED,compressed_table_case_not_enabled_in_default_env,False,off,torchfits-gpu-exhaustive-cpu-20261007-203905,,,,,rows/s,0.0,100000,"{'schema': 'mixed', 'nrows': 100000, 'ncols': 8, 'variable': False, 'compressed': True, 'profile': 'compressed_placeholder'}",False,,,
exhaustive_cpu_20261007_203905,fitstable,fitstable_io,compressed_table_placeholder::scan_count,compressed_table_placeholder [scan_count],scan_count,specialized,astropy,astropy,specialized,SKIPPED,compressed_table_case_not_enabled_in_default_env,False,off,torchfits-gpu-exhaustive-cpu-20261007-203905,,,,,rows/s,0.0,100000,"{'schema': 'mixed', 'nrows': 100000, 'ncols': 8, 'variable': False, 'compressed': True, 'profile': 'compressed_placeholder'}",False,,,
exhaustive_cpu_20261007_203905,fitstable,fitstable_io,compressed_table_placeholder::scan_count,compressed_table_placeholder [scan_count],scan_count,specialized,fitsio,fitsio,specialized,SKIPPED,compressed_table_case_not_enabled_in_default_env,False,off,torchfits-gpu-exhaustive-cpu-20261007-203905,,,,,rows/s,0.0,100000,"{'schema': 'mixed', 'nrows': 100000, 'ncols': 8, 'variable': False, 'compressed': True, 'profile': 'compressed_placeholder'}",False,,,
