run_id,domain,suite,case_id,case_label,operation,family,library,method,mode,status,skip_reason,comparable,mmap_target,host,time_s,peak_rss_mb,peak_cuda_alloc_mb,throughput,unit,size_mb,n_points,metadata,best_in_family,rank_in_family,lag_ratio,pct_behind
exhaustive_cuda_20261007_203924,fitstable,fitstable_io,narrow_1000::read_full,narrow_1000 [read_full],read_full,smart,torchfits,torchfits,smart,OK,,True,off,torchfits-gpu-exhaustive-cuda-20261007-203924,0.00015132874250411987,766.94921875,0.0,6608129.978829206,rows/s,0.01922607421875,1000,"{'schema': 'narrow', 'nrows': 1000, 'ncols': 4, 'variable': False, 'compressed': False, 'profile': 'base'}",True,1,1.0,0.0
exhaustive_cuda_20261007_203924,fitstable,fitstable_io,narrow_1000::read_full,narrow_1000 [read_full],read_full,smart,astropy,astropy_torch,smart,OK,,True,off,torchfits-gpu-exhaustive-cuda-20261007-203924,0.0018133260309696198,767.015625,0.0,551472.8090377002,rows/s,0.01922607421875,1000,"{'schema': 'narrow', 'nrows': 1000, 'ncols': 4, 'variable': False, 'compressed': False, 'profile': 'base'}",False,3,11.982694106641722,1098.2694106641723
exhaustive_cuda_20261007_203924,fitstable,fitstable_io,narrow_1000::read_full,narrow_1000 [read_full],read_full,smart,fitsio,fitsio_torch,smart,OK,,True,off,torchfits-gpu-exhaustive-cuda-20261007-203924,0.000219784677028656,767.015625,0.0,4549907.725685616,rows/s,0.01922607421875,1000,"{'schema': 'narrow', 'nrows': 1000, 'ncols': 4, 'variable': False, 'compressed': False, 'profile': 'base'}",False,2,1.4523657131603565,45.23657131603564
exhaustive_cuda_20261007_203924,fitstable,fitstable_io,narrow_1000::read_full,narrow_1000 [read_full],read_full,specialized,torchfits,torchfits_specialized,specialized,OK,,True,off,torchfits-gpu-exhaustive-cuda-20261007-203924,0.00011038221418857574,767.65234375,0.0,9059430.519228498,rows/s,0.01922607421875,1000,"{'schema': 'narrow', 'nrows': 1000, 'ncols': 4, 'variable': False, 'compressed': False, 'profile': 'base'}",True,1,1.0,0.0
exhaustive_cuda_20261007_203924,fitstable,fitstable_io,narrow_1000::read_full,narrow_1000 [read_full],read_full,specialized,astropy,astropy,specialized,OK,,True,off,torchfits-gpu-exhaustive-cuda-20261007-203924,0.0018097367137670517,767.65625,0.0,552566.5652869765,rows/s,0.01922607421875,1000,"{'schema': 'narrow', 'nrows': 1000, 'ncols': 4, 'variable': False, 'compressed': False, 'profile': 'base'}",False,3,16.395184016469518,1539.5184016469518
exhaustive_cuda_20261007_203924,fitstable,fitstable_io,narrow_1000::read_full,narrow_1000 [read_full],read_full,specialized,fitsio,fitsio,specialized,OK,,True,off,torchfits-gpu-exhaustive-cuda-20261007-203924,0.00020645000040531158,767.65625,0.0,4843787.832582982,rows/s,0.01922607421875,1000,"{'schema': 'narrow', 'nrows': 1000, 'ncols': 4, 'variable': False, 'compressed': False, 'profile': 'base'}",False,2,1.8703194343666154,87.03194343666154
exhaustive_cuda_20261007_203924,fitstable,fitstable_io,narrow_1000::projection,narrow_1000 [projection],projection,smart,torchfits,torchfits,smart,OK,,True,off,torchfits-gpu-exhaustive-cuda-20261007-203924,0.00014620646834373474,767.69921875,0.0,6839642.67332535,rows/s,0.01922607421875,1000,"{'schema': 'narrow', 'nrows': 1000, 'ncols': 4, 'variable': False, 'compressed': False, 'profile': 'base'}",True,1,1.0,0.0
exhaustive_cuda_20261007_203924,fitstable,fitstable_io,narrow_1000::projection,narrow_1000 [projection],projection,smart,astropy,astropy_torch,smart,OK,,True,off,torchfits-gpu-exhaustive-cuda-20261007-203924,0.0018156208097934723,767.69921875,0.0,550775.7977910324,rows/s,0.01922607421875,1000,"{'schema': 'narrow', 'nrows': 1000, 'ncols': 4, 'variable': False, 'compressed': False, 'profile': 'base'}",False,3,12.418197569240961,1141.819756924096
exhaustive_cuda_20261007_203924,fitstable,fitstable_io,narrow_1000::projection,narrow_1000 [projection],projection,smart,fitsio,fitsio_torch,smart,OK,,True,off,torchfits-gpu-exhaustive-cuda-20261007-203924,0.00025813281536102295,767.69921875,0.0,3873974.7156958957,rows/s,0.01922607421875,1000,"{'schema': 'narrow', 'nrows': 1000, 'ncols': 4, 'variable': False, 'compressed': False, 'profile': 'base'}",False,2,1.765536219328866,76.5536219328866
exhaustive_cuda_20261007_203924,fitstable,fitstable_io,narrow_1000::projection,narrow_1000 [projection],projection,specialized,torchfits,torchfits_specialized,specialized,OK,,True,off,torchfits-gpu-exhaustive-cuda-20261007-203924,0.00011216476559638977,767.69921875,0.0,8915455.710917002,rows/s,0.01922607421875,1000,"{'schema': 'narrow', 'nrows': 1000, 'ncols': 4, 'variable': False, 'compressed': False, 'profile': 'base'}",True,1,1.0,0.0
exhaustive_cuda_20261007_203924,fitstable,fitstable_io,narrow_1000::projection,narrow_1000 [projection],projection,specialized,astropy,astropy,specialized,OK,,True,off,torchfits-gpu-exhaustive-cuda-20261007-203924,0.0017881952226161957,767.69921875,0.0,559223.0576127829,rows/s,0.01922607421875,1000,"{'schema': 'narrow', 'nrows': 1000, 'ncols': 4, 'variable': False, 'compressed': False, 'profile': 'base'}",False,3,15.942575309708062,1494.257530970806
exhaustive_cuda_20261007_203924,fitstable,fitstable_io,narrow_1000::projection,narrow_1000 [projection],projection,specialized,fitsio,fitsio,specialized,OK,,True,off,torchfits-gpu-exhaustive-cuda-20261007-203924,0.0002484433352947235,767.69921875,0.0,4025062.692117377,rows/s,0.01922607421875,1000,"{'schema': 'narrow', 'nrows': 1000, 'ncols': 4, 'variable': False, 'compressed': False, 'profile': 'base'}",False,2,2.2149855524926103,121.49855524926103
exhaustive_cuda_20261007_203924,fitstable,fitstable_io,narrow_1000::row_slice,narrow_1000 [row_slice],row_slice,smart,torchfits,torchfits,smart,OK,,True,off,torchfits-gpu-exhaustive-cuda-20261007-203924,0.0001489482820034027,768.0078125,0.0,6713739.739389241,rows/s,0.01922607421875,1000,"{'schema': 'narrow', 'nrows': 1000, 'ncols': 4, 'variable': False, 'compressed': False, 'profile': 'base'}",True,1,1.0,0.0
exhaustive_cuda_20261007_203924,fitstable,fitstable_io,narrow_1000::row_slice,narrow_1000 [row_slice],row_slice,smart,astropy,astropy_torch,smart,OK,,True,off,torchfits-gpu-exhaustive-cuda-20261007-203924,0.002358272671699524,768.0078125,0.0,424039.1757918881,rows/s,0.01922607421875,1000,"{'schema': 'narrow', 'nrows': 1000, 'ncols': 4, 'variable': False, 'compressed': False, 'profile': 'base'}",False,3,15.83282895230473,1483.282895230473
exhaustive_cuda_20261007_203924,fitstable,fitstable_io,narrow_1000::row_slice,narrow_1000 [row_slice],row_slice,smart,fitsio,fitsio_torch,smart,OK,,True,off,torchfits-gpu-exhaustive-cuda-20261007-203924,0.00023940205574035645,768.0078125,0.0,4177073.5715174903,rows/s,0.01922607421875,1000,"{'schema': 'narrow', 'nrows': 1000, 'ncols': 4, 'variable': False, 'compressed': False, 'profile': 'base'}",False,2,1.607283095315509,60.728309531550906
exhaustive_cuda_20261007_203924,fitstable,fitstable_io,narrow_1000::row_slice,narrow_1000 [row_slice],row_slice,specialized,torchfits,torchfits_specialized,specialized,OK,,True,off,torchfits-gpu-exhaustive-cuda-20261007-203924,0.00010440871119499207,768.01171875,0.0,9577744.888857173,rows/s,0.01922607421875,1000,"{'schema': 'narrow', 'nrows': 1000, 'ncols': 4, 'variable': False, 'compressed': False, 'profile': 'base'}",True,1,1.0,0.0
exhaustive_cuda_20261007_203924,fitstable,fitstable_io,narrow_1000::row_slice,narrow_1000 [row_slice],row_slice,specialized,astropy,astropy,specialized,OK,,True,off,torchfits-gpu-exhaustive-cuda-20261007-203924,0.00235634483397007,768.01171875,0.0,424386.1024004528,rows/s,0.01922607421875,1000,"{'schema': 'narrow', 'nrows': 1000, 'ncols': 4, 'variable': False, 'compressed': False, 'profile': 'base'}",False,3,22.568469689941843,2156.8469689941844
exhaustive_cuda_20261007_203924,fitstable,fitstable_io,narrow_1000::row_slice,narrow_1000 [row_slice],row_slice,specialized,fitsio,fitsio,specialized,OK,,True,off,torchfits-gpu-exhaustive-cuda-20261007-203924,0.00022176839411258698,768.01171875,0.0,4509208.825727988,rows/s,0.01922607421875,1000,"{'schema': 'narrow', 'nrows': 1000, 'ncols': 4, 'variable': False, 'compressed': False, 'profile': 'base'}",False,2,2.1240411032218933,112.40411032218933
exhaustive_cuda_20261007_203924,fitstable,fitstable_io,narrow_1000::predicate_filter,narrow_1000 [predicate_filter],predicate_filter,smart,torchfits,torchfits,smart,OK,,True,off,torchfits-gpu-exhaustive-cuda-20261007-203924,0.00019324012100696564,772.5546875,0.0,5174908.785965589,rows/s,0.01922607421875,1000,"{'schema': 'narrow', 'nrows': 1000, 'ncols': 4, 'variable': False, 'compressed': False, 'profile': 'base'}",True,1,1.0,0.0
exhaustive_cuda_20261007_203924,fitstable,fitstable_io,narrow_1000::predicate_filter,narrow_1000 [predicate_filter],predicate_filter,smart,astropy,astropy_torch,smart,FAILED,,False,off,torchfits-gpu-exhaustive-cuda-20261007-203924,,,,,rows/s,0.01922607421875,1000,"{'schema': 'narrow', 'nrows': 1000, 'ncols': 4, 'variable': False, 'compressed': False, 'profile': 'base'}",False,,,
exhaustive_cuda_20261007_203924,fitstable,fitstable_io,narrow_1000::predicate_filter,narrow_1000 [predicate_filter],predicate_filter,smart,fitsio,fitsio_torch,smart,OK,,True,off,torchfits-gpu-exhaustive-cuda-20261007-203924,0.0002257712185382843,772.5546875,0.0,4429262.5360943815,rows/s,0.01922607421875,1000,"{'schema': 'narrow', 'nrows': 1000, 'ncols': 4, 'variable': False, 'compressed': False, 'profile': 'base'}",False,2,1.1683454624319245,16.83454624319245
exhaustive_cuda_20261007_203924,fitstable,fitstable_io,narrow_1000::predicate_filter,narrow_1000 [predicate_filter],predicate_filter,specialized,torchfits,torchfits_specialized,specialized,OK,,True,off,torchfits-gpu-exhaustive-cuda-20261007-203924,0.00022580474615097046,772.55859375,0.0,4428604.876761144,rows/s,0.01922607421875,1000,"{'schema': 'narrow', 'nrows': 1000, 'ncols': 4, 'variable': False, 'compressed': False, 'profile': 'base'}",True,1,1.0,0.0
exhaustive_cuda_20261007_203924,fitstable,fitstable_io,narrow_1000::predicate_filter,narrow_1000 [predicate_filter],predicate_filter,specialized,astropy,astropy,specialized,OK,,True,off,torchfits-gpu-exhaustive-cuda-20261007-203924,0.0017876271158456802,772.55859375,0.0,559400.7783479643,rows/s,0.01922607421875,1000,"{'schema': 'narrow', 'nrows': 1000, 'ncols': 4, 'variable': False, 'compressed': False, 'profile': 'base'}",False,3,7.916694163064639,691.6694163064639
exhaustive_cuda_20261007_203924,fitstable,fitstable_io,narrow_1000::predicate_filter,narrow_1000 [predicate_filter],predicate_filter,specialized,fitsio,fitsio,specialized,OK,,True,off,torchfits-gpu-exhaustive-cuda-20261007-203924,0.00024096481502056122,772.55859375,0.0,4149983.473374199,rows/s,0.01922607421875,1000,"{'schema': 'narrow', 'nrows': 1000, 'ncols': 4, 'variable': False, 'compressed': False, 'profile': 'base'}",False,2,1.0671379549279045,6.713795492790453
exhaustive_cuda_20261007_203924,fitstable,fitstable_io,narrow_1000::predicate_filter_selective,narrow_1000 [predicate_filter_selective],predicate_filter_selective,smart,torchfits,torchfits,smart,OK,,True,off,torchfits-gpu-exhaustive-cuda-20261007-203924,0.00019721686840057373,773.703125,0.0,5070560.181337363,rows/s,0.01922607421875,1000,"{'schema': 'narrow', 'nrows': 1000, 'ncols': 4, 'variable': False, 'compressed': False, 'profile': 'base'}",True,1,1.0,0.0
exhaustive_cuda_20261007_203924,fitstable,fitstable_io,narrow_1000::predicate_filter_selective,narrow_1000 [predicate_filter_selective],predicate_filter_selective,smart,astropy,astropy_torch,smart,FAILED,,False,off,torchfits-gpu-exhaustive-cuda-20261007-203924,,,,,rows/s,0.01922607421875,1000,"{'schema': 'narrow', 'nrows': 1000, 'ncols': 4, 'variable': False, 'compressed': False, 'profile': 'base'}",False,,,
exhaustive_cuda_20261007_203924,fitstable,fitstable_io,narrow_1000::predicate_filter_selective,narrow_1000 [predicate_filter_selective],predicate_filter_selective,smart,fitsio,fitsio_torch,smart,OK,,True,off,torchfits-gpu-exhaustive-cuda-20261007-203924,0.00021946057677268982,773.703125,0.0,4556627.047580248,rows/s,0.01922607421875,1000,"{'schema': 'narrow', 'nrows': 1000, 'ncols': 4, 'variable': False, 'compressed': False, 'profile': 'base'}",False,2,1.1127880619569324,11.278806195693235
exhaustive_cuda_20261007_203924,fitstable,fitstable_io,narrow_1000::predicate_filter_selective,narrow_1000 [predicate_filter_selective],predicate_filter_selective,specialized,torchfits,torchfits_specialized,specialized,OK,,True,off,torchfits-gpu-exhaustive-cuda-20261007-203924,0.00023592449724674225,773.71875,0.0,4238644.191977009,rows/s,0.01922607421875,1000,"{'schema': 'narrow', 'nrows': 1000, 'ncols': 4, 'variable': False, 'compressed': False, 'profile': 'base'}",False,2,1.0150745311748677,1.5074531174867678
exhaustive_cuda_20261007_203924,fitstable,fitstable_io,narrow_1000::predicate_filter_selective,narrow_1000 [predicate_filter_selective],predicate_filter_selective,specialized,astropy,astropy,specialized,OK,,True,off,torchfits-gpu-exhaustive-cuda-20261007-203924,0.0017674434930086136,773.71875,0.0,565788.9510785772,rows/s,0.01922607421875,1000,"{'schema': 'narrow', 'nrows': 1000, 'ncols': 4, 'variable': False, 'compressed': False, 'profile': 'base'}",False,3,7.60449591280654,660.449591280654
exhaustive_cuda_20261007_203924,fitstable,fitstable_io,narrow_1000::predicate_filter_selective,narrow_1000 [predicate_filter_selective],predicate_filter_selective,specialized,fitsio,fitsio,specialized,OK,,True,off,torchfits-gpu-exhaustive-cuda-20261007-203924,0.00023242086172103882,773.71875,0.0,4302539.765988139,rows/s,0.01922607421875,1000,"{'schema': 'narrow', 'nrows': 1000, 'ncols': 4, 'variable': False, 'compressed': False, 'profile': 'base'}",True,1,1.0,0.0
exhaustive_cuda_20261007_203924,fitstable,fitstable_io,narrow_1000::scan_count,narrow_1000 [scan_count],scan_count,smart,torchfits,torchfits,smart,OK,,True,off,torchfits-gpu-exhaustive-cuda-20261007-203924,2.3344531655311584e-05,773.76171875,0.0,42836584.37724408,rows/s,0.01922607421875,1000,"{'schema': 'narrow', 'nrows': 1000, 'ncols': 4, 'variable': False, 'compressed': False, 'profile': 'base'}",True,1,1.0,0.0
exhaustive_cuda_20261007_203924,fitstable,fitstable_io,narrow_1000::scan_count,narrow_1000 [scan_count],scan_count,smart,astropy,astropy_torch,smart,OK,,True,off,torchfits-gpu-exhaustive-cuda-20261007-203924,0.0005963072180747986,773.76171875,0.0,1676987.9177859686,rows/s,0.01922607421875,1000,"{'schema': 'narrow', 'nrows': 1000, 'ncols': 4, 'variable': False, 'compressed': False, 'profile': 'base'}",False,3,25.543764461820793,2454.3764461820792
exhaustive_cuda_20261007_203924,fitstable,fitstable_io,narrow_1000::scan_count,narrow_1000 [scan_count],scan_count,smart,fitsio,fitsio_torch,smart,OK,,True,off,torchfits-gpu-exhaustive-cuda-20261007-203924,0.00010332278907299042,773.76171875,0.0,9678406.95138,rows/s,0.01922607421875,1000,"{'schema': 'narrow', 'nrows': 1000, 'ncols': 4, 'variable': False, 'compressed': False, 'profile': 'base'}",False,2,4.425995372217346,342.59953722173464
exhaustive_cuda_20261007_203924,fitstable,fitstable_io,narrow_1000::scan_count,narrow_1000 [scan_count],scan_count,specialized,torchfits,torchfits_specialized,specialized,OK,,True,off,torchfits-gpu-exhaustive-cuda-20261007-203924,2.325884997844696e-05,773.7734375,0.0,42994387.122607514,rows/s,0.01922607421875,1000,"{'schema': 'narrow', 'nrows': 1000, 'ncols': 4, 'variable': False, 'compressed': False, 'profile': 'base'}",True,1,1.0,0.0
exhaustive_cuda_20261007_203924,fitstable,fitstable_io,narrow_1000::scan_count,narrow_1000 [scan_count],scan_count,specialized,astropy,astropy,specialized,OK,,True,off,torchfits-gpu-exhaustive-cuda-20261007-203924,0.0005847979336977005,773.7734375,0.0,1709992.3621086695,rows/s,0.01922607421875,1000,"{'schema': 'narrow', 'nrows': 1000, 'ncols': 4, 'variable': False, 'compressed': False, 'profile': 'base'}",False,3,25.143028749899894,2414.3028749899895
exhaustive_cuda_20261007_203924,fitstable,fitstable_io,narrow_1000::scan_count,narrow_1000 [scan_count],scan_count,specialized,fitsio,fitsio,specialized,OK,,True,off,torchfits-gpu-exhaustive-cuda-20261007-203924,0.00010013021528720856,773.7734375,0.0,9986995.40524955,rows/s,0.01922607421875,1000,"{'schema': 'narrow', 'nrows': 1000, 'ncols': 4, 'variable': False, 'compressed': False, 'profile': 'base'}",False,2,4.305037238728278,330.5037238728278
exhaustive_cuda_20261007_203924,fitstable,fitstable_io,mixed_1000::read_full,mixed_1000 [read_full],read_full,smart,torchfits,torchfits,smart,OK,,True,off,torchfits-gpu-exhaustive-cuda-20261007-203924,0.00017578154802322388,774.05859375,0.0,5688879.243843513,rows/s,0.05767822265625,1000,"{'schema': 'mixed', 'nrows': 1000, 'ncols': 8, 'variable': False, 'compressed': False, 'profile': 'base'}",True,1,1.0,0.0
exhaustive_cuda_20261007_203924,fitstable,fitstable_io,mixed_1000::read_full,mixed_1000 [read_full],read_full,smart,astropy,astropy_torch,smart,OK,,True,off,torchfits-gpu-exhaustive-cuda-20261007-203924,0.0034243203699588776,774.05859375,0.0,292028.75080639985,rows/s,0.05767822265625,1000,"{'schema': 'mixed', 'nrows': 1000, 'ncols': 8, 'variable': False, 'compressed': False, 'profile': 'base'}",False,3,19.480545076929598,1848.0545076929598
exhaustive_cuda_20261007_203924,fitstable,fitstable_io,mixed_1000::read_full,mixed_1000 [read_full],read_full,smart,fitsio,fitsio_torch,smart,OK,,True,off,torchfits-gpu-exhaustive-cuda-20261007-203924,0.0008652899414300919,774.05859375,0.0,1155681.9883370753,rows/s,0.05767822265625,1000,"{'schema': 'mixed', 'nrows': 1000, 'ncols': 8, 'variable': False, 'compressed': False, 'profile': 'base'}",False,2,4.922529987708218,392.2529987708218
exhaustive_cuda_20261007_203924,fitstable,fitstable_io,mixed_1000::read_full,mixed_1000 [read_full],read_full,specialized,torchfits,torchfits_specialized,specialized,OK,,True,off,torchfits-gpu-exhaustive-cuda-20261007-203924,0.00014024041593074799,774.0703125,0.0,7130612.051905274,rows/s,0.05767822265625,1000,"{'schema': 'mixed', 'nrows': 1000, 'ncols': 8, 'variable': False, 'compressed': False, 'profile': 'base'}",True,1,1.0,0.0
exhaustive_cuda_20261007_203924,fitstable,fitstable_io,mixed_1000::read_full,mixed_1000 [read_full],read_full,specialized,astropy,astropy,specialized,OK,,True,off,torchfits-gpu-exhaustive-cuda-20261007-203924,0.0029305610805749893,774.0703125,0.0,341231.58415923396,rows/s,0.05767822265625,1000,"{'schema': 'mixed', 'nrows': 1000, 'ncols': 8, 'variable': False, 'compressed': False, 'profile': 'base'}",False,3,20.896694159992563,1989.6694159992562
exhaustive_cuda_20261007_203924,fitstable,fitstable_io,mixed_1000::read_full,mixed_1000 [read_full],read_full,specialized,fitsio,fitsio,specialized,OK,,True,off,torchfits-gpu-exhaustive-cuda-20261007-203924,0.00036560557782649994,774.0703125,0.0,2735188.0295287925,rows/s,0.05767822265625,1000,"{'schema': 'mixed', 'nrows': 1000, 'ncols': 8, 'variable': False, 'compressed': False, 'profile': 'base'}",False,2,2.606991539493432,160.6991539493432
exhaustive_cuda_20261007_203924,fitstable,fitstable_io,mixed_1000::projection,mixed_1000 [projection],projection,smart,torchfits,torchfits,smart,OK,,True,off,torchfits-gpu-exhaustive-cuda-20261007-203924,0.00015168264508247375,774.0703125,0.0,6592712.03674141,rows/s,0.05767822265625,1000,"{'schema': 'mixed', 'nrows': 1000, 'ncols': 8, 'variable': False, 'compressed': False, 'profile': 'base'}",True,1,1.0,0.0
exhaustive_cuda_20261007_203924,fitstable,fitstable_io,mixed_1000::projection,mixed_1000 [projection],projection,smart,astropy,astropy_torch,smart,OK,,True,off,torchfits-gpu-exhaustive-cuda-20261007-203924,0.0025161784142255783,774.0703125,0.0,397428.097445855,rows/s,0.05767822265625,1000,"{'schema': 'mixed', 'nrows': 1000, 'ncols': 8, 'variable': False, 'compressed': False, 'profile': 'base'}",False,3,16.588439718053884,1558.8439718053885
exhaustive_cuda_20261007_203924,fitstable,fitstable_io,mixed_1000::projection,mixed_1000 [projection],projection,smart,fitsio,fitsio_torch,smart,OK,,True,off,torchfits-gpu-exhaustive-cuda-20261007-203924,0.0002855360507965088,774.0703125,0.0,3502184.740632502,rows/s,0.05767822265625,1000,"{'schema': 'mixed', 'nrows': 1000, 'ncols': 8, 'variable': False, 'compressed': False, 'profile': 'base'}",False,2,1.8824569590097502,88.24569590097502
exhaustive_cuda_20261007_203924,fitstable,fitstable_io,mixed_1000::projection,mixed_1000 [projection],projection,specialized,torchfits,torchfits_specialized,specialized,OK,,True,off,torchfits-gpu-exhaustive-cuda-20261007-203924,0.00012922845780849457,774.0703125,0.0,7738233.644186282,rows/s,0.05767822265625,1000,"{'schema': 'mixed', 'nrows': 1000, 'ncols': 8, 'variable': False, 'compressed': False, 'profile': 'base'}",True,1,1.0,0.0
exhaustive_cuda_20261007_203924,fitstable,fitstable_io,mixed_1000::projection,mixed_1000 [projection],projection,specialized,astropy,astropy,specialized,OK,,True,off,torchfits-gpu-exhaustive-cuda-20261007-203924,0.0024950243532657623,774.0703125,0.0,400797.691089103,rows/s,0.05767822265625,1000,"{'schema': 'mixed', 'nrows': 1000, 'ncols': 8, 'variable': False, 'compressed': False, 'profile': 'base'}",False,3,19.30708139350524,1830.7081393505239
exhaustive_cuda_20261007_203924,fitstable,fitstable_io,mixed_1000::projection,mixed_1000 [projection],projection,specialized,fitsio,fitsio,specialized,OK,,True,off,torchfits-gpu-exhaustive-cuda-20261007-203924,0.0002720169723033905,774.0703125,0.0,3676241.197496542,rows/s,0.05767822265625,1000,"{'schema': 'mixed', 'nrows': 1000, 'ncols': 8, 'variable': False, 'compressed': False, 'profile': 'base'}",False,2,2.104930886867784,110.4930886867784
exhaustive_cuda_20261007_203924,fitstable,fitstable_io,mixed_1000::row_slice,mixed_1000 [row_slice],row_slice,smart,torchfits,torchfits,smart,OK,,True,off,torchfits-gpu-exhaustive-cuda-20261007-203924,0.00016141124069690704,774.0703125,0.0,6195355.389639613,rows/s,0.05767822265625,1000,"{'schema': 'mixed', 'nrows': 1000, 'ncols': 8, 'variable': False, 'compressed': False, 'profile': 'base'}",True,1,1.0,0.0
exhaustive_cuda_20261007_203924,fitstable,fitstable_io,mixed_1000::row_slice,mixed_1000 [row_slice],row_slice,smart,astropy,astropy_torch,smart,OK,,True,off,torchfits-gpu-exhaustive-cuda-20261007-203924,0.003693860024213791,774.0703125,0.0,270719.5165612271,rows/s,0.05767822265625,1000,"{'schema': 'mixed', 'nrows': 1000, 'ncols': 8, 'variable': False, 'compressed': False, 'profile': 'base'}",False,3,22.884775609587223,2188.4775609587223
exhaustive_cuda_20261007_203924,fitstable,fitstable_io,mixed_1000::row_slice,mixed_1000 [row_slice],row_slice,smart,fitsio,fitsio_torch,smart,OK,,True,off,torchfits-gpu-exhaustive-cuda-20261007-203924,0.000379735603928566,774.0703125,0.0,2633411.219950066,rows/s,0.05767822265625,1000,"{'schema': 'mixed', 'nrows': 1000, 'ncols': 8, 'variable': False, 'compressed': False, 'profile': 'base'}",False,2,2.3525970204368947,135.25970204368946
exhaustive_cuda_20261007_203924,fitstable,fitstable_io,mixed_1000::row_slice,mixed_1000 [row_slice],row_slice,specialized,torchfits,torchfits_specialized,specialized,OK,,True,off,torchfits-gpu-exhaustive-cuda-20261007-203924,0.00012800097465515137,774.0703125,0.0,7812440.512223516,rows/s,0.05767822265625,1000,"{'schema': 'mixed', 'nrows': 1000, 'ncols': 8, 'variable': False, 'compressed': False, 'profile': 'base'}",True,1,1.0,0.0
exhaustive_cuda_20261007_203924,fitstable,fitstable_io,mixed_1000::row_slice,mixed_1000 [row_slice],row_slice,specialized,astropy,astropy,specialized,OK,,True,off,torchfits-gpu-exhaustive-cuda-20261007-203924,0.003587249666452408,774.0703125,0.0,278765.0966566107,rows/s,0.05767822265625,1000,"{'schema': 'mixed', 'nrows': 1000, 'ncols': 8, 'variable': False, 'compressed': False, 'profile': 'base'}",False,3,28.025174621653086,2702.5174621653086
exhaustive_cuda_20261007_203924,fitstable,fitstable_io,mixed_1000::row_slice,mixed_1000 [row_slice],row_slice,specialized,fitsio,fitsio,specialized,OK,,True,off,torchfits-gpu-exhaustive-cuda-20261007-203924,0.00028100423514842987,774.0703125,0.0,3558665.2260660334,rows/s,0.05767822265625,1000,"{'schema': 'mixed', 'nrows': 1000, 'ncols': 8, 'variable': False, 'compressed': False, 'profile': 'base'}",False,2,2.1953288707799765,119.53288707799766
exhaustive_cuda_20261007_203924,fitstable,fitstable_io,mixed_1000::predicate_filter,mixed_1000 [predicate_filter],predicate_filter,smart,torchfits,torchfits,smart,OK,,True,off,torchfits-gpu-exhaustive-cuda-20261007-203924,0.00021188147366046906,774.2421875,0.0,4719619.807829244,rows/s,0.05767822265625,1000,"{'schema': 'mixed', 'nrows': 1000, 'ncols': 8, 'variable': False, 'compressed': False, 'profile': 'base'}",True,1,1.0,0.0
exhaustive_cuda_20261007_203924,fitstable,fitstable_io,mixed_1000::predicate_filter,mixed_1000 [predicate_filter],predicate_filter,smart,astropy,astropy_torch,smart,FAILED,,False,off,torchfits-gpu-exhaustive-cuda-20261007-203924,,,,,rows/s,0.05767822265625,1000,"{'schema': 'mixed', 'nrows': 1000, 'ncols': 8, 'variable': False, 'compressed': False, 'profile': 'base'}",False,,,
exhaustive_cuda_20261007_203924,fitstable,fitstable_io,mixed_1000::predicate_filter,mixed_1000 [predicate_filter],predicate_filter,smart,fitsio,fitsio_torch,smart,OK,,True,off,torchfits-gpu-exhaustive-cuda-20261007-203924,0.00025041401386260986,774.2421875,0.0,3993386.7301398395,rows/s,0.05767822265625,1000,"{'schema': 'mixed', 'nrows': 1000, 'ncols': 8, 'variable': False, 'compressed': False, 'profile': 'base'}",False,2,1.1818589399840005,18.185893998400047
exhaustive_cuda_20261007_203924,fitstable,fitstable_io,mixed_1000::predicate_filter,mixed_1000 [predicate_filter],predicate_filter,specialized,torchfits,torchfits_specialized,specialized,OK,,True,off,torchfits-gpu-exhaustive-cuda-20261007-203924,0.0002456158399581909,774.2421875,0.0,4071398.653157799,rows/s,0.05767822265625,1000,"{'schema': 'mixed', 'nrows': 1000, 'ncols': 8, 'variable': False, 'compressed': False, 'profile': 'base'}",True,1,1.0,0.0
exhaustive_cuda_20261007_203924,fitstable,fitstable_io,mixed_1000::predicate_filter,mixed_1000 [predicate_filter],predicate_filter,specialized,astropy,astropy,specialized,OK,,True,off,torchfits-gpu-exhaustive-cuda-20261007-203924,0.002484336495399475,774.2421875,0.0,402521.96184044,rows/s,0.05767822265625,1000,"{'schema': 'mixed', 'nrows': 1000, 'ncols': 8, 'variable': False, 'compressed': False, 'profile': 'base'}",False,3,10.11472426136019,911.472426136019
exhaustive_cuda_20261007_203924,fitstable,fitstable_io,mixed_1000::predicate_filter,mixed_1000 [predicate_filter],predicate_filter,specialized,fitsio,fitsio,specialized,OK,,True,off,torchfits-gpu-exhaustive-cuda-20261007-203924,0.0002610832452774048,774.2421875,0.0,3830195.993379373,rows/s,0.05767822265625,1000,"{'schema': 'mixed', 'nrows': 1000, 'ncols': 8, 'variable': False, 'compressed': False, 'profile': 'base'}",False,2,1.0629739731844932,6.297397318449316
exhaustive_cuda_20261007_203924,fitstable,fitstable_io,mixed_1000::predicate_filter_selective,mixed_1000 [predicate_filter_selective],predicate_filter_selective,smart,torchfits,torchfits,smart,OK,,True,off,torchfits-gpu-exhaustive-cuda-20261007-203924,0.0002222806215286255,774.24609375,0.0,4498817.724743581,rows/s,0.05767822265625,1000,"{'schema': 'mixed', 'nrows': 1000, 'ncols': 8, 'variable': False, 'compressed': False, 'profile': 'base'}",True,1,1.0,0.0
exhaustive_cuda_20261007_203924,fitstable,fitstable_io,mixed_1000::predicate_filter_selective,mixed_1000 [predicate_filter_selective],predicate_filter_selective,smart,astropy,astropy_torch,smart,FAILED,,False,off,torchfits-gpu-exhaustive-cuda-20261007-203924,,,,,rows/s,0.05767822265625,1000,"{'schema': 'mixed', 'nrows': 1000, 'ncols': 8, 'variable': False, 'compressed': False, 'profile': 'base'}",False,,,
exhaustive_cuda_20261007_203924,fitstable,fitstable_io,mixed_1000::predicate_filter_selective,mixed_1000 [predicate_filter_selective],predicate_filter_selective,smart,fitsio,fitsio_torch,smart,OK,,True,off,torchfits-gpu-exhaustive-cuda-20261007-203924,0.00024505890905857086,774.24609375,0.0,4080651.480256907,rows/s,0.05767822265625,1000,"{'schema': 'mixed', 'nrows': 1000, 'ncols': 8, 'variable': False, 'compressed': False, 'profile': 'base'}",False,2,1.1024753636790239,10.247536367902388
exhaustive_cuda_20261007_203924,fitstable,fitstable_io,mixed_1000::predicate_filter_selective,mixed_1000 [predicate_filter_selective],predicate_filter_selective,specialized,torchfits,torchfits_specialized,specialized,OK,,True,off,torchfits-gpu-exhaustive-cuda-20261007-203924,0.0002609696239233017,774.24609375,0.0,3831863.5899705226,rows/s,0.05767822265625,1000,"{'schema': 'mixed', 'nrows': 1000, 'ncols': 8, 'variable': False, 'compressed': False, 'profile': 'base'}",True,1,1.0,0.0
exhaustive_cuda_20261007_203924,fitstable,fitstable_io,mixed_1000::predicate_filter_selective,mixed_1000 [predicate_filter_selective],predicate_filter_selective,specialized,astropy,astropy,specialized,OK,,True,off,torchfits-gpu-exhaustive-cuda-20261007-203924,0.002474844455718994,774.24609375,0.0,404065.7980299126,rows/s,0.05767822265625,1000,"{'schema': 'mixed', 'nrows': 1000, 'ncols': 8, 'variable': False, 'compressed': False, 'profile': 'base'}",False,3,9.48326636071003,848.3266360710029
exhaustive_cuda_20261007_203924,fitstable,fitstable_io,mixed_1000::predicate_filter_selective,mixed_1000 [predicate_filter_selective],predicate_filter_selective,specialized,fitsio,fitsio,specialized,OK,,True,off,torchfits-gpu-exhaustive-cuda-20261007-203924,0.0002636965364217758,774.24609375,0.0,3792237.9018301773,rows/s,0.05767822265625,1000,"{'schema': 'mixed', 'nrows': 1000, 'ncols': 8, 'variable': False, 'compressed': False, 'profile': 'base'}",False,2,1.0104491567159386,1.0449156715938601
exhaustive_cuda_20261007_203924,fitstable,fitstable_io,mixed_1000::scan_count,mixed_1000 [scan_count],scan_count,smart,torchfits,torchfits,smart,OK,,True,off,torchfits-gpu-exhaustive-cuda-20261007-203924,2.3351982235908508e-05,774.36328125,0.0,42822917.12530909,rows/s,0.05767822265625,1000,"{'schema': 'mixed', 'nrows': 1000, 'ncols': 8, 'variable': False, 'compressed': False, 'profile': 'base'}",True,1,1.0,0.0
exhaustive_cuda_20261007_203924,fitstable,fitstable_io,mixed_1000::scan_count,mixed_1000 [scan_count],scan_count,smart,astropy,astropy_torch,smart,OK,,True,off,torchfits-gpu-exhaustive-cuda-20261007-203924,0.0006173774600028992,774.36328125,0.0,1619754.6311381436,rows/s,0.05767822265625,1000,"{'schema': 'mixed', 'nrows': 1000, 'ncols': 8, 'variable': False, 'compressed': False, 'profile': 'base'}",False,3,26.437903804737974,2543.7903804737975
exhaustive_cuda_20261007_203924,fitstable,fitstable_io,mixed_1000::scan_count,mixed_1000 [scan_count],scan_count,smart,fitsio,fitsio_torch,smart,OK,,True,off,torchfits-gpu-exhaustive-cuda-20261007-203924,0.00011651776731014252,774.36328125,0.0,8582382.095755735,rows/s,0.05767822265625,1000,"{'schema': 'mixed', 'nrows': 1000, 'ncols': 8, 'variable': False, 'compressed': False, 'profile': 'base'}",False,2,4.989630693148281,398.9630693148281
exhaustive_cuda_20261007_203924,fitstable,fitstable_io,mixed_1000::scan_count,mixed_1000 [scan_count],scan_count,specialized,torchfits,torchfits_specialized,specialized,OK,,True,off,torchfits-gpu-exhaustive-cuda-20261007-203924,2.285093069076538e-05,774.36328125,0.0,43761893.707205735,rows/s,0.05767822265625,1000,"{'schema': 'mixed', 'nrows': 1000, 'ncols': 8, 'variable': False, 'compressed': False, 'profile': 'base'}",True,1,1.0,0.0
exhaustive_cuda_20261007_203924,fitstable,fitstable_io,mixed_1000::scan_count,mixed_1000 [scan_count],scan_count,specialized,astropy,astropy,specialized,OK,,True,off,torchfits-gpu-exhaustive-cuda-20261007-203924,0.0006154999136924744,774.36328125,0.0,1624695.5974385978,rows/s,0.05767822265625,1000,"{'schema': 'mixed', 'nrows': 1000, 'ncols': 8, 'variable': False, 'compressed': False, 'profile': 'base'}",False,3,26.93544179980437,2593.544179980437
exhaustive_cuda_20261007_203924,fitstable,fitstable_io,mixed_1000::scan_count,mixed_1000 [scan_count],scan_count,specialized,fitsio,fitsio,specialized,OK,,True,off,torchfits-gpu-exhaustive-cuda-20261007-203924,0.00011511147022247314,774.36328125,0.0,8687231.585760517,rows/s,0.05767822265625,1000,"{'schema': 'mixed', 'nrows': 1000, 'ncols': 8, 'variable': False, 'compressed': False, 'profile': 'base'}",False,2,5.037495924356048,403.7495924356048
exhaustive_cuda_20261007_203924,fitstable,fitstable_io,wide_1000::read_full,wide_1000 [read_full],read_full,smart,torchfits,torchfits,smart,OK,,True,off,torchfits-gpu-exhaustive-cuda-20261007-203924,0.00029776431620121,775.5234375,0.0,3358360.7759240842,rows/s,0.2197265625,1000,"{'schema': 'wide', 'nrows': 1000, 'ncols': 41, 'variable': False, 'compressed': False, 'profile': 'base'}",True,1,1.0,0.0
exhaustive_cuda_20261007_203924,fitstable,fitstable_io,wide_1000::read_full,wide_1000 [read_full],read_full,smart,astropy,astropy_torch,smart,OK,,True,off,torchfits-gpu-exhaustive-cuda-20261007-203924,0.012013386934995651,775.53125,0.0,83240.4721009148,rows/s,0.2197265625,1000,"{'schema': 'wide', 'nrows': 1000, 'ncols': 41, 'variable': False, 'compressed': False, 'profile': 'base'}",False,3,40.34528746848825,3934.528746848825
exhaustive_cuda_20261007_203924,fitstable,fitstable_io,wide_1000::read_full,wide_1000 [read_full],read_full,smart,fitsio,fitsio_torch,smart,OK,,True,off,torchfits-gpu-exhaustive-cuda-20261007-203924,0.0028623435646295547,775.52734375,0.0,349364.0708813445,rows/s,0.2197265625,1000,"{'schema': 'wide', 'nrows': 1000, 'ncols': 41, 'variable': False, 'compressed': False, 'profile': 'base'}",False,2,9.61278235467062,861.2782354670619
exhaustive_cuda_20261007_203924,fitstable,fitstable_io,wide_1000::read_full,wide_1000 [read_full],read_full,specialized,torchfits,torchfits_specialized,specialized,OK,,True,off,torchfits-gpu-exhaustive-cuda-20261007-203924,0.00031670741736888885,775.8359375,0.0,3157488.410936829,rows/s,0.2197265625,1000,"{'schema': 'wide', 'nrows': 1000, 'ncols': 41, 'variable': False, 'compressed': False, 'profile': 'base'}",True,1,1.0,0.0
exhaustive_cuda_20261007_203924,fitstable,fitstable_io,wide_1000::read_full,wide_1000 [read_full],read_full,specialized,astropy,astropy,specialized,OK,,True,off,torchfits-gpu-exhaustive-cuda-20261007-203924,0.009889347478747368,775.8359375,0.0,101118.90619164135,rows/s,0.2197265625,1000,"{'schema': 'wide', 'nrows': 1000, 'ncols': 41, 'variable': False, 'compressed': False, 'profile': 'base'}",False,3,31.225500055872164,3022.550005587216
exhaustive_cuda_20261007_203924,fitstable,fitstable_io,wide_1000::read_full,wide_1000 [read_full],read_full,specialized,fitsio,fitsio,specialized,OK,,True,off,torchfits-gpu-exhaustive-cuda-20261007-203924,0.001144692301750183,775.8359375,0.0,873597.2090238092,rows/s,0.2197265625,1000,"{'schema': 'wide', 'nrows': 1000, 'ncols': 41, 'variable': False, 'compressed': False, 'profile': 'base'}",False,2,3.614352676864807,261.4352676864807
exhaustive_cuda_20261007_203924,fitstable,fitstable_io,wide_1000::projection,wide_1000 [projection],projection,smart,torchfits,torchfits,smart,OK,,True,off,torchfits-gpu-exhaustive-cuda-20261007-203924,0.0001708436757326126,775.8359375,0.0,5853304.172435975,rows/s,0.2197265625,1000,"{'schema': 'wide', 'nrows': 1000, 'ncols': 41, 'variable': False, 'compressed': False, 'profile': 'base'}",True,1,1.0,0.0
exhaustive_cuda_20261007_203924,fitstable,fitstable_io,wide_1000::projection,wide_1000 [projection],projection,smart,astropy,astropy_torch,smart,OK,,True,off,torchfits-gpu-exhaustive-cuda-20261007-203924,0.007967600598931313,775.8359375,0.0,125508.29921546634,rows/s,0.2197265625,1000,"{'schema': 'wide', 'nrows': 1000, 'ncols': 41, 'variable': False, 'compressed': False, 'profile': 'base'}",False,3,46.63678983002802,4563.678983002802
exhaustive_cuda_20261007_203924,fitstable,fitstable_io,wide_1000::projection,wide_1000 [projection],projection,smart,fitsio,fitsio_torch,smart,OK,,True,off,torchfits-gpu-exhaustive-cuda-20261007-203924,0.0005457047373056412,775.8359375,0.0,1832492.7962645022,rows/s,0.2197265625,1000,"{'schema': 'wide', 'nrows': 1000, 'ncols': 41, 'variable': False, 'compressed': False, 'profile': 'base'}",False,2,3.194175815789187,219.41758157891869
exhaustive_cuda_20261007_203924,fitstable,fitstable_io,wide_1000::projection,wide_1000 [projection],projection,specialized,torchfits,torchfits_specialized,specialized,OK,,True,off,torchfits-gpu-exhaustive-cuda-20261007-203924,0.00020195730030536652,775.8359375,0.0,4951541.729305971,rows/s,0.2197265625,1000,"{'schema': 'wide', 'nrows': 1000, 'ncols': 41, 'variable': False, 'compressed': False, 'profile': 'base'}",True,1,1.0,0.0
exhaustive_cuda_20261007_203924,fitstable,fitstable_io,wide_1000::projection,wide_1000 [projection],projection,specialized,astropy,astropy,specialized,OK,,True,off,torchfits-gpu-exhaustive-cuda-20261007-203924,0.0079592764377594,775.8359375,0.0,125639.56131187071,rows/s,0.2197265625,1000,"{'schema': 'wide', 'nrows': 1000, 'ncols': 41, 'variable': False, 'compressed': False, 'profile': 'base'}",False,3,39.41068941664745,3841.068941664745
exhaustive_cuda_20261007_203924,fitstable,fitstable_io,wide_1000::projection,wide_1000 [projection],projection,specialized,fitsio,fitsio,specialized,OK,,True,off,torchfits-gpu-exhaustive-cuda-20261007-203924,0.0005367882549762726,775.8359375,0.0,1862931.967548736,rows/s,0.2197265625,1000,"{'schema': 'wide', 'nrows': 1000, 'ncols': 41, 'variable': False, 'compressed': False, 'profile': 'base'}",False,2,2.657929444316348,165.7929444316348
exhaustive_cuda_20261007_203924,fitstable,fitstable_io,wide_1000::row_slice,wide_1000 [row_slice],row_slice,smart,torchfits,torchfits,smart,OK,,True,off,torchfits-gpu-exhaustive-cuda-20261007-203924,0.00021868757903575897,775.86328125,0.0,4572733.414532353,rows/s,0.2197265625,1000,"{'schema': 'wide', 'nrows': 1000, 'ncols': 41, 'variable': False, 'compressed': False, 'profile': 'base'}",True,1,1.0,0.0
exhaustive_cuda_20261007_203924,fitstable,fitstable_io,wide_1000::row_slice,wide_1000 [row_slice],row_slice,smart,astropy,astropy_torch,smart,OK,,True,off,torchfits-gpu-exhaustive-cuda-20261007-203924,0.013478079810738564,775.86328125,0.0,74194.54507186233,rows/s,0.2197265625,1000,"{'schema': 'wide', 'nrows': 1000, 'ncols': 41, 'variable': False, 'compressed': False, 'profile': 'base'}",False,3,61.631665914298125,6063.166591429813
exhaustive_cuda_20261007_203924,fitstable,fitstable_io,wide_1000::row_slice,wide_1000 [row_slice],row_slice,smart,fitsio,fitsio_torch,smart,OK,,True,off,torchfits-gpu-exhaustive-cuda-20261007-203924,0.0010818000882863998,775.86328125,0.0,924385.2083466055,rows/s,0.2197265625,1000,"{'schema': 'wide', 'nrows': 1000, 'ncols': 41, 'variable': False, 'compressed': False, 'profile': 'base'}",False,2,4.94678341155127,394.67834115512704
exhaustive_cuda_20261007_203924,fitstable,fitstable_io,wide_1000::row_slice,wide_1000 [row_slice],row_slice,specialized,torchfits,torchfits_specialized,specialized,OK,,True,off,torchfits-gpu-exhaustive-cuda-20261007-203924,0.00024437159299850464,775.87109375,0.0,4092128.662459221,rows/s,0.2197265625,1000,"{'schema': 'wide', 'nrows': 1000, 'ncols': 41, 'variable': False, 'compressed': False, 'profile': 'base'}",True,1,1.0,0.0
exhaustive_cuda_20261007_203924,fitstable,fitstable_io,wide_1000::row_slice,wide_1000 [row_slice],row_slice,specialized,astropy,astropy,specialized,OK,,True,off,torchfits-gpu-exhaustive-cuda-20261007-203924,0.013171641156077385,775.87109375,0.0,75920.6835466058,rows/s,0.2197265625,1000,"{'schema': 'wide', 'nrows': 1000, 'ncols': 41, 'variable': False, 'compressed': False, 'profile': 'base'}",False,3,53.90005030641178,5290.005030641178
exhaustive_cuda_20261007_203924,fitstable,fitstable_io,wide_1000::row_slice,wide_1000 [row_slice],row_slice,specialized,fitsio,fitsio,specialized,OK,,True,off,torchfits-gpu-exhaustive-cuda-20261007-203924,0.000699145719408989,775.87109375,0.0,1430316.9886319737,rows/s,0.2197265625,1000,"{'schema': 'wide', 'nrows': 1000, 'ncols': 41, 'variable': False, 'compressed': False, 'profile': 'base'}",False,2,2.860994237629196,186.09942376291963
exhaustive_cuda_20261007_203924,fitstable,fitstable_io,wide_1000::predicate_filter,wide_1000 [predicate_filter],predicate_filter,smart,torchfits,torchfits,smart,OK,,True,off,torchfits-gpu-exhaustive-cuda-20261007-203924,0.0003796163946390152,776.07421875,0.0,2634238.1786511615,rows/s,0.2197265625,1000,"{'schema': 'wide', 'nrows': 1000, 'ncols': 41, 'variable': False, 'compressed': False, 'profile': 'base'}",True,1,1.0,0.0
exhaustive_cuda_20261007_203924,fitstable,fitstable_io,wide_1000::predicate_filter,wide_1000 [predicate_filter],predicate_filter,smart,astropy,astropy_torch,smart,FAILED,,False,off,torchfits-gpu-exhaustive-cuda-20261007-203924,,,,,rows/s,0.2197265625,1000,"{'schema': 'wide', 'nrows': 1000, 'ncols': 41, 'variable': False, 'compressed': False, 'profile': 'base'}",False,,,
exhaustive_cuda_20261007_203924,fitstable,fitstable_io,wide_1000::predicate_filter,wide_1000 [predicate_filter],predicate_filter,smart,fitsio,fitsio_torch,smart,OK,,True,off,torchfits-gpu-exhaustive-cuda-20261007-203924,0.0005170442163944244,776.07421875,0.0,1934070.565518434,rows/s,0.2197265625,1000,"{'schema': 'wide', 'nrows': 1000, 'ncols': 41, 'variable': False, 'compressed': False, 'profile': 'base'}",False,2,1.3620176148769658,36.20176148769658
exhaustive_cuda_20261007_203924,fitstable,fitstable_io,wide_1000::predicate_filter,wide_1000 [predicate_filter],predicate_filter,specialized,torchfits,torchfits_specialized,specialized,OK,,True,off,torchfits-gpu-exhaustive-cuda-20261007-203924,0.00043401122093200684,776.078125,0.0,2304087.8939778893,rows/s,0.2197265625,1000,"{'schema': 'wide', 'nrows': 1000, 'ncols': 41, 'variable': False, 'compressed': False, 'profile': 'base'}",True,1,1.0,0.0
exhaustive_cuda_20261007_203924,fitstable,fitstable_io,wide_1000::predicate_filter,wide_1000 [predicate_filter],predicate_filter,specialized,astropy,astropy,specialized,OK,,True,off,torchfits-gpu-exhaustive-cuda-20261007-203924,0.007946856319904327,776.078125,0.0,125835.92300458743,rows/s,0.2197265625,1000,"{'schema': 'wide', 'nrows': 1000, 'ncols': 41, 'variable': False, 'compressed': False, 'profile': 'base'}",False,3,18.31025544187324,1731.0255441873242
exhaustive_cuda_20261007_203924,fitstable,fitstable_io,wide_1000::predicate_filter,wide_1000 [predicate_filter],predicate_filter,specialized,fitsio,fitsio,specialized,OK,,True,off,torchfits-gpu-exhaustive-cuda-20261007-203924,0.0005494840443134308,776.078125,0.0,1819889.0583792652,rows/s,0.2197265625,1000,"{'schema': 'wide', 'nrows': 1000, 'ncols': 41, 'variable': False, 'compressed': False, 'profile': 'base'}",False,2,1.266059534436586,26.605953443658592
exhaustive_cuda_20261007_203924,fitstable,fitstable_io,wide_1000::predicate_filter_selective,wide_1000 [predicate_filter_selective],predicate_filter_selective,smart,torchfits,torchfits,smart,OK,,True,off,torchfits-gpu-exhaustive-cuda-20261007-203924,0.0003884565085172653,776.08203125,0.0,2574290.758615399,rows/s,0.2197265625,1000,"{'schema': 'wide', 'nrows': 1000, 'ncols': 41, 'variable': False, 'compressed': False, 'profile': 'base'}",True,1,1.0,0.0
exhaustive_cuda_20261007_203924,fitstable,fitstable_io,wide_1000::predicate_filter_selective,wide_1000 [predicate_filter_selective],predicate_filter_selective,smart,astropy,astropy_torch,smart,FAILED,,False,off,torchfits-gpu-exhaustive-cuda-20261007-203924,,,,,rows/s,0.2197265625,1000,"{'schema': 'wide', 'nrows': 1000, 'ncols': 41, 'variable': False, 'compressed': False, 'profile': 'base'}",False,,,
exhaustive_cuda_20261007_203924,fitstable,fitstable_io,wide_1000::predicate_filter_selective,wide_1000 [predicate_filter_selective],predicate_filter_selective,smart,fitsio,fitsio_torch,smart,OK,,True,off,torchfits-gpu-exhaustive-cuda-20261007-203924,0.0005623809993267059,776.08203125,0.0,1778153.9582546717,rows/s,0.2197265625,1000,"{'schema': 'wide', 'nrows': 1000, 'ncols': 41, 'variable': False, 'compressed': False, 'profile': 'base'}",False,2,1.4477322093876317,44.77322093876317
exhaustive_cuda_20261007_203924,fitstable,fitstable_io,wide_1000::predicate_filter_selective,wide_1000 [predicate_filter_selective],predicate_filter_selective,specialized,torchfits,torchfits_specialized,specialized,OK,,True,off,torchfits-gpu-exhaustive-cuda-20261007-203924,0.0004323236644268036,776.08203125,0.0,2313081.800242997,rows/s,0.2197265625,1000,"{'schema': 'wide', 'nrows': 1000, 'ncols': 41, 'variable': False, 'compressed': False, 'profile': 'base'}",True,1,1.0,0.0
exhaustive_cuda_20261007_203924,fitstable,fitstable_io,wide_1000::predicate_filter_selective,wide_1000 [predicate_filter_selective],predicate_filter_selective,specialized,astropy,astropy,specialized,OK,,True,off,torchfits-gpu-exhaustive-cuda-20261007-203924,0.007932804524898529,776.08203125,0.0,126058.82281119126,rows/s,0.2197265625,1000,"{'schema': 'wide', 'nrows': 1000, 'ncols': 41, 'variable': False, 'compressed': False, 'profile': 'base'}",False,3,18.349225771428078,1734.9225771428078
exhaustive_cuda_20261007_203924,fitstable,fitstable_io,wide_1000::predicate_filter_selective,wide_1000 [predicate_filter_selective],predicate_filter_selective,specialized,fitsio,fitsio,specialized,OK,,True,off,torchfits-gpu-exhaustive-cuda-20261007-203924,0.0005921237170696259,776.08203125,0.0,1688836.2535939652,rows/s,0.2197265625,1000,"{'schema': 'wide', 'nrows': 1000, 'ncols': 41, 'variable': False, 'compressed': False, 'profile': 'base'}",False,2,1.369630593445985,36.96305934459849
exhaustive_cuda_20261007_203924,fitstable,fitstable_io,wide_1000::scan_count,wide_1000 [scan_count],scan_count,smart,torchfits,torchfits,smart,OK,,True,off,torchfits-gpu-exhaustive-cuda-20261007-203924,2.4611130356788635e-05,776.08203125,0.0,40632022.40217967,rows/s,0.2197265625,1000,"{'schema': 'wide', 'nrows': 1000, 'ncols': 41, 'variable': False, 'compressed': False, 'profile': 'base'}",True,1,1.0,0.0
exhaustive_cuda_20261007_203924,fitstable,fitstable_io,wide_1000::scan_count,wide_1000 [scan_count],scan_count,smart,astropy,astropy_torch,smart,OK,,True,off,torchfits-gpu-exhaustive-cuda-20261007-203924,0.0007739011198282242,776.08203125,0.0,1292154.7396416236,rows/s,0.2197265625,1000,"{'schema': 'wide', 'nrows': 1000, 'ncols': 41, 'variable': False, 'compressed': False, 'profile': 'base'}",False,3,31.44516763793234,3044.516763793234
exhaustive_cuda_20261007_203924,fitstable,fitstable_io,wide_1000::scan_count,wide_1000 [scan_count],scan_count,smart,fitsio,fitsio_torch,smart,OK,,True,off,torchfits-gpu-exhaustive-cuda-20261007-203924,0.0003435872495174408,776.08203125,0.0,2910468.887901031,rows/s,0.2197265625,1000,"{'schema': 'wide', 'nrows': 1000, 'ncols': 41, 'variable': False, 'compressed': False, 'profile': 'base'}",False,2,13.96064481949595,1296.0644819495951
exhaustive_cuda_20261007_203924,fitstable,fitstable_io,wide_1000::scan_count,wide_1000 [scan_count],scan_count,specialized,torchfits,torchfits_specialized,specialized,OK,,True,off,torchfits-gpu-exhaustive-cuda-20261007-203924,2.4110078811645508e-05,776.08203125,0.0,41476430.160692215,rows/s,0.2197265625,1000,"{'schema': 'wide', 'nrows': 1000, 'ncols': 41, 'variable': False, 'compressed': False, 'profile': 'base'}",True,1,1.0,0.0
exhaustive_cuda_20261007_203924,fitstable,fitstable_io,wide_1000::scan_count,wide_1000 [scan_count],scan_count,specialized,astropy,astropy,specialized,OK,,True,off,torchfits-gpu-exhaustive-cuda-20261007-203924,0.0007780008018016815,776.08203125,0.0,1285345.7190329577,rows/s,0.2197265625,1000,"{'schema': 'wide', 'nrows': 1000, 'ncols': 41, 'variable': False, 'compressed': False, 'profile': 'base'}",False,3,32.26869592088999,3126.869592088999
exhaustive_cuda_20261007_203924,fitstable,fitstable_io,wide_1000::scan_count,wide_1000 [scan_count],scan_count,specialized,fitsio,fitsio,specialized,OK,,True,off,torchfits-gpu-exhaustive-cuda-20261007-203924,0.0003384258598089218,776.08203125,0.0,2954856.938428431,rows/s,0.2197265625,1000,"{'schema': 'wide', 'nrows': 1000, 'ncols': 41, 'variable': False, 'compressed': False, 'profile': 'base'}",False,2,14.03669653893696,1303.669653893696
exhaustive_cuda_20261007_203924,fitstable,fitstable_io,narrow_10000::read_full,narrow_10000 [read_full],read_full,smart,torchfits,torchfits,smart,OK,,True,off,torchfits-gpu-exhaustive-cuda-20261007-203924,0.0002160482108592987,776.08203125,0.0,46285965.34183981,rows/s,0.1318359375,10000,"{'schema': 'narrow', 'nrows': 10000, 'ncols': 4, 'variable': False, 'compressed': False, 'profile': 'base'}",True,1,1.0,0.0
exhaustive_cuda_20261007_203924,fitstable,fitstable_io,narrow_10000::read_full,narrow_10000 [read_full],read_full,smart,astropy,astropy_torch,smart,OK,,True,off,torchfits-gpu-exhaustive-cuda-20261007-203924,0.0018989834934473038,776.08203125,0.0,5265975.209635226,rows/s,0.1318359375,10000,"{'schema': 'narrow', 'nrows': 10000, 'ncols': 4, 'variable': False, 'compressed': False, 'profile': 'base'}",False,3,8.78962841624278,778.962841624278
exhaustive_cuda_20261007_203924,fitstable,fitstable_io,narrow_10000::read_full,narrow_10000 [read_full],read_full,smart,fitsio,fitsio_torch,smart,OK,,True,off,torchfits-gpu-exhaustive-cuda-20261007-203924,0.0002738218754529953,776.08203125,0.0,36520091.69631378,rows/s,0.1318359375,10000,"{'schema': 'narrow', 'nrows': 10000, 'ncols': 4, 'variable': False, 'compressed': False, 'profile': 'base'}",False,2,1.2674109837054919,26.74109837054919
exhaustive_cuda_20261007_203924,fitstable,fitstable_io,narrow_10000::read_full,narrow_10000 [read_full],read_full,specialized,torchfits,torchfits_specialized,specialized,OK,,True,off,torchfits-gpu-exhaustive-cuda-20261007-203924,0.00017541088163852692,776.08203125,0.0,57009005.97835898,rows/s,0.1318359375,10000,"{'schema': 'narrow', 'nrows': 10000, 'ncols': 4, 'variable': False, 'compressed': False, 'profile': 'base'}",True,1,1.0,0.0
exhaustive_cuda_20261007_203924,fitstable,fitstable_io,narrow_10000::read_full,narrow_10000 [read_full],read_full,specialized,astropy,astropy,specialized,OK,,True,off,torchfits-gpu-exhaustive-cuda-20261007-203924,0.0018606036901474,776.08203125,0.0,5374599.68125065,rows/s,0.1318359375,10000,"{'schema': 'narrow', 'nrows': 10000, 'ncols': 4, 'variable': False, 'compressed': False, 'profile': 'base'}",False,3,10.607116689496989,960.7116689496988
exhaustive_cuda_20261007_203924,fitstable,fitstable_io,narrow_10000::read_full,narrow_10000 [read_full],read_full,specialized,fitsio,fitsio,specialized,OK,,True,off,torchfits-gpu-exhaustive-cuda-20261007-203924,0.00027120672166347504,776.08203125,0.0,36872242.46753158,rows/s,0.1318359375,10000,"{'schema': 'narrow', 'nrows': 10000, 'ncols': 4, 'variable': False, 'compressed': False, 'profile': 'base'}",False,2,1.5461225616684187,54.61225616684187
exhaustive_cuda_20261007_203924,fitstable,fitstable_io,narrow_10000::projection,narrow_10000 [projection],projection,smart,torchfits,torchfits,smart,OK,,True,off,torchfits-gpu-exhaustive-cuda-20261007-203924,0.00019115954637527466,776.08203125,0.0,52312323.34255759,rows/s,0.1318359375,10000,"{'schema': 'narrow', 'nrows': 10000, 'ncols': 4, 'variable': False, 'compressed': False, 'profile': 'base'}",True,1,1.0,0.0
exhaustive_cuda_20261007_203924,fitstable,fitstable_io,narrow_10000::projection,narrow_10000 [projection],projection,smart,astropy,astropy_torch,smart,OK,,True,off,torchfits-gpu-exhaustive-cuda-20261007-203924,0.0018466953188180923,776.08203125,0.0,5415078.43665306,rows/s,0.1318359375,10000,"{'schema': 'narrow', 'nrows': 10000, 'ncols': 4, 'variable': False, 'compressed': False, 'profile': 'base'}",False,3,9.660492263319952,866.0492263319952
exhaustive_cuda_20261007_203924,fitstable,fitstable_io,narrow_10000::projection,narrow_10000 [projection],projection,smart,fitsio,fitsio_torch,smart,OK,,True,off,torchfits-gpu-exhaustive-cuda-20261007-203924,0.0006115883588790894,776.08203125,0.0,16350867.139341665,rows/s,0.1318359375,10000,"{'schema': 'narrow', 'nrows': 10000, 'ncols': 4, 'variable': False, 'compressed': False, 'profile': 'base'}",False,2,3.1993607982227075,219.93607982227076
exhaustive_cuda_20261007_203924,fitstable,fitstable_io,narrow_10000::projection,narrow_10000 [projection],projection,specialized,torchfits,torchfits_specialized,specialized,OK,,True,off,torchfits-gpu-exhaustive-cuda-20261007-203924,0.0001553855836391449,776.08203125,0.0,64356034.61916521,rows/s,0.1318359375,10000,"{'schema': 'narrow', 'nrows': 10000, 'ncols': 4, 'variable': False, 'compressed': False, 'profile': 'base'}",True,1,1.0,0.0
exhaustive_cuda_20261007_203924,fitstable,fitstable_io,narrow_10000::projection,narrow_10000 [projection],projection,specialized,astropy,astropy,specialized,OK,,True,off,torchfits-gpu-exhaustive-cuda-20261007-203924,0.0018092934042215347,776.08203125,0.0,5527019.540704396,rows/s,0.1318359375,10000,"{'schema': 'narrow', 'nrows': 10000, 'ncols': 4, 'variable': False, 'compressed': False, 'profile': 'base'}",False,3,11.643894895830837,1064.3894895830836
exhaustive_cuda_20261007_203924,fitstable,fitstable_io,narrow_10000::projection,narrow_10000 [projection],projection,specialized,fitsio,fitsio,specialized,OK,,True,off,torchfits-gpu-exhaustive-cuda-20261007-203924,0.0005953349173069,776.08203125,0.0,16797267.73836267,rows/s,0.1318359375,10000,"{'schema': 'narrow', 'nrows': 10000, 'ncols': 4, 'variable': False, 'compressed': False, 'profile': 'base'}",False,2,3.8313394548200717,283.13394548200716
exhaustive_cuda_20261007_203924,fitstable,fitstable_io,narrow_10000::row_slice,narrow_10000 [row_slice],row_slice,smart,torchfits,torchfits,smart,OK,,True,off,torchfits-gpu-exhaustive-cuda-20261007-203924,0.00015514343976974487,776.08203125,0.0,64456479.85400759,rows/s,0.1318359375,10000,"{'schema': 'narrow', 'nrows': 10000, 'ncols': 4, 'variable': False, 'compressed': False, 'profile': 'base'}",True,1,1.0,0.0
exhaustive_cuda_20261007_203924,fitstable,fitstable_io,narrow_10000::row_slice,narrow_10000 [row_slice],row_slice,smart,astropy,astropy_torch,smart,OK,,True,off,torchfits-gpu-exhaustive-cuda-20261007-203924,0.0023992471396923065,776.08203125,0.0,4167974.1259512175,rows/s,0.1318359375,10000,"{'schema': 'narrow', 'nrows': 10000, 'ncols': 4, 'variable': False, 'compressed': False, 'profile': 'base'}",False,3,15.464702492436249,1446.470249243625
exhaustive_cuda_20261007_203924,fitstable,fitstable_io,narrow_10000::row_slice,narrow_10000 [row_slice],row_slice,smart,fitsio,fitsio_torch,smart,OK,,True,off,torchfits-gpu-exhaustive-cuda-20261007-203924,0.00029395706951618195,776.08203125,0.0,34018572.90405977,rows/s,0.1318359375,10000,"{'schema': 'narrow', 'nrows': 10000, 'ncols': 4, 'variable': False, 'compressed': False, 'profile': 'base'}",False,2,1.894743792921289,89.47437929212889
exhaustive_cuda_20261007_203924,fitstable,fitstable_io,narrow_10000::row_slice,narrow_10000 [row_slice],row_slice,specialized,torchfits,torchfits_specialized,specialized,OK,,True,off,torchfits-gpu-exhaustive-cuda-20261007-203924,0.0001130271703004837,776.08203125,0.0,88474302.00557011,rows/s,0.1318359375,10000,"{'schema': 'narrow', 'nrows': 10000, 'ncols': 4, 'variable': False, 'compressed': False, 'profile': 'base'}",True,1,1.0,0.0
exhaustive_cuda_20261007_203924,fitstable,fitstable_io,narrow_10000::row_slice,narrow_10000 [row_slice],row_slice,specialized,astropy,astropy,specialized,OK,,True,off,torchfits-gpu-exhaustive-cuda-20261007-203924,0.0026576239615678787,776.08203125,0.0,3762759.5719375024,rows/s,0.1318359375,10000,"{'schema': 'narrow', 'nrows': 10000, 'ncols': 4, 'variable': False, 'compressed': False, 'profile': 'base'}",False,3,23.513142499299615,2251.3142499299615
exhaustive_cuda_20261007_203924,fitstable,fitstable_io,narrow_10000::row_slice,narrow_10000 [row_slice],row_slice,specialized,fitsio,fitsio,specialized,OK,,True,off,torchfits-gpu-exhaustive-cuda-20261007-203924,0.00027138739824295044,776.08203125,0.0,36847694.715168156,rows/s,0.1318359375,10000,"{'schema': 'narrow', 'nrows': 10000, 'ncols': 4, 'variable': False, 'compressed': False, 'profile': 'base'}",False,2,2.4010810632652726,140.10810632652726
exhaustive_cuda_20261007_203924,fitstable,fitstable_io,narrow_10000::predicate_filter,narrow_10000 [predicate_filter],predicate_filter,smart,torchfits,torchfits,smart,OK,,True,off,torchfits-gpu-exhaustive-cuda-20261007-203924,0.0003097057342529297,776.21875,0.0,32288714.395688992,rows/s,0.1318359375,10000,"{'schema': 'narrow', 'nrows': 10000, 'ncols': 4, 'variable': False, 'compressed': False, 'profile': 'base'}",True,1,1.0,0.0
exhaustive_cuda_20261007_203924,fitstable,fitstable_io,narrow_10000::predicate_filter,narrow_10000 [predicate_filter],predicate_filter,smart,astropy,astropy_torch,smart,FAILED,,False,off,torchfits-gpu-exhaustive-cuda-20261007-203924,,,,,rows/s,0.1318359375,10000,"{'schema': 'narrow', 'nrows': 10000, 'ncols': 4, 'variable': False, 'compressed': False, 'profile': 'base'}",False,,,
exhaustive_cuda_20261007_203924,fitstable,fitstable_io,narrow_10000::predicate_filter,narrow_10000 [predicate_filter],predicate_filter,smart,fitsio,fitsio_torch,smart,OK,,True,off,torchfits-gpu-exhaustive-cuda-20261007-203924,0.0004694480448961258,776.21875,0.0,21301611.773061465,rows/s,0.1318359375,10000,"{'schema': 'narrow', 'nrows': 10000, 'ncols': 4, 'variable': False, 'compressed': False, 'profile': 'base'}",False,2,1.5157873845265588,51.578738452655884
exhaustive_cuda_20261007_203924,fitstable,fitstable_io,narrow_10000::predicate_filter,narrow_10000 [predicate_filter],predicate_filter,specialized,torchfits,torchfits_specialized,specialized,OK,,True,off,torchfits-gpu-exhaustive-cuda-20261007-203924,0.00033687613904476166,776.21875,0.0,29684500.74367325,rows/s,0.1318359375,10000,"{'schema': 'narrow', 'nrows': 10000, 'ncols': 4, 'variable': False, 'compressed': False, 'profile': 'base'}",True,1,1.0,0.0
exhaustive_cuda_20261007_203924,fitstable,fitstable_io,narrow_10000::predicate_filter,narrow_10000 [predicate_filter],predicate_filter,specialized,astropy,astropy,specialized,OK,,True,off,torchfits-gpu-exhaustive-cuda-20261007-203924,0.0018748324364423752,776.21875,0.0,5333810.001162395,rows/s,0.1318359375,10000,"{'schema': 'narrow', 'nrows': 10000, 'ncols': 4, 'variable': False, 'compressed': False, 'profile': 'base'}",False,3,5.565346485383642,456.53464853836414
exhaustive_cuda_20261007_203924,fitstable,fitstable_io,narrow_10000::predicate_filter,narrow_10000 [predicate_filter],predicate_filter,specialized,fitsio,fitsio,specialized,OK,,True,off,torchfits-gpu-exhaustive-cuda-20261007-203924,0.00045068003237247467,776.21875,0.0,22188691.04840943,rows/s,0.1318359375,10000,"{'schema': 'narrow', 'nrows': 10000, 'ncols': 4, 'variable': False, 'compressed': False, 'profile': 'base'}",False,2,1.3378211756119407,33.78211756119407
exhaustive_cuda_20261007_203924,fitstable,fitstable_io,narrow_10000::predicate_filter_selective,narrow_10000 [predicate_filter_selective],predicate_filter_selective,smart,torchfits,torchfits,smart,OK,,True,off,torchfits-gpu-exhaustive-cuda-20261007-203924,0.0002896822988986969,776.21875,0.0,34520576.638674915,rows/s,0.1318359375,10000,"{'schema': 'narrow', 'nrows': 10000, 'ncols': 4, 'variable': False, 'compressed': False, 'profile': 'base'}",True,1,1.0,0.0
exhaustive_cuda_20261007_203924,fitstable,fitstable_io,narrow_10000::predicate_filter_selective,narrow_10000 [predicate_filter_selective],predicate_filter_selective,smart,astropy,astropy_torch,smart,FAILED,,False,off,torchfits-gpu-exhaustive-cuda-20261007-203924,,,,,rows/s,0.1318359375,10000,"{'schema': 'narrow', 'nrows': 10000, 'ncols': 4, 'variable': False, 'compressed': False, 'profile': 'base'}",False,,,
exhaustive_cuda_20261007_203924,fitstable,fitstable_io,narrow_10000::predicate_filter_selective,narrow_10000 [predicate_filter_selective],predicate_filter_selective,smart,fitsio,fitsio_torch,smart,OK,,True,off,torchfits-gpu-exhaustive-cuda-20261007-203924,0.00037653185427188873,776.21875,0.0,26558177.977630362,rows/s,0.1318359375,10000,"{'schema': 'narrow', 'nrows': 10000, 'ncols': 4, 'variable': False, 'compressed': False, 'profile': 'base'}",False,2,1.299809673229511,29.980967322951102
exhaustive_cuda_20261007_203924,fitstable,fitstable_io,narrow_10000::predicate_filter_selective,narrow_10000 [predicate_filter_selective],predicate_filter_selective,specialized,torchfits,torchfits_specialized,specialized,OK,,True,off,torchfits-gpu-exhaustive-cuda-20261007-203924,0.0003121625632047653,776.21875,0.0,32034590.878985148,rows/s,0.1318359375,10000,"{'schema': 'narrow', 'nrows': 10000, 'ncols': 4, 'variable': False, 'compressed': False, 'profile': 'base'}",True,1,1.0,0.0
exhaustive_cuda_20261007_203924,fitstable,fitstable_io,narrow_10000::predicate_filter_selective,narrow_10000 [predicate_filter_selective],predicate_filter_selective,specialized,astropy,astropy,specialized,OK,,True,off,torchfits-gpu-exhaustive-cuda-20261007-203924,0.0018098000437021255,776.21875,0.0,5525472.294466304,rows/s,0.1318359375,10000,"{'schema': 'narrow', 'nrows': 10000, 'ncols': 4, 'variable': False, 'compressed': False, 'profile': 'base'}",False,3,5.797620397276703,479.76203972767036
exhaustive_cuda_20261007_203924,fitstable,fitstable_io,narrow_10000::predicate_filter_selective,narrow_10000 [predicate_filter_selective],predicate_filter_selective,specialized,fitsio,fitsio,specialized,OK,,True,off,torchfits-gpu-exhaustive-cuda-20261007-203924,0.00039221905171871185,776.21875,0.0,25495956.803168528,rows/s,0.1318359375,10000,"{'schema': 'narrow', 'nrows': 10000, 'ncols': 4, 'variable': False, 'compressed': False, 'profile': 'base'}",False,2,1.2564576856752452,25.64576856752452
exhaustive_cuda_20261007_203924,fitstable,fitstable_io,narrow_10000::scan_count,narrow_10000 [scan_count],scan_count,smart,torchfits,torchfits,smart,OK,,True,off,torchfits-gpu-exhaustive-cuda-20261007-203924,2.1846964955329895e-05,776.21875,0.0,457729484.1845,rows/s,0.1318359375,10000,"{'schema': 'narrow', 'nrows': 10000, 'ncols': 4, 'variable': False, 'compressed': False, 'profile': 'base'}",True,1,1.0,0.0
exhaustive_cuda_20261007_203924,fitstable,fitstable_io,narrow_10000::scan_count,narrow_10000 [scan_count],scan_count,smart,astropy,astropy_torch,smart,OK,,True,off,torchfits-gpu-exhaustive-cuda-20261007-203924,0.0006017293781042099,776.21875,0.0,16618766.448641237,rows/s,0.1318359375,10000,"{'schema': 'narrow', 'nrows': 10000, 'ncols': 4, 'variable': False, 'compressed': False, 'profile': 'base'}",False,3,27.542927785829995,2654.2927785829997
exhaustive_cuda_20261007_203924,fitstable,fitstable_io,narrow_10000::scan_count,narrow_10000 [scan_count],scan_count,smart,fitsio,fitsio_torch,smart,OK,,True,off,torchfits-gpu-exhaustive-cuda-20261007-203924,9.626895189285278e-05,776.21875,0.0,103875650.49144803,rows/s,0.1318359375,10000,"{'schema': 'narrow', 'nrows': 10000, 'ncols': 4, 'variable': False, 'compressed': False, 'profile': 'base'}",False,2,4.406513769289795,340.6513769289795
exhaustive_cuda_20261007_203924,fitstable,fitstable_io,narrow_10000::scan_count,narrow_10000 [scan_count],scan_count,specialized,torchfits,torchfits_specialized,specialized,OK,,True,off,torchfits-gpu-exhaustive-cuda-20261007-203924,2.2875145077705383e-05,776.21875,0.0,437155697.418777,rows/s,0.1318359375,10000,"{'schema': 'narrow', 'nrows': 10000, 'ncols': 4, 'variable': False, 'compressed': False, 'profile': 'base'}",True,1,1.0,0.0
exhaustive_cuda_20261007_203924,fitstable,fitstable_io,narrow_10000::scan_count,narrow_10000 [scan_count],scan_count,specialized,astropy,astropy,specialized,OK,,True,off,torchfits-gpu-exhaustive-cuda-20261007-203924,0.000606069341301918,776.21875,0.0,16499762.186482923,rows/s,0.1318359375,10000,"{'schema': 'narrow', 'nrows': 10000, 'ncols': 4, 'variable': False, 'compressed': False, 'profile': 'base'}",False,3,26.494666558097876,2549.4666558097874
exhaustive_cuda_20261007_203924,fitstable,fitstable_io,narrow_10000::scan_count,narrow_10000 [scan_count],scan_count,specialized,fitsio,fitsio,specialized,OK,,True,off,torchfits-gpu-exhaustive-cuda-20261007-203924,0.00010066293179988861,776.21875,0.0,99341434.04326184,rows/s,0.1318359375,10000,"{'schema': 'narrow', 'nrows': 10000, 'ncols': 4, 'variable': False, 'compressed': False, 'profile': 'base'}",False,2,4.400537415519909,340.0537415519909
exhaustive_cuda_20261007_203924,fitstable,fitstable_io,mixed_10000::read_full,mixed_10000 [read_full],read_full,smart,torchfits,torchfits,smart,OK,,True,off,torchfits-gpu-exhaustive-cuda-20261007-203924,0.0003443509340286255,779.40234375,0.0,29040141.936042234,rows/s,0.51361083984375,10000,"{'schema': 'mixed', 'nrows': 10000, 'ncols': 8, 'variable': False, 'compressed': False, 'profile': 'base'}",True,1,1.0,0.0
exhaustive_cuda_20261007_203924,fitstable,fitstable_io,mixed_10000::read_full,mixed_10000 [read_full],read_full,smart,astropy,astropy_torch,smart,OK,,True,off,torchfits-gpu-exhaustive-cuda-20261007-203924,0.01045956276357174,779.40234375,0.0,956062.9087506132,rows/s,0.51361083984375,10000,"{'schema': 'mixed', 'nrows': 10000, 'ncols': 8, 'variable': False, 'compressed': False, 'profile': 'base'}",False,3,30.374718724306547,2937.471872430655
exhaustive_cuda_20261007_203924,fitstable,fitstable_io,mixed_10000::read_full,mixed_10000 [read_full],read_full,smart,fitsio,fitsio_torch,smart,OK,,True,off,torchfits-gpu-exhaustive-cuda-20261007-203924,0.005599411204457283,779.40234375,0.0,1785902.0591378838,rows/s,0.51361083984375,10000,"{'schema': 'mixed', 'nrows': 10000, 'ncols': 8, 'variable': False, 'compressed': False, 'profile': 'base'}",False,2,16.26076961357047,1526.0769613570471
exhaustive_cuda_20261007_203924,fitstable,fitstable_io,mixed_10000::read_full,mixed_10000 [read_full],read_full,specialized,torchfits,torchfits_specialized,specialized,OK,,True,off,torchfits-gpu-exhaustive-cuda-20261007-203924,0.0003216750919818878,779.75390625,0.0,31087268.64236992,rows/s,0.51361083984375,10000,"{'schema': 'mixed', 'nrows': 10000, 'ncols': 8, 'variable': False, 'compressed': False, 'profile': 'base'}",True,1,1.0,0.0
exhaustive_cuda_20261007_203924,fitstable,fitstable_io,mixed_10000::read_full,mixed_10000 [read_full],read_full,specialized,astropy,astropy,specialized,OK,,True,off,torchfits-gpu-exhaustive-cuda-20261007-203924,0.006069757044315338,779.75390625,0.0,1647512.4007418964,rows/s,0.51361083984375,10000,"{'schema': 'mixed', 'nrows': 10000, 'ncols': 8, 'variable': False, 'compressed': False, 'profile': 'base'}",False,3,18.869216783054814,1786.9216783054815
exhaustive_cuda_20261007_203924,fitstable,fitstable_io,mixed_10000::read_full,mixed_10000 [read_full],read_full,specialized,fitsio,fitsio,specialized,OK,,True,off,torchfits-gpu-exhaustive-cuda-20261007-203924,0.0014718901365995407,779.75390625,0.0,6793985.333105547,rows/s,0.51361083984375,10000,"{'schema': 'mixed', 'nrows': 10000, 'ncols': 8, 'variable': False, 'compressed': False, 'profile': 'base'}",False,2,4.575704408852448,357.5704408852448
exhaustive_cuda_20261007_203924,fitstable,fitstable_io,mixed_10000::projection,mixed_10000 [projection],projection,smart,torchfits,torchfits,smart,OK,,True,off,torchfits-gpu-exhaustive-cuda-20261007-203924,0.0002479478716850281,779.75390625,0.0,40331058.02458007,rows/s,0.51361083984375,10000,"{'schema': 'mixed', 'nrows': 10000, 'ncols': 8, 'variable': False, 'compressed': False, 'profile': 'base'}",True,1,1.0,0.0
exhaustive_cuda_20261007_203924,fitstable,fitstable_io,mixed_10000::projection,mixed_10000 [projection],projection,smart,astropy,astropy_torch,smart,OK,,True,off,torchfits-gpu-exhaustive-cuda-20261007-203924,0.002627423033118248,779.75390625,0.0,3806010.632453014,rows/s,0.51361083984375,10000,"{'schema': 'mixed', 'nrows': 10000, 'ncols': 8, 'variable': False, 'compressed': False, 'profile': 'base'}",False,3,10.59667508038102,959.667508038102
exhaustive_cuda_20261007_203924,fitstable,fitstable_io,mixed_10000::projection,mixed_10000 [projection],projection,smart,fitsio,fitsio_torch,smart,OK,,True,off,torchfits-gpu-exhaustive-cuda-20261007-203924,0.0007080677896738052,779.75390625,0.0,14122941.540112747,rows/s,0.51361083984375,10000,"{'schema': 'mixed', 'nrows': 10000, 'ncols': 8, 'variable': False, 'compressed': False, 'profile': 'base'}",False,2,2.8557123110670393,185.57123110670392
exhaustive_cuda_20261007_203924,fitstable,fitstable_io,mixed_10000::projection,mixed_10000 [projection],projection,specialized,torchfits,torchfits_specialized,specialized,OK,,True,off,torchfits-gpu-exhaustive-cuda-20261007-203924,0.00021661631762981415,779.75390625,0.0,46164573.885377705,rows/s,0.51361083984375,10000,"{'schema': 'mixed', 'nrows': 10000, 'ncols': 8, 'variable': False, 'compressed': False, 'profile': 'base'}",True,1,1.0,0.0
exhaustive_cuda_20261007_203924,fitstable,fitstable_io,mixed_10000::projection,mixed_10000 [projection],projection,specialized,astropy,astropy,specialized,OK,,True,off,torchfits-gpu-exhaustive-cuda-20261007-203924,0.0025978758931159973,779.75390625,0.0,3849298.585239804,rows/s,0.51361083984375,10000,"{'schema': 'mixed', 'nrows': 10000, 'ncols': 8, 'variable': False, 'compressed': False, 'profile': 'base'}",False,3,11.992983361279505,1099.2983361279505
exhaustive_cuda_20261007_203924,fitstable,fitstable_io,mixed_10000::projection,mixed_10000 [projection],projection,specialized,fitsio,fitsio,specialized,OK,,True,off,torchfits-gpu-exhaustive-cuda-20261007-203924,0.0007040612399578094,779.75390625,0.0,14203309.928834096,rows/s,0.51361083984375,10000,"{'schema': 'mixed', 'nrows': 10000, 'ncols': 8, 'variable': False, 'compressed': False, 'profile': 'base'}",False,2,3.2502687131862933,225.02687131862933
exhaustive_cuda_20261007_203924,fitstable,fitstable_io,mixed_10000::row_slice,mixed_10000 [row_slice],row_slice,smart,torchfits,torchfits,smart,OK,,True,off,torchfits-gpu-exhaustive-cuda-20261007-203924,0.00018233619630336761,779.75390625,0.0,54843745.79889878,rows/s,0.51361083984375,10000,"{'schema': 'mixed', 'nrows': 10000, 'ncols': 8, 'variable': False, 'compressed': False, 'profile': 'base'}",True,1,1.0,0.0
exhaustive_cuda_20261007_203924,fitstable,fitstable_io,mixed_10000::row_slice,mixed_10000 [row_slice],row_slice,smart,astropy,astropy_torch,smart,OK,,True,off,torchfits-gpu-exhaustive-cuda-20261007-203924,0.00450701080262661,779.75390625,0.0,2218765.4829165637,rows/s,0.51361083984375,10000,"{'schema': 'mixed', 'nrows': 10000, 'ncols': 8, 'variable': False, 'compressed': False, 'profile': 'base'}",False,3,24.718135477214453,2371.8135477214455
exhaustive_cuda_20261007_203924,fitstable,fitstable_io,mixed_10000::row_slice,mixed_10000 [row_slice],row_slice,smart,fitsio,fitsio_torch,smart,OK,,True,off,torchfits-gpu-exhaustive-cuda-20261007-203924,0.0009345207363367081,779.75390625,0.0,10700672.131899059,rows/s,0.51361083984375,10000,"{'schema': 'mixed', 'nrows': 10000, 'ncols': 8, 'variable': False, 'compressed': False, 'profile': 'base'}",False,2,5.125261770745012,412.52617707450116
exhaustive_cuda_20261007_203924,fitstable,fitstable_io,mixed_10000::row_slice,mixed_10000 [row_slice],row_slice,specialized,torchfits,torchfits_specialized,specialized,OK,,True,off,torchfits-gpu-exhaustive-cuda-20261007-203924,0.00014114566147327423,779.75390625,0.0,70848794.75302532,rows/s,0.51361083984375,10000,"{'schema': 'mixed', 'nrows': 10000, 'ncols': 8, 'variable': False, 'compressed': False, 'profile': 'base'}",True,1,1.0,0.0
exhaustive_cuda_20261007_203924,fitstable,fitstable_io,mixed_10000::row_slice,mixed_10000 [row_slice],row_slice,specialized,astropy,astropy,specialized,OK,,True,off,torchfits-gpu-exhaustive-cuda-20261007-203924,0.00402398407459259,779.75390625,0.0,2485099.298265104,rows/s,0.51361083984375,10000,"{'schema': 'mixed', 'nrows': 10000, 'ncols': 8, 'variable': False, 'compressed': False, 'profile': 'base'}",False,3,28.5094421790253,2750.94421790253
exhaustive_cuda_20261007_203924,fitstable,fitstable_io,mixed_10000::row_slice,mixed_10000 [row_slice],row_slice,specialized,fitsio,fitsio,specialized,OK,,True,off,torchfits-gpu-exhaustive-cuda-20261007-203924,0.00042601488530635834,779.75390625,0.0,23473358.196882583,rows/s,0.51361083984375,10000,"{'schema': 'mixed', 'nrows': 10000, 'ncols': 8, 'variable': False, 'compressed': False, 'profile': 'base'}",False,2,3.018264117080381,201.82641170803808
exhaustive_cuda_20261007_203924,fitstable,fitstable_io,mixed_10000::predicate_filter,mixed_10000 [predicate_filter],predicate_filter,smart,torchfits,torchfits,smart,OK,,True,off,torchfits-gpu-exhaustive-cuda-20261007-203924,0.00042479485273361206,779.75390625,0.0,23540774.883802507,rows/s,0.51361083984375,10000,"{'schema': 'mixed', 'nrows': 10000, 'ncols': 8, 'variable': False, 'compressed': False, 'profile': 'base'}",True,1,1.0,0.0
exhaustive_cuda_20261007_203924,fitstable,fitstable_io,mixed_10000::predicate_filter,mixed_10000 [predicate_filter],predicate_filter,smart,astropy,astropy_torch,smart,FAILED,,False,off,torchfits-gpu-exhaustive-cuda-20261007-203924,,,,,rows/s,0.51361083984375,10000,"{'schema': 'mixed', 'nrows': 10000, 'ncols': 8, 'variable': False, 'compressed': False, 'profile': 'base'}",False,,,
exhaustive_cuda_20261007_203924,fitstable,fitstable_io,mixed_10000::predicate_filter,mixed_10000 [predicate_filter],predicate_filter,smart,fitsio,fitsio_torch,smart,OK,,True,off,torchfits-gpu-exhaustive-cuda-20261007-203924,0.0005521532148122787,779.75390625,0.0,18110915.107865132,rows/s,0.51361083984375,10000,"{'schema': 'mixed', 'nrows': 10000, 'ncols': 8, 'variable': False, 'compressed': False, 'profile': 'base'}",False,2,1.2998114531263703,29.981145312637025
exhaustive_cuda_20261007_203924,fitstable,fitstable_io,mixed_10000::predicate_filter,mixed_10000 [predicate_filter],predicate_filter,specialized,torchfits,torchfits_specialized,specialized,OK,,True,off,torchfits-gpu-exhaustive-cuda-20261007-203924,0.0004600025713443756,779.75390625,0.0,21739008.916351505,rows/s,0.51361083984375,10000,"{'schema': 'mixed', 'nrows': 10000, 'ncols': 8, 'variable': False, 'compressed': False, 'profile': 'base'}",True,1,1.0,0.0
exhaustive_cuda_20261007_203924,fitstable,fitstable_io,mixed_10000::predicate_filter,mixed_10000 [predicate_filter],predicate_filter,specialized,astropy,astropy,specialized,OK,,True,off,torchfits-gpu-exhaustive-cuda-20261007-203924,0.002679184079170227,779.75390625,0.0,3732479.6298047244,rows/s,0.51361083984375,10000,"{'schema': 'mixed', 'nrows': 10000, 'ncols': 8, 'variable': False, 'compressed': False, 'profile': 'base'}",False,3,5.824280658562856,482.42806585628557
exhaustive_cuda_20261007_203924,fitstable,fitstable_io,mixed_10000::predicate_filter,mixed_10000 [predicate_filter],predicate_filter,specialized,fitsio,fitsio,specialized,OK,,True,off,torchfits-gpu-exhaustive-cuda-20261007-203924,0.0005564596503973007,779.75390625,0.0,17970754.919714674,rows/s,0.51361083984375,10000,"{'schema': 'mixed', 'nrows': 10000, 'ncols': 8, 'variable': False, 'compressed': False, 'profile': 'base'}",False,2,1.209688130157676,20.96881301576761
exhaustive_cuda_20261007_203924,fitstable,fitstable_io,mixed_10000::predicate_filter_selective,mixed_10000 [predicate_filter_selective],predicate_filter_selective,smart,torchfits,torchfits,smart,OK,,True,off,torchfits-gpu-exhaustive-cuda-20261007-203924,0.0004035104066133499,779.75390625,0.0,24782508.29744314,rows/s,0.51361083984375,10000,"{'schema': 'mixed', 'nrows': 10000, 'ncols': 8, 'variable': False, 'compressed': False, 'profile': 'base'}",True,1,1.0,0.0
exhaustive_cuda_20261007_203924,fitstable,fitstable_io,mixed_10000::predicate_filter_selective,mixed_10000 [predicate_filter_selective],predicate_filter_selective,smart,astropy,astropy_torch,smart,FAILED,,False,off,torchfits-gpu-exhaustive-cuda-20261007-203924,,,,,rows/s,0.51361083984375,10000,"{'schema': 'mixed', 'nrows': 10000, 'ncols': 8, 'variable': False, 'compressed': False, 'profile': 'base'}",False,,,
exhaustive_cuda_20261007_203924,fitstable,fitstable_io,mixed_10000::predicate_filter_selective,mixed_10000 [predicate_filter_selective],predicate_filter_selective,smart,fitsio,fitsio_torch,smart,OK,,True,off,torchfits-gpu-exhaustive-cuda-20261007-203924,0.0004685390740633011,779.75390625,0.0,21342937.12854559,rows/s,0.51361083984375,10000,"{'schema': 'mixed', 'nrows': 10000, 'ncols': 8, 'variable': False, 'compressed': False, 'profile': 'base'}",False,2,1.1611573490650087,16.11573490650087
exhaustive_cuda_20261007_203924,fitstable,fitstable_io,mixed_10000::predicate_filter_selective,mixed_10000 [predicate_filter_selective],predicate_filter_selective,specialized,torchfits,torchfits_specialized,specialized,OK,,True,off,torchfits-gpu-exhaustive-cuda-20261007-203924,0.0004405491054058075,779.75390625,0.0,22698945.196560092,rows/s,0.51361083984375,10000,"{'schema': 'mixed', 'nrows': 10000, 'ncols': 8, 'variable': False, 'compressed': False, 'profile': 'base'}",True,1,1.0,0.0
exhaustive_cuda_20261007_203924,fitstable,fitstable_io,mixed_10000::predicate_filter_selective,mixed_10000 [predicate_filter_selective],predicate_filter_selective,specialized,astropy,astropy,specialized,OK,,True,off,torchfits-gpu-exhaustive-cuda-20261007-203924,0.0026123449206352234,779.75390625,0.0,3827978.4269714192,rows/s,0.51361083984375,10000,"{'schema': 'mixed', 'nrows': 10000, 'ncols': 8, 'variable': False, 'compressed': False, 'profile': 'base'}",False,3,5.929747418801106,492.97474188011057
exhaustive_cuda_20261007_203924,fitstable,fitstable_io,mixed_10000::predicate_filter_selective,mixed_10000 [predicate_filter_selective],predicate_filter_selective,specialized,fitsio,fitsio,specialized,OK,,True,off,torchfits-gpu-exhaustive-cuda-20261007-203924,0.0004848334938287735,779.75390625,0.0,20625637.723642204,rows/s,0.51361083984375,10000,"{'schema': 'mixed', 'nrows': 10000, 'ncols': 8, 'variable': False, 'compressed': False, 'profile': 'base'}",False,2,1.1005208905876085,10.05208905876085
exhaustive_cuda_20261007_203924,fitstable,fitstable_io,mixed_10000::scan_count,mixed_10000 [scan_count],scan_count,smart,torchfits,torchfits,smart,OK,,True,off,torchfits-gpu-exhaustive-cuda-20261007-203924,2.2819265723228455e-05,779.75390625,0.0,438226195.41261935,rows/s,0.51361083984375,10000,"{'schema': 'mixed', 'nrows': 10000, 'ncols': 8, 'variable': False, 'compressed': False, 'profile': 'base'}",True,1,1.0,0.0
exhaustive_cuda_20261007_203924,fitstable,fitstable_io,mixed_10000::scan_count,mixed_10000 [scan_count],scan_count,smart,astropy,astropy_torch,smart,OK,,True,off,torchfits-gpu-exhaustive-cuda-20261007-203924,0.0006255265325307846,779.75390625,0.0,15986532.113260698,rows/s,0.51361083984375,10000,"{'schema': 'mixed', 'nrows': 10000, 'ncols': 8, 'variable': False, 'compressed': False, 'profile': 'base'}",False,3,27.412211248061382,2641.221124806138
exhaustive_cuda_20261007_203924,fitstable,fitstable_io,mixed_10000::scan_count,mixed_10000 [scan_count],scan_count,smart,fitsio,fitsio_torch,smart,OK,,True,off,torchfits-gpu-exhaustive-cuda-20261007-203924,0.00011518597602844238,779.75390625,0.0,86816124.19146183,rows/s,0.51361083984375,10000,"{'schema': 'mixed', 'nrows': 10000, 'ncols': 8, 'variable': False, 'compressed': False, 'profile': 'base'}",False,2,5.047751203983348,404.7751203983348
exhaustive_cuda_20261007_203924,fitstable,fitstable_io,mixed_10000::scan_count,mixed_10000 [scan_count],scan_count,specialized,torchfits,torchfits_specialized,specialized,OK,,True,off,torchfits-gpu-exhaustive-cuda-20261007-203924,2.34898179769516e-05,779.75390625,0.0,425716368.2499405,rows/s,0.51361083984375,10000,"{'schema': 'mixed', 'nrows': 10000, 'ncols': 8, 'variable': False, 'compressed': False, 'profile': 'base'}",True,1,1.0,0.0
exhaustive_cuda_20261007_203924,fitstable,fitstable_io,mixed_10000::scan_count,mixed_10000 [scan_count],scan_count,specialized,astropy,astropy,specialized,OK,,True,off,torchfits-gpu-exhaustive-cuda-20261007-203924,0.0006295312196016312,779.75390625,0.0,15884835.713672824,rows/s,0.51361083984375,10000,"{'schema': 'mixed', 'nrows': 10000, 'ncols': 8, 'variable': False, 'compressed': False, 'profile': 'base'}",False,3,26.80017445087622,2580.017445087622
exhaustive_cuda_20261007_203924,fitstable,fitstable_io,mixed_10000::scan_count,mixed_10000 [scan_count],scan_count,specialized,fitsio,fitsio,specialized,OK,,True,off,torchfits-gpu-exhaustive-cuda-20261007-203924,0.00011863373219966888,779.75390625,0.0,84293057.41784553,rows/s,0.51361083984375,10000,"{'schema': 'mixed', 'nrows': 10000, 'ncols': 8, 'variable': False, 'compressed': False, 'profile': 'base'}",False,2,5.0504321623979065,405.04321623979064
exhaustive_cuda_20261007_203924,fitstable,fitstable_io,wide_10000::read_full,wide_10000 [read_full],read_full,smart,torchfits,torchfits,smart,OK,,True,off,torchfits-gpu-exhaustive-cuda-20261007-203924,0.001684742048382759,787.5,0.0,5935626.768263627,rows/s,2.0819091796875,10000,"{'schema': 'wide', 'nrows': 10000, 'ncols': 41, 'variable': False, 'compressed': False, 'profile': 'base'}",True,1,1.0,0.0
exhaustive_cuda_20261007_203924,fitstable,fitstable_io,wide_10000::read_full,wide_10000 [read_full],read_full,smart,astropy,astropy_torch,smart,OK,,True,off,torchfits-gpu-exhaustive-cuda-20261007-203924,0.03954891301691532,787.5078125,0.0,252851.44994308532,rows/s,2.0819091796875,10000,"{'schema': 'wide', 'nrows': 10000, 'ncols': 41, 'variable': False, 'compressed': False, 'profile': 'base'}",False,3,23.474758675893238,2247.4758675893236
exhaustive_cuda_20261007_203924,fitstable,fitstable_io,wide_10000::read_full,wide_10000 [read_full],read_full,smart,fitsio,fitsio_torch,smart,OK,,True,off,torchfits-gpu-exhaustive-cuda-20261007-203924,0.021942302584648132,787.5078125,0.0,455740.6845258105,rows/s,2.0819091796875,10000,"{'schema': 'wide', 'nrows': 10000, 'ncols': 41, 'variable': False, 'compressed': False, 'profile': 'base'}",False,2,13.024131857877762,1202.4131857877762
exhaustive_cuda_20261007_203924,fitstable,fitstable_io,wide_10000::read_full,wide_10000 [read_full],read_full,specialized,torchfits,torchfits_specialized,specialized,OK,,True,off,torchfits-gpu-exhaustive-cuda-20261007-203924,0.0013786423951387405,790.42578125,0.0,7253512.61158166,rows/s,2.0819091796875,10000,"{'schema': 'wide', 'nrows': 10000, 'ncols': 41, 'variable': False, 'compressed': False, 'profile': 'base'}",True,1,1.0,0.0
exhaustive_cuda_20261007_203924,fitstable,fitstable_io,wide_10000::read_full,wide_10000 [read_full],read_full,specialized,astropy,astropy,specialized,OK,,True,off,torchfits-gpu-exhaustive-cuda-20261007-203924,0.02254282310605049,790.44140625,0.0,443600.16280818003,rows/s,2.0819091796875,10000,"{'schema': 'wide', 'nrows': 10000, 'ncols': 41, 'variable': False, 'compressed': False, 'profile': 'base'}",False,3,16.351465170039166,1535.1465170039166
exhaustive_cuda_20261007_203924,fitstable,fitstable_io,wide_10000::read_full,wide_10000 [read_full],read_full,specialized,fitsio,fitsio,specialized,OK,,True,off,torchfits-gpu-exhaustive-cuda-20261007-203924,0.005380842834711075,790.4375,0.0,1858444.9141482778,rows/s,2.0819091796875,10000,"{'schema': 'wide', 'nrows': 10000, 'ncols': 41, 'variable': False, 'compressed': False, 'profile': 'base'}",False,2,3.9030011362515586,290.30011362515586
exhaustive_cuda_20261007_203924,fitstable,fitstable_io,wide_10000::projection,wide_10000 [projection],projection,smart,torchfits,torchfits,smart,OK,,True,off,torchfits-gpu-exhaustive-cuda-20261007-203924,0.00040950626134872437,790.4375,0.0,24419651.037970997,rows/s,2.0819091796875,10000,"{'schema': 'wide', 'nrows': 10000, 'ncols': 41, 'variable': False, 'compressed': False, 'profile': 'base'}",True,1,1.0,0.0
exhaustive_cuda_20261007_203924,fitstable,fitstable_io,wide_10000::projection,wide_10000 [projection],projection,smart,astropy,astropy_torch,smart,OK,,True,off,torchfits-gpu-exhaustive-cuda-20261007-203924,0.008188124746084213,790.4375,0.0,1221280.8561303704,rows/s,2.0819091796875,10000,"{'schema': 'wide', 'nrows': 10000, 'ncols': 41, 'variable': False, 'compressed': False, 'profile': 'base'}",False,3,19.995114895475137,1899.5114895475137
exhaustive_cuda_20261007_203924,fitstable,fitstable_io,wide_10000::projection,wide_10000 [projection],projection,smart,fitsio,fitsio_torch,smart,OK,,True,off,torchfits-gpu-exhaustive-cuda-20261007-203924,0.0012175403535366058,790.4375,0.0,8213280.135605251,rows/s,2.0819091796875,10000,"{'schema': 'wide', 'nrows': 10000, 'ncols': 41, 'variable': False, 'compressed': False, 'profile': 'base'}",False,2,2.973191055801175,197.3191055801175
exhaustive_cuda_20261007_203924,fitstable,fitstable_io,wide_10000::projection,wide_10000 [projection],projection,specialized,torchfits,torchfits_specialized,specialized,OK,,True,off,torchfits-gpu-exhaustive-cuda-20261007-203924,0.0004456769675016403,790.4375,0.0,22437776.078170776,rows/s,2.0819091796875,10000,"{'schema': 'wide', 'nrows': 10000, 'ncols': 41, 'variable': False, 'compressed': False, 'profile': 'base'}",True,1,1.0,0.0
exhaustive_cuda_20261007_203924,fitstable,fitstable_io,wide_10000::projection,wide_10000 [projection],projection,specialized,astropy,astropy,specialized,OK,,True,off,torchfits-gpu-exhaustive-cuda-20261007-203924,0.008179645985364914,790.4375,0.0,1222546.7969997819,rows/s,2.0819091796875,10000,"{'schema': 'wide', 'nrows': 10000, 'ncols': 41, 'variable': False, 'compressed': False, 'profile': 'base'}",False,3,18.35330650183265,1735.330650183265
exhaustive_cuda_20261007_203924,fitstable,fitstable_io,wide_10000::projection,wide_10000 [projection],projection,specialized,fitsio,fitsio,specialized,OK,,True,off,torchfits-gpu-exhaustive-cuda-20261007-203924,0.0011976677924394608,790.4375,0.0,8349560.757271075,rows/s,2.0819091796875,10000,"{'schema': 'wide', 'nrows': 10000, 'ncols': 41, 'variable': False, 'compressed': False, 'profile': 'base'}",False,2,2.6873001742793736,168.73001742793736
exhaustive_cuda_20261007_203924,fitstable,fitstable_io,wide_10000::row_slice,wide_10000 [row_slice],row_slice,smart,torchfits,torchfits,smart,OK,,True,off,torchfits-gpu-exhaustive-cuda-20261007-203924,0.0002938695251941681,790.4375,0.0,34028707.10527984,rows/s,2.0819091796875,10000,"{'schema': 'wide', 'nrows': 10000, 'ncols': 41, 'variable': False, 'compressed': False, 'profile': 'base'}",True,1,1.0,0.0
exhaustive_cuda_20261007_203924,fitstable,fitstable_io,wide_10000::row_slice,wide_10000 [row_slice],row_slice,smart,astropy,astropy_torch,smart,OK,,True,off,torchfits-gpu-exhaustive-cuda-20261007-203924,0.016591733321547508,790.44140625,0.0,602709.7836133315,rows/s,2.0819091796875,10000,"{'schema': 'wide', 'nrows': 10000, 'ncols': 41, 'variable': False, 'compressed': False, 'profile': 'base'}",False,3,56.45952335678519,5545.952335678519
exhaustive_cuda_20261007_203924,fitstable,fitstable_io,wide_10000::row_slice,wide_10000 [row_slice],row_slice,smart,fitsio,fitsio_torch,smart,OK,,True,off,torchfits-gpu-exhaustive-cuda-20261007-203924,0.0029896311461925507,790.4375,0.0,3344894.2397912582,rows/s,2.0819091796875,10000,"{'schema': 'wide', 'nrows': 10000, 'ncols': 41, 'variable': False, 'compressed': False, 'profile': 'base'}",False,2,10.173328262660835,917.3328262660835
exhaustive_cuda_20261007_203924,fitstable,fitstable_io,wide_10000::row_slice,wide_10000 [row_slice],row_slice,specialized,torchfits,torchfits_specialized,specialized,OK,,True,off,torchfits-gpu-exhaustive-cuda-20261007-203924,0.0003204476088285446,790.4375,0.0,31206349.258017078,rows/s,2.0819091796875,10000,"{'schema': 'wide', 'nrows': 10000, 'ncols': 41, 'variable': False, 'compressed': False, 'profile': 'base'}",True,1,1.0,0.0
exhaustive_cuda_20261007_203924,fitstable,fitstable_io,wide_10000::row_slice,wide_10000 [row_slice],row_slice,specialized,astropy,astropy,specialized,OK,,True,off,torchfits-gpu-exhaustive-cuda-20261007-203924,0.014646507799625397,790.44140625,0.0,682756.609070714,rows/s,2.0819091796875,10000,"{'schema': 'wide', 'nrows': 10000, 'ncols': 41, 'variable': False, 'compressed': False, 'profile': 'base'}",False,3,45.70640378053813,4470.640378053813
exhaustive_cuda_20261007_203924,fitstable,fitstable_io,wide_10000::row_slice,wide_10000 [row_slice],row_slice,specialized,fitsio,fitsio,specialized,OK,,True,off,torchfits-gpu-exhaustive-cuda-20261007-203924,0.0012282729148864746,790.4375,0.0,8141513.078080264,rows/s,2.0819091796875,10000,"{'schema': 'wide', 'nrows': 10000, 'ncols': 41, 'variable': False, 'compressed': False, 'profile': 'base'}",False,2,3.832991356611001,283.2991356611001
exhaustive_cuda_20261007_203924,fitstable,fitstable_io,wide_10000::predicate_filter,wide_10000 [predicate_filter],predicate_filter,smart,torchfits,torchfits,smart,OK,,True,off,torchfits-gpu-exhaustive-cuda-20261007-203924,0.001271745190024376,790.4375,0.0,7863210.39657978,rows/s,2.0819091796875,10000,"{'schema': 'wide', 'nrows': 10000, 'ncols': 41, 'variable': False, 'compressed': False, 'profile': 'base'}",True,1,1.0,0.0
exhaustive_cuda_20261007_203924,fitstable,fitstable_io,wide_10000::predicate_filter,wide_10000 [predicate_filter],predicate_filter,smart,astropy,astropy_torch,smart,FAILED,,False,off,torchfits-gpu-exhaustive-cuda-20261007-203924,,,,,rows/s,2.0819091796875,10000,"{'schema': 'wide', 'nrows': 10000, 'ncols': 41, 'variable': False, 'compressed': False, 'profile': 'base'}",False,,,
exhaustive_cuda_20261007_203924,fitstable,fitstable_io,wide_10000::predicate_filter,wide_10000 [predicate_filter],predicate_filter,smart,fitsio,fitsio_torch,smart,OK,,True,off,torchfits-gpu-exhaustive-cuda-20261007-203924,0.0014355853199958801,790.4375,0.0,6965799.845340226,rows/s,2.0819091796875,10000,"{'schema': 'wide', 'nrows': 10000, 'ncols': 41, 'variable': False, 'compressed': False, 'profile': 'base'}",False,2,1.1288309413368913,12.883094133689132
exhaustive_cuda_20261007_203924,fitstable,fitstable_io,wide_10000::predicate_filter,wide_10000 [predicate_filter],predicate_filter,specialized,torchfits,torchfits_specialized,specialized,OK,,True,off,torchfits-gpu-exhaustive-cuda-20261007-203924,0.0011394936591386795,790.4375,0.0,8775827.68434078,rows/s,2.0819091796875,10000,"{'schema': 'wide', 'nrows': 10000, 'ncols': 41, 'variable': False, 'compressed': False, 'profile': 'base'}",True,1,1.0,0.0
exhaustive_cuda_20261007_203924,fitstable,fitstable_io,wide_10000::predicate_filter,wide_10000 [predicate_filter],predicate_filter,specialized,astropy,astropy,specialized,OK,,True,off,torchfits-gpu-exhaustive-cuda-20261007-203924,0.010171111673116684,790.44140625,0.0,983176.6990063682,rows/s,2.0819091796875,10000,"{'schema': 'wide', 'nrows': 10000, 'ncols': 41, 'variable': False, 'compressed': False, 'profile': 'base'}",False,3,8.925992340145907,792.5992340145907
exhaustive_cuda_20261007_203924,fitstable,fitstable_io,wide_10000::predicate_filter,wide_10000 [predicate_filter],predicate_filter,specialized,fitsio,fitsio,specialized,OK,,True,off,torchfits-gpu-exhaustive-cuda-20261007-203924,0.0012152958661317825,790.4375,0.0,8228448.955256822,rows/s,2.0819091796875,10000,"{'schema': 'wide', 'nrows': 10000, 'ncols': 41, 'variable': False, 'compressed': False, 'profile': 'base'}",False,2,1.0665227106664203,6.652271066642035
exhaustive_cuda_20261007_203924,fitstable,fitstable_io,wide_10000::predicate_filter_selective,wide_10000 [predicate_filter_selective],predicate_filter_selective,smart,torchfits,torchfits,smart,OK,,True,off,torchfits-gpu-exhaustive-cuda-20261007-203924,0.0010339748114347458,790.4375,0.0,9671415.482669232,rows/s,2.0819091796875,10000,"{'schema': 'wide', 'nrows': 10000, 'ncols': 41, 'variable': False, 'compressed': False, 'profile': 'base'}",True,1,1.0,0.0
exhaustive_cuda_20261007_203924,fitstable,fitstable_io,wide_10000::predicate_filter_selective,wide_10000 [predicate_filter_selective],predicate_filter_selective,smart,astropy,astropy_torch,smart,FAILED,,False,off,torchfits-gpu-exhaustive-cuda-20261007-203924,,,,,rows/s,2.0819091796875,10000,"{'schema': 'wide', 'nrows': 10000, 'ncols': 41, 'variable': False, 'compressed': False, 'profile': 'base'}",False,,,
exhaustive_cuda_20261007_203924,fitstable,fitstable_io,wide_10000::predicate_filter_selective,wide_10000 [predicate_filter_selective],predicate_filter_selective,smart,fitsio,fitsio_torch,smart,OK,,True,off,torchfits-gpu-exhaustive-cuda-20261007-203924,0.0011567119508981705,790.4375,0.0,8645194.676371366,rows/s,2.0819091796875,10000,"{'schema': 'wide', 'nrows': 10000, 'ncols': 41, 'variable': False, 'compressed': False, 'profile': 'base'}",False,2,1.11870418709051,11.87041870905099
exhaustive_cuda_20261007_203924,fitstable,fitstable_io,wide_10000::predicate_filter_selective,wide_10000 [predicate_filter_selective],predicate_filter_selective,specialized,torchfits,torchfits_specialized,specialized,OK,,True,off,torchfits-gpu-exhaustive-cuda-20261007-203924,0.0011252164840698242,790.4375,0.0,8887178.726560017,rows/s,2.0819091796875,10000,"{'schema': 'wide', 'nrows': 10000, 'ncols': 41, 'variable': False, 'compressed': False, 'profile': 'base'}",True,1,1.0,0.0
exhaustive_cuda_20261007_203924,fitstable,fitstable_io,wide_10000::predicate_filter_selective,wide_10000 [predicate_filter_selective],predicate_filter_selective,specialized,astropy,astropy,specialized,OK,,True,off,torchfits-gpu-exhaustive-cuda-20261007-203924,0.0102876927703619,790.44140625,0.0,972035.248642852,rows/s,2.0819091796875,10000,"{'schema': 'wide', 'nrows': 10000, 'ncols': 41, 'variable': False, 'compressed': False, 'profile': 'base'}",False,3,9.142856433414556,814.2856433414556
exhaustive_cuda_20261007_203924,fitstable,fitstable_io,wide_10000::predicate_filter_selective,wide_10000 [predicate_filter_selective],predicate_filter_selective,specialized,fitsio,fitsio,specialized,OK,,True,off,torchfits-gpu-exhaustive-cuda-20261007-203924,0.0012521743774414062,790.4375,0.0,7986108.149276466,rows/s,2.0819091796875,10000,"{'schema': 'wide', 'nrows': 10000, 'ncols': 41, 'variable': False, 'compressed': False, 'profile': 'base'}",False,2,1.11282974891408,11.282974891407992
exhaustive_cuda_20261007_203924,fitstable,fitstable_io,wide_10000::scan_count,wide_10000 [scan_count],scan_count,smart,torchfits,torchfits,smart,OK,,True,off,torchfits-gpu-exhaustive-cuda-20261007-203924,3.4650787711143494e-05,790.4375,0.0,288593727.89335054,rows/s,2.0819091796875,10000,"{'schema': 'wide', 'nrows': 10000, 'ncols': 41, 'variable': False, 'compressed': False, 'profile': 'base'}",True,1,1.0,0.0
exhaustive_cuda_20261007_203924,fitstable,fitstable_io,wide_10000::scan_count,wide_10000 [scan_count],scan_count,smart,astropy,astropy_torch,smart,OK,,True,off,torchfits-gpu-exhaustive-cuda-20261007-203924,0.0010401662439107895,790.4375,0.0,9613847.84263164,rows/s,2.0819091796875,10000,"{'schema': 'wide', 'nrows': 10000, 'ncols': 41, 'variable': False, 'compressed': False, 'profile': 'base'}",False,3,30.018545395903885,2901.8545395903884
exhaustive_cuda_20261007_203924,fitstable,fitstable_io,wide_10000::scan_count,wide_10000 [scan_count],scan_count,smart,fitsio,fitsio_torch,smart,OK,,True,off,torchfits-gpu-exhaustive-cuda-20261007-203924,0.0004595611244440079,790.4375,0.0,21759891.05279157,rows/s,2.0819091796875,10000,"{'schema': 'wide', 'nrows': 10000, 'ncols': 41, 'variable': False, 'compressed': False, 'profile': 'base'}",False,2,13.262645809815622,1226.2645809815622
exhaustive_cuda_20261007_203924,fitstable,fitstable_io,wide_10000::scan_count,wide_10000 [scan_count],scan_count,specialized,torchfits,torchfits_specialized,specialized,OK,,True,off,torchfits-gpu-exhaustive-cuda-20261007-203924,3.503262996673584e-05,790.4375,0.0,285448166.7375585,rows/s,2.0819091796875,10000,"{'schema': 'wide', 'nrows': 10000, 'ncols': 41, 'variable': False, 'compressed': False, 'profile': 'base'}",True,1,1.0,0.0
exhaustive_cuda_20261007_203924,fitstable,fitstable_io,wide_10000::scan_count,wide_10000 [scan_count],scan_count,specialized,astropy,astropy,specialized,OK,,True,off,torchfits-gpu-exhaustive-cuda-20261007-203924,0.0010400079190731049,790.4375,0.0,9615311.399659712,rows/s,2.0819091796875,10000,"{'schema': 'wide', 'nrows': 10000, 'ncols': 41, 'variable': False, 'compressed': False, 'profile': 'base'}",False,3,29.686835389196087,2868.6835389196085
exhaustive_cuda_20261007_203924,fitstable,fitstable_io,wide_10000::scan_count,wide_10000 [scan_count],scan_count,specialized,fitsio,fitsio,specialized,OK,,True,off,torchfits-gpu-exhaustive-cuda-20261007-203924,0.0004539173096418381,790.4375,0.0,22030444.284864277,rows/s,2.0819091796875,10000,"{'schema': 'wide', 'nrows': 10000, 'ncols': 41, 'variable': False, 'compressed': False, 'profile': 'base'}",False,2,12.956986388770735,1195.6986388770736
exhaustive_cuda_20261007_203924,fitstable,fitstable_io,narrow_100000::read_full,narrow_100000 [read_full],read_full,smart,torchfits,torchfits,smart,OK,,True,off,torchfits-gpu-exhaustive-cuda-20261007-203924,0.0008357986807823181,790.4375,0.0,119646037.13707557,rows/s,1.2469482421875,100000,"{'schema': 'narrow', 'nrows': 100000, 'ncols': 4, 'variable': False, 'compressed': False, 'profile': 'base'}",False,2,1.1292486875814756,12.924868758147557
exhaustive_cuda_20261007_203924,fitstable,fitstable_io,narrow_100000::read_full,narrow_100000 [read_full],read_full,smart,astropy,astropy_torch,smart,OK,,True,off,torchfits-gpu-exhaustive-cuda-20261007-203924,0.0025679394602775574,790.4375,0.0,38941728.00677764,rows/s,1.2469482421875,100000,"{'schema': 'narrow', 'nrows': 100000, 'ncols': 4, 'variable': False, 'compressed': False, 'profile': 'base'}",False,3,3.469546353665964,246.9546353665964
exhaustive_cuda_20261007_203924,fitstable,fitstable_io,narrow_100000::read_full,narrow_100000 [read_full],read_full,smart,fitsio,fitsio_torch,smart,OK,,True,off,torchfits-gpu-exhaustive-cuda-20261007-203924,0.0007401369512081146,790.4375,0.0,135110130.4113671,rows/s,1.2469482421875,100000,"{'schema': 'narrow', 'nrows': 100000, 'ncols': 4, 'variable': False, 'compressed': False, 'profile': 'base'}",True,1,1.0,0.0
exhaustive_cuda_20261007_203924,fitstable,fitstable_io,narrow_100000::read_full,narrow_100000 [read_full],read_full,specialized,torchfits,torchfits_specialized,specialized,OK,,True,off,torchfits-gpu-exhaustive-cuda-20261007-203924,0.0007955152541399002,790.4375,0.0,125704691.9962818,rows/s,1.2469482421875,100000,"{'schema': 'narrow', 'nrows': 100000, 'ncols': 4, 'variable': False, 'compressed': False, 'profile': 'base'}",True,1,1.0,0.0
exhaustive_cuda_20261007_203924,fitstable,fitstable_io,narrow_100000::read_full,narrow_100000 [read_full],read_full,specialized,astropy,astropy,specialized,OK,,True,off,torchfits-gpu-exhaustive-cuda-20261007-203924,0.0024429336190223694,790.4375,0.0,40934391.0212422,rows/s,1.2469482421875,100000,"{'schema': 'narrow', 'nrows': 100000, 'ncols': 4, 'variable': False, 'compressed': False, 'profile': 'base'}",False,3,3.0708821814656897,207.08821814656898
exhaustive_cuda_20261007_203924,fitstable,fitstable_io,narrow_100000::read_full,narrow_100000 [read_full],read_full,specialized,fitsio,fitsio,specialized,OK,,True,off,torchfits-gpu-exhaustive-cuda-20261007-203924,0.0008452851325273514,790.4375,0.0,118303275.6071387,rows/s,1.2469482421875,100000,"{'schema': 'narrow', 'nrows': 100000, 'ncols': 4, 'variable': False, 'compressed': False, 'profile': 'base'}",False,2,1.0625630723338695,6.2563072333869485
exhaustive_cuda_20261007_203924,fitstable,fitstable_io,narrow_100000::projection,narrow_100000 [projection],projection,smart,torchfits,torchfits,smart,OK,,True,off,torchfits-gpu-exhaustive-cuda-20261007-203924,0.0006213448941707611,790.4375,0.0,160941211.45625365,rows/s,1.2469482421875,100000,"{'schema': 'narrow', 'nrows': 100000, 'ncols': 4, 'variable': False, 'compressed': False, 'profile': 'base'}",True,1,1.0,0.0
exhaustive_cuda_20261007_203924,fitstable,fitstable_io,narrow_100000::projection,narrow_100000 [projection],projection,smart,astropy,astropy_torch,smart,OK,,True,off,torchfits-gpu-exhaustive-cuda-20261007-203924,0.0023712720721960068,790.4375,0.0,42171457.74731416,rows/s,1.2469482421875,100000,"{'schema': 'narrow', 'nrows': 100000, 'ncols': 4, 'variable': False, 'compressed': False, 'profile': 'base'}",False,2,3.8163539999160627,281.6353999916063
exhaustive_cuda_20261007_203924,fitstable,fitstable_io,narrow_100000::projection,narrow_100000 [projection],projection,smart,fitsio,fitsio_torch,smart,OK,,True,off,torchfits-gpu-exhaustive-cuda-20261007-203924,0.003917917609214783,790.4375,0.0,25523762.869541734,rows/s,1.2469482421875,100000,"{'schema': 'narrow', 'nrows': 100000, 'ncols': 4, 'variable': False, 'compressed': False, 'profile': 'base'}",False,3,6.305544064128161,530.5544064128161
exhaustive_cuda_20261007_203924,fitstable,fitstable_io,narrow_100000::projection,narrow_100000 [projection],projection,specialized,torchfits,torchfits_specialized,specialized,OK,,True,off,torchfits-gpu-exhaustive-cuda-20261007-203924,0.0005683265626430511,790.4375,0.0,175955175.37477303,rows/s,1.2469482421875,100000,"{'schema': 'narrow', 'nrows': 100000, 'ncols': 4, 'variable': False, 'compressed': False, 'profile': 'base'}",True,1,1.0,0.0
exhaustive_cuda_20261007_203924,fitstable,fitstable_io,narrow_100000::projection,narrow_100000 [projection],projection,specialized,astropy,astropy,specialized,OK,,True,off,torchfits-gpu-exhaustive-cuda-20261007-203924,0.0022757593542337418,790.4375,0.0,43941377.111759886,rows/s,1.2469482421875,100000,"{'schema': 'narrow', 'nrows': 100000, 'ncols': 4, 'variable': False, 'compressed': False, 'profile': 'base'}",False,2,4.004316362849782,300.43163628497825
exhaustive_cuda_20261007_203924,fitstable,fitstable_io,narrow_100000::projection,narrow_100000 [projection],projection,specialized,fitsio,fitsio,specialized,OK,,True,off,torchfits-gpu-exhaustive-cuda-20261007-203924,0.0038796141743659973,790.4375,0.0,25775759.007361062,rows/s,1.2469482421875,100000,"{'schema': 'narrow', 'nrows': 100000, 'ncols': 4, 'variable': False, 'compressed': False, 'profile': 'base'}",False,3,6.826381924370244,582.6381924370244
exhaustive_cuda_20261007_203924,fitstable,fitstable_io,narrow_100000::row_slice,narrow_100000 [row_slice],row_slice,smart,torchfits,torchfits,smart,OK,,True,off,torchfits-gpu-exhaustive-cuda-20261007-203924,0.0002195015549659729,790.4375,0.0,455577638.233597,rows/s,1.2469482421875,100000,"{'schema': 'narrow', 'nrows': 100000, 'ncols': 4, 'variable': False, 'compressed': False, 'profile': 'base'}",True,1,1.0,0.0
exhaustive_cuda_20261007_203924,fitstable,fitstable_io,narrow_100000::row_slice,narrow_100000 [row_slice],row_slice,smart,astropy,astropy_torch,smart,OK,,True,off,torchfits-gpu-exhaustive-cuda-20261007-203924,0.002820318564772606,790.4375,0.0,35456987.46554991,rows/s,1.2469482421875,100000,"{'schema': 'narrow', 'nrows': 100000, 'ncols': 4, 'variable': False, 'compressed': False, 'profile': 'base'}",False,3,12.848740708054716,1184.8740708054715
exhaustive_cuda_20261007_203924,fitstable,fitstable_io,narrow_100000::row_slice,narrow_100000 [row_slice],row_slice,smart,fitsio,fitsio_torch,smart,OK,,True,off,torchfits-gpu-exhaustive-cuda-20261007-203924,0.000832458958029747,790.4375,0.0,120126042.29363894,rows/s,1.2469482421875,100000,"{'schema': 'narrow', 'nrows': 100000, 'ncols': 4, 'variable': False, 'compressed': False, 'profile': 'base'}",False,2,3.7924968602559317,279.2496860255932
exhaustive_cuda_20261007_203924,fitstable,fitstable_io,narrow_100000::row_slice,narrow_100000 [row_slice],row_slice,specialized,torchfits,torchfits_specialized,specialized,OK,,True,off,torchfits-gpu-exhaustive-cuda-20261007-203924,0.0001856032758951187,790.4375,0.0,538783593.7578403,rows/s,1.2469482421875,100000,"{'schema': 'narrow', 'nrows': 100000, 'ncols': 4, 'variable': False, 'compressed': False, 'profile': 'base'}",True,1,1.0,0.0
exhaustive_cuda_20261007_203924,fitstable,fitstable_io,narrow_100000::row_slice,narrow_100000 [row_slice],row_slice,specialized,astropy,astropy,specialized,OK,,True,off,torchfits-gpu-exhaustive-cuda-20261007-203924,0.0029195398092269897,790.4375,0.0,34251973.439087,rows/s,1.2469482421875,100000,"{'schema': 'narrow', 'nrows': 100000, 'ncols': 4, 'variable': False, 'compressed': False, 'profile': 'base'}",False,3,15.73000150534397,1473.000150534397
exhaustive_cuda_20261007_203924,fitstable,fitstable_io,narrow_100000::row_slice,narrow_100000 [row_slice],row_slice,specialized,fitsio,fitsio,specialized,OK,,True,off,torchfits-gpu-exhaustive-cuda-20261007-203924,0.0008046794682741165,790.4375,0.0,124273085.05146883,rows/s,1.2469482421875,100000,"{'schema': 'narrow', 'nrows': 100000, 'ncols': 4, 'variable': False, 'compressed': False, 'profile': 'base'}",False,2,4.335480957398766,333.5480957398766
exhaustive_cuda_20261007_203924,fitstable,fitstable_io,narrow_100000::predicate_filter,narrow_100000 [predicate_filter],predicate_filter,smart,torchfits,torchfits,smart,OK,,True,off,torchfits-gpu-exhaustive-cuda-20261007-203924,0.0010432153940200806,790.625,0.0,95857481.18099101,rows/s,1.2469482421875,100000,"{'schema': 'narrow', 'nrows': 100000, 'ncols': 4, 'variable': False, 'compressed': False, 'profile': 'base'}",True,1,1.0,0.0
exhaustive_cuda_20261007_203924,fitstable,fitstable_io,narrow_100000::predicate_filter,narrow_100000 [predicate_filter],predicate_filter,smart,astropy,astropy_torch,smart,FAILED,,False,off,torchfits-gpu-exhaustive-cuda-20261007-203924,,,,,rows/s,1.2469482421875,100000,"{'schema': 'narrow', 'nrows': 100000, 'ncols': 4, 'variable': False, 'compressed': False, 'profile': 'base'}",False,,,
exhaustive_cuda_20261007_203924,fitstable,fitstable_io,narrow_100000::predicate_filter,narrow_100000 [predicate_filter],predicate_filter,smart,fitsio,fitsio_torch,smart,OK,,True,off,torchfits-gpu-exhaustive-cuda-20261007-203924,0.002284308895468712,790.625,0.0,43776916.597560786,rows/s,1.2469482421875,100000,"{'schema': 'narrow', 'nrows': 100000, 'ncols': 4, 'variable': False, 'compressed': False, 'profile': 'base'}",False,2,2.189680969589624,118.96809695896242
exhaustive_cuda_20261007_203924,fitstable,fitstable_io,narrow_100000::predicate_filter,narrow_100000 [predicate_filter],predicate_filter,specialized,torchfits,torchfits_specialized,specialized,OK,,True,off,torchfits-gpu-exhaustive-cuda-20261007-203924,0.0010623428970575333,790.625,0.0,94131565.50204176,rows/s,1.2469482421875,100000,"{'schema': 'narrow', 'nrows': 100000, 'ncols': 4, 'variable': False, 'compressed': False, 'profile': 'base'}",True,1,1.0,0.0
exhaustive_cuda_20261007_203924,fitstable,fitstable_io,narrow_100000::predicate_filter,narrow_100000 [predicate_filter],predicate_filter,specialized,astropy,astropy,specialized,OK,,True,off,torchfits-gpu-exhaustive-cuda-20261007-203924,0.002707619220018387,790.625,0.0,36932815.094775744,rows/s,1.2469482421875,100000,"{'schema': 'narrow', 'nrows': 100000, 'ncols': 4, 'variable': False, 'compressed': False, 'profile': 'base'}",False,3,2.5487243596374802,154.87243596374802
exhaustive_cuda_20261007_203924,fitstable,fitstable_io,narrow_100000::predicate_filter,narrow_100000 [predicate_filter],predicate_filter,specialized,fitsio,fitsio,specialized,OK,,True,off,torchfits-gpu-exhaustive-cuda-20261007-203924,0.00229470431804657,790.625,0.0,43578599.30517224,rows/s,1.2469482421875,100000,"{'schema': 'narrow', 'nrows': 100000, 'ncols': 4, 'variable': False, 'compressed': False, 'profile': 'base'}",False,2,2.1600410982201876,116.00410982201876
exhaustive_cuda_20261007_203924,fitstable,fitstable_io,narrow_100000::predicate_filter_selective,narrow_100000 [predicate_filter_selective],predicate_filter_selective,smart,torchfits,torchfits,smart,OK,,True,off,torchfits-gpu-exhaustive-cuda-20261007-203924,0.001064090058207512,790.625,0.0,93977008.08186543,rows/s,1.2469482421875,100000,"{'schema': 'narrow', 'nrows': 100000, 'ncols': 4, 'variable': False, 'compressed': False, 'profile': 'base'}",True,1,1.0,0.0
exhaustive_cuda_20261007_203924,fitstable,fitstable_io,narrow_100000::predicate_filter_selective,narrow_100000 [predicate_filter_selective],predicate_filter_selective,smart,astropy,astropy_torch,smart,FAILED,,False,off,torchfits-gpu-exhaustive-cuda-20261007-203924,,,,,rows/s,1.2469482421875,100000,"{'schema': 'narrow', 'nrows': 100000, 'ncols': 4, 'variable': False, 'compressed': False, 'profile': 'base'}",False,,,
exhaustive_cuda_20261007_203924,fitstable,fitstable_io,narrow_100000::predicate_filter_selective,narrow_100000 [predicate_filter_selective],predicate_filter_selective,smart,fitsio,fitsio_torch,smart,OK,,True,off,torchfits-gpu-exhaustive-cuda-20261007-203924,0.0018417742103338242,790.625,0.0,54295471.96334933,rows/s,1.2469482421875,100000,"{'schema': 'narrow', 'nrows': 100000, 'ncols': 4, 'variable': False, 'compressed': False, 'profile': 'base'}",False,2,1.730844298495131,73.08442984951311
exhaustive_cuda_20261007_203924,fitstable,fitstable_io,narrow_100000::predicate_filter_selective,narrow_100000 [predicate_filter_selective],predicate_filter_selective,specialized,torchfits,torchfits_specialized,specialized,OK,,True,off,torchfits-gpu-exhaustive-cuda-20261007-203924,0.001095399260520935,790.625,0.0,91290914.28493695,rows/s,1.2469482421875,100000,"{'schema': 'narrow', 'nrows': 100000, 'ncols': 4, 'variable': False, 'compressed': False, 'profile': 'base'}",True,1,1.0,0.0
exhaustive_cuda_20261007_203924,fitstable,fitstable_io,narrow_100000::predicate_filter_selective,narrow_100000 [predicate_filter_selective],predicate_filter_selective,specialized,astropy,astropy,specialized,OK,,True,off,torchfits-gpu-exhaustive-cuda-20261007-203924,0.002328304573893547,790.625,0.0,42949707.31976586,rows/s,1.2469482421875,100000,"{'schema': 'narrow', 'nrows': 100000, 'ncols': 4, 'variable': False, 'compressed': False, 'profile': 'base'}",False,3,2.1255305328454246,112.55305328454246
exhaustive_cuda_20261007_203924,fitstable,fitstable_io,narrow_100000::predicate_filter_selective,narrow_100000 [predicate_filter_selective],predicate_filter_selective,specialized,fitsio,fitsio,specialized,OK,,True,off,torchfits-gpu-exhaustive-cuda-20261007-203924,0.0018285587430000305,790.625,0.0,54687879.39288989,rows/s,1.2469482421875,100000,"{'schema': 'narrow', 'nrows': 100000, 'ncols': 4, 'variable': False, 'compressed': False, 'profile': 'base'}",False,2,1.6693079947218783,66.93079947218783
exhaustive_cuda_20261007_203924,fitstable,fitstable_io,narrow_100000::scan_count,narrow_100000 [scan_count],scan_count,smart,torchfits,torchfits,smart,OK,,True,off,torchfits-gpu-exhaustive-cuda-20261007-203924,2.2474676370620728e-05,790.625,0.0,4449452279.131444,rows/s,1.2469482421875,100000,"{'schema': 'narrow', 'nrows': 100000, 'ncols': 4, 'variable': False, 'compressed': False, 'profile': 'base'}",True,1,1.0,0.0
exhaustive_cuda_20261007_203924,fitstable,fitstable_io,narrow_100000::scan_count,narrow_100000 [scan_count],scan_count,smart,astropy,astropy_torch,smart,OK,,True,off,torchfits-gpu-exhaustive-cuda-20261007-203924,0.000611407682299614,790.625,0.0,163556989.70592266,rows/s,1.2469482421875,100000,"{'schema': 'narrow', 'nrows': 100000, 'ncols': 4, 'variable': False, 'compressed': False, 'profile': 'base'}",False,3,27.20429305486491,2620.429305486491
exhaustive_cuda_20261007_203924,fitstable,fitstable_io,narrow_100000::scan_count,narrow_100000 [scan_count],scan_count,smart,fitsio,fitsio_torch,smart,OK,,True,off,torchfits-gpu-exhaustive-cuda-20261007-203924,0.00010191090404987335,790.625,0.0,981249267.9984647,rows/s,1.2469482421875,100000,"{'schema': 'narrow', 'nrows': 100000, 'ncols': 4, 'variable': False, 'compressed': False, 'profile': 'base'}",False,2,4.534477042930549,353.44770429305487
exhaustive_cuda_20261007_203924,fitstable,fitstable_io,narrow_100000::scan_count,narrow_100000 [scan_count],scan_count,specialized,torchfits,torchfits_specialized,specialized,OK,,True,off,torchfits-gpu-exhaustive-cuda-20261007-203924,2.298504114151001e-05,790.625,0.0,4350655688.816855,rows/s,1.2469482421875,100000,"{'schema': 'narrow', 'nrows': 100000, 'ncols': 4, 'variable': False, 'compressed': False, 'profile': 'base'}",True,1,1.0,0.0
exhaustive_cuda_20261007_203924,fitstable,fitstable_io,narrow_100000::scan_count,narrow_100000 [scan_count],scan_count,specialized,astropy,astropy,specialized,OK,,True,off,torchfits-gpu-exhaustive-cuda-20261007-203924,0.0006006043404340744,790.625,0.0,166498963.24047053,rows/s,1.2469482421875,100000,"{'schema': 'narrow', 'nrows': 100000, 'ncols': 4, 'variable': False, 'compressed': False, 'profile': 'base'}",False,3,26.130226904376013,2513.0226904376013
exhaustive_cuda_20261007_203924,fitstable,fitstable_io,narrow_100000::scan_count,narrow_100000 [scan_count],scan_count,specialized,fitsio,fitsio,specialized,OK,,True,off,torchfits-gpu-exhaustive-cuda-20261007-203924,9.966082870960236e-05,790.625,0.0,1003403255.7704887,rows/s,1.2469482421875,100000,"{'schema': 'narrow', 'nrows': 100000, 'ncols': 4, 'variable': False, 'compressed': False, 'profile': 'base'}",False,2,4.335899513776337,333.5899513776337
exhaustive_cuda_20261007_203924,fitstable,fitstable_io,mixed_100000::read_full,mixed_100000 [read_full],read_full,smart,torchfits,torchfits,smart,OK,,True,off,torchfits-gpu-exhaustive-cuda-20261007-203924,0.0031484439969062805,813.6015625,0.0,31761721.059120588,rows/s,5.06195068359375,100000,"{'schema': 'mixed', 'nrows': 100000, 'ncols': 8, 'variable': False, 'compressed': False, 'profile': 'base'}",True,1,1.0,0.0
exhaustive_cuda_20261007_203924,fitstable,fitstable_io,mixed_100000::read_full,mixed_100000 [read_full],read_full,smart,astropy,astropy_torch,smart,OK,,True,off,torchfits-gpu-exhaustive-cuda-20261007-203924,0.08555986173450947,813.60546875,0.0,1168772.3422262883,rows/s,5.06195068359375,100000,"{'schema': 'mixed', 'nrows': 100000, 'ncols': 8, 'variable': False, 'compressed': False, 'profile': 'base'}",False,3,27.17528462268415,2617.528462268415
exhaustive_cuda_20261007_203924,fitstable,fitstable_io,mixed_100000::read_full,mixed_100000 [read_full],read_full,smart,fitsio,fitsio_torch,smart,OK,,True,off,torchfits-gpu-exhaustive-cuda-20261007-203924,0.057237062603235245,814.27734375,0.0,1747119.7062154557,rows/s,5.06195068359375,100000,"{'schema': 'mixed', 'nrows': 100000, 'ncols': 8, 'variable': False, 'compressed': False, 'profile': 'base'}",False,2,18.1794761664738,1717.94761664738
exhaustive_cuda_20261007_203924,fitstable,fitstable_io,mixed_100000::read_full,mixed_100000 [read_full],read_full,specialized,torchfits,torchfits_specialized,specialized,OK,,True,off,torchfits-gpu-exhaustive-cuda-20261007-203924,0.0030208565294742584,817.1328125,0.0,33103194.08562039,rows/s,5.06195068359375,100000,"{'schema': 'mixed', 'nrows': 100000, 'ncols': 8, 'variable': False, 'compressed': False, 'profile': 'base'}",True,1,1.0,0.0
exhaustive_cuda_20261007_203924,fitstable,fitstable_io,mixed_100000::read_full,mixed_100000 [read_full],read_full,specialized,astropy,astropy,specialized,OK,,True,off,torchfits-gpu-exhaustive-cuda-20261007-203924,0.04180265963077545,817.13671875,0.0,2392192.288319837,rows/s,5.06195068359375,100000,"{'schema': 'mixed', 'nrows': 100000, 'ncols': 8, 'variable': False, 'compressed': False, 'profile': 'base'}",False,3,13.83801555052688,1283.801555052688
exhaustive_cuda_20261007_203924,fitstable,fitstable_io,mixed_100000::read_full,mixed_100000 [read_full],read_full,specialized,fitsio,fitsio,specialized,OK,,True,off,torchfits-gpu-exhaustive-cuda-20261007-203924,0.012796247377991676,817.13671875,0.0,7814791.090393458,rows/s,5.06195068359375,100000,"{'schema': 'mixed', 'nrows': 100000, 'ncols': 8, 'variable': False, 'compressed': False, 'profile': 'base'}",False,2,4.2359666052126945,323.5966605212694
exhaustive_cuda_20261007_203924,fitstable,fitstable_io,mixed_100000::projection,mixed_100000 [projection],projection,smart,torchfits,torchfits,smart,OK,,True,off,torchfits-gpu-exhaustive-cuda-20261007-203924,0.0012526363134384155,817.1328125,0.0,79831631.03862579,rows/s,5.06195068359375,100000,"{'schema': 'mixed', 'nrows': 100000, 'ncols': 8, 'variable': False, 'compressed': False, 'profile': 'base'}",True,1,1.0,0.0
exhaustive_cuda_20261007_203924,fitstable,fitstable_io,mixed_100000::projection,mixed_100000 [projection],projection,smart,astropy,astropy_torch,smart,OK,,True,off,torchfits-gpu-exhaustive-cuda-20261007-203924,0.004155712202191353,817.1328125,0.0,24063264.041063502,rows/s,5.06195068359375,100000,"{'schema': 'mixed', 'nrows': 100000, 'ncols': 8, 'variable': False, 'compressed': False, 'profile': 'base'}",False,2,3.3175728322805513,231.75728322805514
exhaustive_cuda_20261007_203924,fitstable,fitstable_io,mixed_100000::projection,mixed_100000 [projection],projection,smart,fitsio,fitsio_torch,smart,OK,,True,off,torchfits-gpu-exhaustive-cuda-20261007-203924,0.004922103136777878,817.1328125,0.0,20316518.614330035,rows/s,5.06195068359375,100000,"{'schema': 'mixed', 'nrows': 100000, 'ncols': 8, 'variable': False, 'compressed': False, 'profile': 'base'}",False,3,3.929395215493142,292.9395215493142
exhaustive_cuda_20261007_203924,fitstable,fitstable_io,mixed_100000::projection,mixed_100000 [projection],projection,specialized,torchfits,torchfits_specialized,specialized,OK,,True,off,torchfits-gpu-exhaustive-cuda-20261007-203924,0.0011503808200359344,817.1328125,0.0,86927735.80567546,rows/s,5.06195068359375,100000,"{'schema': 'mixed', 'nrows': 100000, 'ncols': 8, 'variable': False, 'compressed': False, 'profile': 'base'}",True,1,1.0,0.0
exhaustive_cuda_20261007_203924,fitstable,fitstable_io,mixed_100000::projection,mixed_100000 [projection],projection,specialized,astropy,astropy,specialized,OK,,True,off,torchfits-gpu-exhaustive-cuda-20261007-203924,0.0038688965141773224,817.1328125,0.0,25847163.301875982,rows/s,5.06195068359375,100000,"{'schema': 'mixed', 'nrows': 100000, 'ncols': 8, 'variable': False, 'compressed': False, 'profile': 'base'}",False,2,3.3631441404390503,236.31441404390503
exhaustive_cuda_20261007_203924,fitstable,fitstable_io,mixed_100000::projection,mixed_100000 [projection],projection,specialized,fitsio,fitsio,specialized,OK,,True,off,torchfits-gpu-exhaustive-cuda-20261007-203924,0.004669109359383583,817.1328125,0.0,21417360.85042181,rows/s,5.06195068359375,100000,"{'schema': 'mixed', 'nrows': 100000, 'ncols': 8, 'variable': False, 'compressed': False, 'profile': 'base'}",False,3,4.058751048403027,305.87510484030275
exhaustive_cuda_20261007_203924,fitstable,fitstable_io,mixed_100000::row_slice,mixed_100000 [row_slice],row_slice,smart,torchfits,torchfits,smart,OK,,True,off,torchfits-gpu-exhaustive-cuda-20261007-203924,0.00039037130773067474,817.1328125,0.0,256166367.8135691,rows/s,5.06195068359375,100000,"{'schema': 'mixed', 'nrows': 100000, 'ncols': 8, 'variable': False, 'compressed': False, 'profile': 'base'}",True,1,1.0,0.0
exhaustive_cuda_20261007_203924,fitstable,fitstable_io,mixed_100000::row_slice,mixed_100000 [row_slice],row_slice,smart,astropy,astropy_torch,smart,OK,,True,off,torchfits-gpu-exhaustive-cuda-20261007-203924,0.0125189907848835,817.1328125,0.0,7987864.334938928,rows/s,5.06195068359375,100000,"{'schema': 'mixed', 'nrows': 100000, 'ncols': 8, 'variable': False, 'compressed': False, 'profile': 'base'}",False,3,32.06944398055148,3106.944398055148
exhaustive_cuda_20261007_203924,fitstable,fitstable_io,mixed_100000::row_slice,mixed_100000 [row_slice],row_slice,smart,fitsio,fitsio_torch,smart,OK,,True,off,torchfits-gpu-exhaustive-cuda-20261007-203924,0.006276573985815048,817.1328125,0.0,15932258.621661805,rows/s,5.06195068359375,100000,"{'schema': 'mixed', 'nrows': 100000, 'ncols': 8, 'variable': False, 'compressed': False, 'profile': 'base'}",False,2,16.078471602593773,1507.8471602593772
exhaustive_cuda_20261007_203924,fitstable,fitstable_io,mixed_100000::row_slice,mixed_100000 [row_slice],row_slice,specialized,torchfits,torchfits_specialized,specialized,OK,,True,off,torchfits-gpu-exhaustive-cuda-20261007-203924,0.0003146268427371979,817.1328125,0.0,317836835.3126443,rows/s,5.06195068359375,100000,"{'schema': 'mixed', 'nrows': 100000, 'ncols': 8, 'variable': False, 'compressed': False, 'profile': 'base'}",True,1,1.0,0.0
exhaustive_cuda_20261007_203924,fitstable,fitstable_io,mixed_100000::row_slice,mixed_100000 [row_slice],row_slice,specialized,astropy,astropy,specialized,OK,,True,off,torchfits-gpu-exhaustive-cuda-20261007-203924,0.007857151329517365,817.1328125,0.0,12727259.003441216,rows/s,5.06195068359375,100000,"{'schema': 'mixed', 'nrows': 100000, 'ncols': 8, 'variable': False, 'compressed': False, 'profile': 'base'}",False,3,24.972921131463348,2397.292113146335
exhaustive_cuda_20261007_203924,fitstable,fitstable_io,mixed_100000::row_slice,mixed_100000 [row_slice],row_slice,specialized,fitsio,fitsio,specialized,OK,,True,off,torchfits-gpu-exhaustive-cuda-20261007-203924,0.0018770769238471985,817.1328125,0.0,53274321.755041935,rows/s,5.06195068359375,100000,"{'schema': 'mixed', 'nrows': 100000, 'ncols': 8, 'variable': False, 'compressed': False, 'profile': 'base'}",False,2,5.96604189113987,496.604189113987
exhaustive_cuda_20261007_203924,fitstable,fitstable_io,mixed_100000::predicate_filter,mixed_100000 [predicate_filter],predicate_filter,smart,torchfits,torchfits,smart,OK,,True,off,torchfits-gpu-exhaustive-cuda-20261007-203924,0.001742623746395111,817.1328125,0.0,57384733.91451573,rows/s,5.06195068359375,100000,"{'schema': 'mixed', 'nrows': 100000, 'ncols': 8, 'variable': False, 'compressed': False, 'profile': 'base'}",True,1,1.0,0.0
exhaustive_cuda_20261007_203924,fitstable,fitstable_io,mixed_100000::predicate_filter,mixed_100000 [predicate_filter],predicate_filter,smart,astropy,astropy_torch,smart,FAILED,,False,off,torchfits-gpu-exhaustive-cuda-20261007-203924,,,,,rows/s,5.06195068359375,100000,"{'schema': 'mixed', 'nrows': 100000, 'ncols': 8, 'variable': False, 'compressed': False, 'profile': 'base'}",False,,,
exhaustive_cuda_20261007_203924,fitstable,fitstable_io,mixed_100000::predicate_filter,mixed_100000 [predicate_filter],predicate_filter,smart,fitsio,fitsio_torch,smart,OK,,True,off,torchfits-gpu-exhaustive-cuda-20261007-203924,0.0031246300786733627,817.1328125,0.0,32003788.442841023,rows/s,5.06195068359375,100000,"{'schema': 'mixed', 'nrows': 100000, 'ncols': 8, 'variable': False, 'compressed': False, 'profile': 'base'}",False,2,1.793060656459633,79.3060656459633
exhaustive_cuda_20261007_203924,fitstable,fitstable_io,mixed_100000::predicate_filter,mixed_100000 [predicate_filter],predicate_filter,specialized,torchfits,torchfits_specialized,specialized,OK,,True,off,torchfits-gpu-exhaustive-cuda-20261007-203924,0.0017620325088500977,817.1328125,0.0,56752641.9051485,rows/s,5.06195068359375,100000,"{'schema': 'mixed', 'nrows': 100000, 'ncols': 8, 'variable': False, 'compressed': False, 'profile': 'base'}",True,1,1.0,0.0
exhaustive_cuda_20261007_203924,fitstable,fitstable_io,mixed_100000::predicate_filter,mixed_100000 [predicate_filter],predicate_filter,specialized,astropy,astropy,specialized,OK,,True,off,torchfits-gpu-exhaustive-cuda-20261007-203924,0.003894684836268425,817.1328125,0.0,25676018.523699593,rows/s,5.06195068359375,100000,"{'schema': 'mixed', 'nrows': 100000, 'ncols': 8, 'variable': False, 'compressed': False, 'profile': 'base'}",False,3,2.2103365384615383,121.03365384615384
exhaustive_cuda_20261007_203924,fitstable,fitstable_io,mixed_100000::predicate_filter,mixed_100000 [predicate_filter],predicate_filter,specialized,fitsio,fitsio,specialized,OK,,True,off,torchfits-gpu-exhaustive-cuda-20261007-203924,0.002994680777192116,817.1328125,0.0,33392540.78819125,rows/s,5.06195068359375,100000,"{'schema': 'mixed', 'nrows': 100000, 'ncols': 8, 'variable': False, 'compressed': False, 'profile': 'base'}",False,2,1.6995604576821595,69.95604576821594
exhaustive_cuda_20261007_203924,fitstable,fitstable_io,mixed_100000::predicate_filter_selective,mixed_100000 [predicate_filter_selective],predicate_filter_selective,smart,torchfits,torchfits,smart,OK,,True,off,torchfits-gpu-exhaustive-cuda-20261007-203924,0.0016945470124483109,817.1328125,0.0,59012821.28226013,rows/s,5.06195068359375,100000,"{'schema': 'mixed', 'nrows': 100000, 'ncols': 8, 'variable': False, 'compressed': False, 'profile': 'base'}",True,1,1.0,0.0
exhaustive_cuda_20261007_203924,fitstable,fitstable_io,mixed_100000::predicate_filter_selective,mixed_100000 [predicate_filter_selective],predicate_filter_selective,smart,astropy,astropy_torch,smart,FAILED,,False,off,torchfits-gpu-exhaustive-cuda-20261007-203924,,,,,rows/s,5.06195068359375,100000,"{'schema': 'mixed', 'nrows': 100000, 'ncols': 8, 'variable': False, 'compressed': False, 'profile': 'base'}",False,,,
exhaustive_cuda_20261007_203924,fitstable,fitstable_io,mixed_100000::predicate_filter_selective,mixed_100000 [predicate_filter_selective],predicate_filter_selective,smart,fitsio,fitsio_torch,smart,OK,,True,off,torchfits-gpu-exhaustive-cuda-20261007-203924,0.002696702256798744,817.1328125,0.0,37082328.88813985,rows/s,5.06195068359375,100000,"{'schema': 'mixed', 'nrows': 100000, 'ncols': 8, 'variable': False, 'compressed': False, 'profile': 'base'}",False,2,1.5914000833193185,59.140008331931845
exhaustive_cuda_20261007_203924,fitstable,fitstable_io,mixed_100000::predicate_filter_selective,mixed_100000 [predicate_filter_selective],predicate_filter_selective,specialized,torchfits,torchfits_specialized,specialized,OK,,True,off,torchfits-gpu-exhaustive-cuda-20261007-203924,0.0017407257109880447,817.1328125,0.0,57447304.51717146,rows/s,5.06195068359375,100000,"{'schema': 'mixed', 'nrows': 100000, 'ncols': 8, 'variable': False, 'compressed': False, 'profile': 'base'}",True,1,1.0,0.0
exhaustive_cuda_20261007_203924,fitstable,fitstable_io,mixed_100000::predicate_filter_selective,mixed_100000 [predicate_filter_selective],predicate_filter_selective,specialized,astropy,astropy,specialized,OK,,True,off,torchfits-gpu-exhaustive-cuda-20261007-203924,0.003630705177783966,817.1328125,0.0,27542858.784539457,rows/s,5.06195068359375,100000,"{'schema': 'mixed', 'nrows': 100000, 'ncols': 8, 'variable': False, 'compressed': False, 'profile': 'base'}",False,3,2.0857422596022666,108.57422596022666
exhaustive_cuda_20261007_203924,fitstable,fitstable_io,mixed_100000::predicate_filter_selective,mixed_100000 [predicate_filter_selective],predicate_filter_selective,specialized,fitsio,fitsio,specialized,OK,,True,off,torchfits-gpu-exhaustive-cuda-20261007-203924,0.0025545191019773483,817.1328125,0.0,39146311.30477518,rows/s,5.06195068359375,100000,"{'schema': 'mixed', 'nrows': 100000, 'ncols': 8, 'variable': False, 'compressed': False, 'profile': 'base'}",False,2,1.467502367462241,46.7502367462241
exhaustive_cuda_20261007_203924,fitstable,fitstable_io,mixed_100000::scan_count,mixed_100000 [scan_count],scan_count,smart,torchfits,torchfits,smart,OK,,True,off,torchfits-gpu-exhaustive-cuda-20261007-203924,2.3948028683662415e-05,817.1328125,0.0,4175709045.656063,rows/s,5.06195068359375,100000,"{'schema': 'mixed', 'nrows': 100000, 'ncols': 8, 'variable': False, 'compressed': False, 'profile': 'base'}",True,1,1.0,0.0
exhaustive_cuda_20261007_203924,fitstable,fitstable_io,mixed_100000::scan_count,mixed_100000 [scan_count],scan_count,smart,astropy,astropy_torch,smart,OK,,True,off,torchfits-gpu-exhaustive-cuda-20261007-203924,0.000630376860499382,817.1328125,0.0,158635264.5000015,rows/s,5.06195068359375,100000,"{'schema': 'mixed', 'nrows': 100000, 'ncols': 8, 'variable': False, 'compressed': False, 'profile': 'base'}",False,3,26.322703585595395,2532.2703585595395
exhaustive_cuda_20261007_203924,fitstable,fitstable_io,mixed_100000::scan_count,mixed_100000 [scan_count],scan_count,smart,fitsio,fitsio_torch,smart,OK,,True,off,torchfits-gpu-exhaustive-cuda-20261007-203924,0.00011995993554592133,817.1328125,0.0,833611651.6311352,rows/s,5.06195068359375,100000,"{'schema': 'mixed', 'nrows': 100000, 'ncols': 8, 'variable': False, 'compressed': False, 'profile': 'base'}",False,2,5.00917787975422,400.917787975422
exhaustive_cuda_20261007_203924,fitstable,fitstable_io,mixed_100000::scan_count,mixed_100000 [scan_count],scan_count,specialized,torchfits,torchfits_specialized,specialized,OK,,True,off,torchfits-gpu-exhaustive-cuda-20261007-203924,2.2875145077705383e-05,817.1328125,0.0,4371556974.18777,rows/s,5.06195068359375,100000,"{'schema': 'mixed', 'nrows': 100000, 'ncols': 8, 'variable': False, 'compressed': False, 'profile': 'base'}",True,1,1.0,0.0
exhaustive_cuda_20261007_203924,fitstable,fitstable_io,mixed_100000::scan_count,mixed_100000 [scan_count],scan_count,specialized,astropy,astropy,specialized,OK,,True,off,torchfits-gpu-exhaustive-cuda-20261007-203924,0.0006142333149909973,817.1328125,0.0,162804585.09722105,rows/s,5.06195068359375,100000,"{'schema': 'mixed', 'nrows': 100000, 'ncols': 8, 'variable': False, 'compressed': False, 'profile': 'base'}",False,3,26.851559319273676,2585.1559319273674
exhaustive_cuda_20261007_203924,fitstable,fitstable_io,mixed_100000::scan_count,mixed_100000 [scan_count],scan_count,specialized,fitsio,fitsio,specialized,OK,,True,off,torchfits-gpu-exhaustive-cuda-20261007-203924,0.00011822953820228577,817.1328125,0.0,845812320.0050415,rows/s,5.06195068359375,100000,"{'schema': 'mixed', 'nrows': 100000, 'ncols': 8, 'variable': False, 'compressed': False, 'profile': 'base'}",False,2,5.168471622832017,416.8471622832017
exhaustive_cuda_20261007_203924,fitstable,fitstable_io,wide_100000::read_full,wide_100000 [read_full],read_full,smart,torchfits,torchfits,smart,OK,,True,off,torchfits-gpu-exhaustive-cuda-20261007-203924,0.019044054672122,830.234375,0.0,5250982.614872813,rows/s,20.70648193359375,100000,"{'schema': 'wide', 'nrows': 100000, 'ncols': 41, 'variable': False, 'compressed': False, 'profile': 'base'}",True,1,1.0,0.0
exhaustive_cuda_20261007_203924,fitstable,fitstable_io,wide_100000::read_full,wide_100000 [read_full],read_full,smart,astropy,astropy_torch,smart,OK,,True,off,torchfits-gpu-exhaustive-cuda-20261007-203924,0.345543697476387,885.08203125,0.0,289398.998535731,rows/s,20.70648193359375,100000,"{'schema': 'wide', 'nrows': 100000, 'ncols': 41, 'variable': False, 'compressed': False, 'profile': 'base'}",False,3,18.14443948127379,1714.443948127379
exhaustive_cuda_20261007_203924,fitstable,fitstable_io,wide_100000::read_full,wide_100000 [read_full],read_full,smart,fitsio,fitsio_torch,smart,OK,,True,off,torchfits-gpu-exhaustive-cuda-20261007-203924,0.23858265578746796,882.87109375,0.0,419141.95174808137,rows/s,20.70648193359375,100000,"{'schema': 'wide', 'nrows': 100000, 'ncols': 41, 'variable': False, 'compressed': False, 'profile': 'base'}",False,2,12.527933777501788,1152.793377750179
exhaustive_cuda_20261007_203924,fitstable,fitstable_io,wide_100000::read_full,wide_100000 [read_full],read_full,specialized,torchfits,torchfits_specialized,specialized,OK,,True,off,torchfits-gpu-exhaustive-cuda-20261007-203924,0.02014734409749508,826.1953125,0.0,4963433.369484815,rows/s,20.70648193359375,100000,"{'schema': 'wide', 'nrows': 100000, 'ncols': 41, 'variable': False, 'compressed': False, 'profile': 'base'}",True,1,1.0,0.0
exhaustive_cuda_20261007_203924,fitstable,fitstable_io,wide_100000::read_full,wide_100000 [read_full],read_full,specialized,astropy,astropy,specialized,OK,,True,off,torchfits-gpu-exhaustive-cuda-20261007-203924,0.17956222593784332,882.37109375,0.0,556910.0041932855,rows/s,20.70648193359375,100000,"{'schema': 'wide', 'nrows': 100000, 'ncols': 41, 'variable': False, 'compressed': False, 'profile': 'base'}",False,3,8.912451441188633,791.2451441188633
exhaustive_cuda_20261007_203924,fitstable,fitstable_io,wide_100000::read_full,wide_100000 [read_full],read_full,specialized,fitsio,fitsio,specialized,OK,,True,off,torchfits-gpu-exhaustive-cuda-20261007-203924,0.0643370971083641,880.1796875,0.0,1554313.211110042,rows/s,20.70648193359375,100000,"{'schema': 'wide', 'nrows': 100000, 'ncols': 41, 'variable': False, 'compressed': False, 'profile': 'base'}",False,2,3.193328946834394,219.3328946834394
exhaustive_cuda_20261007_203924,fitstable,fitstable_io,wide_100000::projection,wide_100000 [projection],projection,smart,torchfits,torchfits,smart,OK,,True,off,torchfits-gpu-exhaustive-cuda-20261007-203924,0.005634443834424019,845.74609375,0.0,17747980.623933665,rows/s,20.70648193359375,100000,"{'schema': 'wide', 'nrows': 100000, 'ncols': 41, 'variable': False, 'compressed': False, 'profile': 'base'}",True,1,1.0,0.0
exhaustive_cuda_20261007_203924,fitstable,fitstable_io,wide_100000::projection,wide_100000 [projection],projection,smart,astropy,astropy_torch,smart,OK,,True,off,torchfits-gpu-exhaustive-cuda-20261007-203924,0.014311637729406357,845.75,0.0,6987320.521293545,rows/s,20.70648193359375,100000,"{'schema': 'wide', 'nrows': 100000, 'ncols': 41, 'variable': False, 'compressed': False, 'profile': 'base'}",False,3,2.5400266911826206,154.00266911826205
exhaustive_cuda_20261007_203924,fitstable,fitstable_io,wide_100000::projection,wide_100000 [projection],projection,smart,fitsio,fitsio_torch,smart,OK,,True,off,torchfits-gpu-exhaustive-cuda-20261007-203924,0.009329546242952347,845.74609375,0.0,10718634.904193891,rows/s,20.70648193359375,100000,"{'schema': 'wide', 'nrows': 100000, 'ncols': 41, 'variable': False, 'compressed': False, 'profile': 'base'}",False,2,1.6558060595001138,65.58060595001139
exhaustive_cuda_20261007_203924,fitstable,fitstable_io,wide_100000::projection,wide_100000 [projection],projection,specialized,torchfits,torchfits_specialized,specialized,OK,,True,off,torchfits-gpu-exhaustive-cuda-20261007-203924,0.0056176986545324326,845.74609375,0.0,17800883.62684223,rows/s,20.70648193359375,100000,"{'schema': 'wide', 'nrows': 100000, 'ncols': 41, 'variable': False, 'compressed': False, 'profile': 'base'}",True,1,1.0,0.0
exhaustive_cuda_20261007_203924,fitstable,fitstable_io,wide_100000::projection,wide_100000 [projection],projection,specialized,astropy,astropy,specialized,OK,,True,off,torchfits-gpu-exhaustive-cuda-20261007-203924,0.014145847409963608,845.75,0.0,7069212.405724463,rows/s,20.70648193359375,100000,"{'schema': 'wide', 'nrows': 100000, 'ncols': 41, 'variable': False, 'compressed': False, 'profile': 'base'}",False,3,2.5180858354782973,151.80858354782973
exhaustive_cuda_20261007_203924,fitstable,fitstable_io,wide_100000::projection,wide_100000 [projection],projection,specialized,fitsio,fitsio,specialized,OK,,True,off,torchfits-gpu-exhaustive-cuda-20261007-203924,0.009222285822033882,845.74609375,0.0,10843298.714628866,rows/s,20.70648193359375,100000,"{'schema': 'wide', 'nrows': 100000, 'ncols': 41, 'variable': False, 'compressed': False, 'profile': 'base'}",False,2,1.6416483669150217,64.16483669150217
exhaustive_cuda_20261007_203924,fitstable,fitstable_io,wide_100000::row_slice,wide_100000 [row_slice],row_slice,smart,torchfits,torchfits,smart,OK,,True,off,torchfits-gpu-exhaustive-cuda-20261007-203924,0.0017833076417446136,845.74609375,0.0,56075574.20780735,rows/s,20.70648193359375,100000,"{'schema': 'wide', 'nrows': 100000, 'ncols': 41, 'variable': False, 'compressed': False, 'profile': 'base'}",True,1,1.0,0.0
exhaustive_cuda_20261007_203924,fitstable,fitstable_io,wide_100000::row_slice,wide_100000 [row_slice],row_slice,smart,astropy,astropy_torch,smart,OK,,True,off,torchfits-gpu-exhaustive-cuda-20261007-203924,0.048860011622309685,845.75,0.0,2046663.4509423568,rows/s,20.70648193359375,100000,"{'schema': 'wide', 'nrows': 100000, 'ncols': 41, 'variable': False, 'compressed': False, 'profile': 'base'}",False,3,27.398532075211563,2639.853207521156
exhaustive_cuda_20261007_203924,fitstable,fitstable_io,wide_100000::row_slice,wide_100000 [row_slice],row_slice,smart,fitsio,fitsio_torch,smart,OK,,True,off,torchfits-gpu-exhaustive-cuda-20261007-203924,0.023688113316893578,845.75,0.0,4221526.580113213,rows/s,20.70648193359375,100000,"{'schema': 'wide', 'nrows': 100000, 'ncols': 41, 'variable': False, 'compressed': False, 'profile': 'base'}",False,2,13.283245561444152,1228.3245561444153
exhaustive_cuda_20261007_203924,fitstable,fitstable_io,wide_100000::row_slice,wide_100000 [row_slice],row_slice,specialized,torchfits,torchfits_specialized,specialized,OK,,True,off,torchfits-gpu-exhaustive-cuda-20261007-203924,0.001665668562054634,845.74609375,0.0,60035953.29712418,rows/s,20.70648193359375,100000,"{'schema': 'wide', 'nrows': 100000, 'ncols': 41, 'variable': False, 'compressed': False, 'profile': 'base'}",True,1,1.0,0.0
exhaustive_cuda_20261007_203924,fitstable,fitstable_io,wide_100000::row_slice,wide_100000 [row_slice],row_slice,specialized,astropy,astropy,specialized,OK,,True,off,torchfits-gpu-exhaustive-cuda-20261007-203924,0.03160301595926285,845.75,0.0,3164254.959998208,rows/s,20.70648193359375,100000,"{'schema': 'wide', 'nrows': 100000, 'ncols': 41, 'variable': False, 'compressed': False, 'profile': 'base'}",False,3,18.973171901785744,1797.3171901785743
exhaustive_cuda_20261007_203924,fitstable,fitstable_io,wide_100000::row_slice,wide_100000 [row_slice],row_slice,specialized,fitsio,fitsio,specialized,OK,,True,off,torchfits-gpu-exhaustive-cuda-20261007-203924,0.006380924955010414,845.74609375,0.0,15671709.149545513,rows/s,20.70648193359375,100000,"{'schema': 'wide', 'nrows': 100000, 'ncols': 41, 'variable': False, 'compressed': False, 'profile': 'base'}",False,2,3.8308491259145945,283.08491259145944
exhaustive_cuda_20261007_203924,fitstable,fitstable_io,wide_100000::predicate_filter,wide_100000 [predicate_filter],predicate_filter,smart,torchfits,torchfits,smart,OK,,True,off,torchfits-gpu-exhaustive-cuda-20261007-203924,0.005709020420908928,845.74609375,0.0,17516139.832633335,rows/s,20.70648193359375,100000,"{'schema': 'wide', 'nrows': 100000, 'ncols': 41, 'variable': False, 'compressed': False, 'profile': 'base'}",True,1,1.0,0.0
exhaustive_cuda_20261007_203924,fitstable,fitstable_io,wide_100000::predicate_filter,wide_100000 [predicate_filter],predicate_filter,smart,astropy,astropy_torch,smart,FAILED,,False,off,torchfits-gpu-exhaustive-cuda-20261007-203924,,,,,rows/s,20.70648193359375,100000,"{'schema': 'wide', 'nrows': 100000, 'ncols': 41, 'variable': False, 'compressed': False, 'profile': 'base'}",False,,,
exhaustive_cuda_20261007_203924,fitstable,fitstable_io,wide_100000::predicate_filter,wide_100000 [predicate_filter],predicate_filter,smart,fitsio,fitsio_torch,smart,OK,,True,off,torchfits-gpu-exhaustive-cuda-20261007-203924,0.006665235385298729,845.74609375,0.0,15003221.074617473,rows/s,20.70648193359375,100000,"{'schema': 'wide', 'nrows': 100000, 'ncols': 41, 'variable': False, 'compressed': False, 'profile': 'base'}",False,2,1.1674919502630825,16.74919502630825
exhaustive_cuda_20261007_203924,fitstable,fitstable_io,wide_100000::predicate_filter,wide_100000 [predicate_filter],predicate_filter,specialized,torchfits,torchfits_specialized,specialized,OK,,True,off,torchfits-gpu-exhaustive-cuda-20261007-203924,0.005985016003251076,845.74609375,0.0,16708393.084609924,rows/s,20.70648193359375,100000,"{'schema': 'wide', 'nrows': 100000, 'ncols': 41, 'variable': False, 'compressed': False, 'profile': 'base'}",True,1,1.0,0.0
exhaustive_cuda_20261007_203924,fitstable,fitstable_io,wide_100000::predicate_filter,wide_100000 [predicate_filter],predicate_filter,specialized,astropy,astropy,specialized,OK,,True,off,torchfits-gpu-exhaustive-cuda-20261007-203924,0.013197781518101692,845.75,0.0,7577031.023194536,rows/s,20.70648193359375,100000,"{'schema': 'wide', 'nrows': 100000, 'ncols': 41, 'variable': False, 'compressed': False, 'profile': 'base'}",False,3,2.2051372144924297,120.51372144924298
exhaustive_cuda_20261007_203924,fitstable,fitstable_io,wide_100000::predicate_filter,wide_100000 [predicate_filter],predicate_filter,specialized,fitsio,fitsio,specialized,OK,,True,off,torchfits-gpu-exhaustive-cuda-20261007-203924,0.007100716233253479,845.74609375,0.0,14083086.369750757,rows/s,20.70648193359375,100000,"{'schema': 'wide', 'nrows': 100000, 'ncols': 41, 'variable': False, 'compressed': False, 'profile': 'base'}",False,2,1.1864155800746985,18.64155800746985
exhaustive_cuda_20261007_203924,fitstable,fitstable_io,wide_100000::predicate_filter_selective,wide_100000 [predicate_filter_selective],predicate_filter_selective,smart,torchfits,torchfits,smart,OK,,True,off,torchfits-gpu-exhaustive-cuda-20261007-203924,0.0060553643852472305,845.74609375,0.0,16514282.814033687,rows/s,20.70648193359375,100000,"{'schema': 'wide', 'nrows': 100000, 'ncols': 41, 'variable': False, 'compressed': False, 'profile': 'base'}",True,1,1.0,0.0
exhaustive_cuda_20261007_203924,fitstable,fitstable_io,wide_100000::predicate_filter_selective,wide_100000 [predicate_filter_selective],predicate_filter_selective,smart,astropy,astropy_torch,smart,FAILED,,False,off,torchfits-gpu-exhaustive-cuda-20261007-203924,,,,,rows/s,20.70648193359375,100000,"{'schema': 'wide', 'nrows': 100000, 'ncols': 41, 'variable': False, 'compressed': False, 'profile': 'base'}",False,,,
exhaustive_cuda_20261007_203924,fitstable,fitstable_io,wide_100000::predicate_filter_selective,wide_100000 [predicate_filter_selective],predicate_filter_selective,smart,fitsio,fitsio_torch,smart,OK,,True,off,torchfits-gpu-exhaustive-cuda-20261007-203924,0.006823668256402016,845.74609375,0.0,14654874.217570478,rows/s,20.70648193359375,100000,"{'schema': 'wide', 'nrows': 100000, 'ncols': 41, 'variable': False, 'compressed': False, 'profile': 'base'}",False,2,1.1268798741536703,12.68798741536703
exhaustive_cuda_20261007_203924,fitstable,fitstable_io,wide_100000::predicate_filter_selective,wide_100000 [predicate_filter_selective],predicate_filter_selective,specialized,torchfits,torchfits_specialized,specialized,OK,,True,off,torchfits-gpu-exhaustive-cuda-20261007-203924,0.006032416597008705,845.74609375,0.0,16577104.447591867,rows/s,20.70648193359375,100000,"{'schema': 'wide', 'nrows': 100000, 'ncols': 41, 'variable': False, 'compressed': False, 'profile': 'base'}",True,1,1.0,0.0
exhaustive_cuda_20261007_203924,fitstable,fitstable_io,wide_100000::predicate_filter_selective,wide_100000 [predicate_filter_selective],predicate_filter_selective,specialized,astropy,astropy,specialized,OK,,True,off,torchfits-gpu-exhaustive-cuda-20261007-203924,0.013287009671330452,845.75,0.0,7526147.9048797,rows/s,20.70648193359375,100000,"{'schema': 'wide', 'nrows': 100000, 'ncols': 41, 'variable': False, 'compressed': False, 'profile': 'base'}",False,3,2.202601471178082,120.26014711780819
exhaustive_cuda_20261007_203924,fitstable,fitstable_io,wide_100000::predicate_filter_selective,wide_100000 [predicate_filter_selective],predicate_filter_selective,specialized,fitsio,fitsio,specialized,OK,,True,off,torchfits-gpu-exhaustive-cuda-20261007-203924,0.0068533942103385925,845.74609375,0.0,14591310.076567082,rows/s,20.70648193359375,100000,"{'schema': 'wide', 'nrows': 100000, 'ncols': 41, 'variable': False, 'compressed': False, 'profile': 'base'}",False,2,1.1360943164530424,13.609431645304237
exhaustive_cuda_20261007_203924,fitstable,fitstable_io,wide_100000::scan_count,wide_100000 [scan_count],scan_count,smart,torchfits,torchfits,smart,OK,,True,off,torchfits-gpu-exhaustive-cuda-20261007-203924,2.425163984298706e-05,845.74609375,0.0,4123432503.8402457,rows/s,20.70648193359375,100000,"{'schema': 'wide', 'nrows': 100000, 'ncols': 41, 'variable': False, 'compressed': False, 'profile': 'base'}",True,1,1.0,0.0
exhaustive_cuda_20261007_203924,fitstable,fitstable_io,wide_100000::scan_count,wide_100000 [scan_count],scan_count,smart,astropy,astropy_torch,smart,OK,,True,off,torchfits-gpu-exhaustive-cuda-20261007-203924,0.0007964074611663818,845.74609375,0.0,125563866.33237286,rows/s,20.70648193359375,100000,"{'schema': 'wide', 'nrows': 100000, 'ncols': 41, 'variable': False, 'compressed': False, 'profile': 'base'}",False,3,32.83932411674347,3183.932411674347
exhaustive_cuda_20261007_203924,fitstable,fitstable_io,wide_100000::scan_count,wide_100000 [scan_count],scan_count,smart,fitsio,fitsio_torch,smart,OK,,True,off,torchfits-gpu-exhaustive-cuda-20261007-203924,0.0003387574106454849,845.74609375,0.0,295196494.17987674,rows/s,20.70648193359375,100000,"{'schema': 'wide', 'nrows': 100000, 'ncols': 41, 'variable': False, 'compressed': False, 'profile': 'base'}",False,2,13.968433179723503,1296.8433179723502
exhaustive_cuda_20261007_203924,fitstable,fitstable_io,wide_100000::scan_count,wide_100000 [scan_count],scan_count,specialized,torchfits,torchfits_specialized,specialized,OK,,True,off,torchfits-gpu-exhaustive-cuda-20261007-203924,2.425163984298706e-05,845.74609375,0.0,4123432503.8402457,rows/s,20.70648193359375,100000,"{'schema': 'wide', 'nrows': 100000, 'ncols': 41, 'variable': False, 'compressed': False, 'profile': 'base'}",True,1,1.0,0.0
exhaustive_cuda_20261007_203924,fitstable,fitstable_io,wide_100000::scan_count,wide_100000 [scan_count],scan_count,specialized,astropy,astropy,specialized,OK,,True,off,torchfits-gpu-exhaustive-cuda-20261007-203924,0.0007799398154020309,845.74609375,0.0,128215021.24295782,rows/s,20.70648193359375,100000,"{'schema': 'wide', 'nrows': 100000, 'ncols': 41, 'variable': False, 'compressed': False, 'profile': 'base'}",False,3,32.16029185867895,3116.029185867895
exhaustive_cuda_20261007_203924,fitstable,fitstable_io,wide_100000::scan_count,wide_100000 [scan_count],scan_count,specialized,fitsio,fitsio,specialized,OK,,True,off,torchfits-gpu-exhaustive-cuda-20261007-203924,0.00034705549478530884,845.74609375,0.0,288138356.840772,rows/s,20.70648193359375,100000,"{'schema': 'wide', 'nrows': 100000, 'ncols': 41, 'variable': False, 'compressed': False, 'profile': 'base'}",False,2,14.310599078341014,1331.0599078341013
exhaustive_cuda_20261007_203924,fitstable,fitstable_io,narrow_1000000::read_full,narrow_1000000 [read_full],read_full,smart,torchfits,torchfits,smart,OK,,True,off,torchfits-gpu-exhaustive-cuda-20261007-203924,0.009069913998246193,845.74609375,0.0,110254628.67601229,rows/s,12.403564453125,1000000,"{'schema': 'narrow', 'nrows': 1000000, 'ncols': 4, 'variable': False, 'compressed': False, 'profile': 'base'}",True,1,1.0,0.0
exhaustive_cuda_20261007_203924,fitstable,fitstable_io,narrow_1000000::read_full,narrow_1000000 [read_full],read_full,smart,astropy,astropy_torch,smart,OK,,True,off,torchfits-gpu-exhaustive-cuda-20261007-203924,0.013530446216464043,845.75,0.0,73907392.55762205,rows/s,12.403564453125,1000000,"{'schema': 'narrow', 'nrows': 1000000, 'ncols': 4, 'variable': False, 'compressed': False, 'profile': 'base'}",False,3,1.4917943234169984,49.17943234169984
exhaustive_cuda_20261007_203924,fitstable,fitstable_io,narrow_1000000::read_full,narrow_1000000 [read_full],read_full,smart,fitsio,fitsio_torch,smart,OK,,True,off,torchfits-gpu-exhaustive-cuda-20261007-203924,0.009282676503062248,845.74609375,0.0,107727550.31052859,rows/s,12.403564453125,1000000,"{'schema': 'narrow', 'nrows': 1000000, 'ncols': 4, 'variable': False, 'compressed': False, 'profile': 'base'}",False,2,1.0234580509646725,2.345805096467246
exhaustive_cuda_20261007_203924,fitstable,fitstable_io,narrow_1000000::read_full,narrow_1000000 [read_full],read_full,specialized,torchfits,torchfits_specialized,specialized,OK,,True,off,torchfits-gpu-exhaustive-cuda-20261007-203924,0.008939795196056366,849.84375,0.0,111859385.82140365,rows/s,12.403564453125,1000000,"{'schema': 'narrow', 'nrows': 1000000, 'ncols': 4, 'variable': False, 'compressed': False, 'profile': 'base'}",True,1,1.0,0.0
exhaustive_cuda_20261007_203924,fitstable,fitstable_io,narrow_1000000::read_full,narrow_1000000 [read_full],read_full,specialized,astropy,astropy,specialized,OK,,True,off,torchfits-gpu-exhaustive-cuda-20261007-203924,0.01227332092821598,849.84765625,0.0,81477540.2557128,rows/s,12.403564453125,1000000,"{'schema': 'narrow', 'nrows': 1000000, 'ncols': 4, 'variable': False, 'compressed': False, 'profile': 'base'}",False,3,1.3728861410192195,37.288614101921944
exhaustive_cuda_20261007_203924,fitstable,fitstable_io,narrow_1000000::read_full,narrow_1000000 [read_full],read_full,specialized,fitsio,fitsio,specialized,OK,,True,off,torchfits-gpu-exhaustive-cuda-20261007-203924,0.009425176307559013,849.84375,0.0,106098811.03210744,rows/s,12.403564453125,1000000,"{'schema': 'narrow', 'nrows': 1000000, 'ncols': 4, 'variable': False, 'compressed': False, 'profile': 'base'}",False,2,1.0542944330219963,5.4294433021996324
exhaustive_cuda_20261007_203924,fitstable,fitstable_io,narrow_1000000::projection,narrow_1000000 [projection],projection,smart,torchfits,torchfits,smart,OK,,True,off,torchfits-gpu-exhaustive-cuda-20261007-203924,0.006930001080036163,849.84375,0.0,144300121.8110606,rows/s,12.403564453125,1000000,"{'schema': 'narrow', 'nrows': 1000000, 'ncols': 4, 'variable': False, 'compressed': False, 'profile': 'base'}",True,1,1.0,0.0
exhaustive_cuda_20261007_203924,fitstable,fitstable_io,narrow_1000000::projection,narrow_1000000 [projection],projection,smart,astropy,astropy_torch,smart,OK,,True,off,torchfits-gpu-exhaustive-cuda-20261007-203924,0.011480564251542091,849.84765625,0.0,87103732.71641923,rows/s,12.403564453125,1000000,"{'schema': 'narrow', 'nrows': 1000000, 'ncols': 4, 'variable': False, 'compressed': False, 'profile': 'base'}",False,2,1.6566468199572317,65.66468199572317
exhaustive_cuda_20261007_203924,fitstable,fitstable_io,narrow_1000000::projection,narrow_1000000 [projection],projection,smart,fitsio,fitsio_torch,smart,OK,,True,off,torchfits-gpu-exhaustive-cuda-20261007-203924,0.04093455523252487,849.84765625,0.0,24429238.190560386,rows/s,12.403564453125,1000000,"{'schema': 'narrow', 'nrows': 1000000, 'ncols': 4, 'variable': False, 'compressed': False, 'profile': 'base'}",False,3,5.906861306334927,490.6861306334927
exhaustive_cuda_20261007_203924,fitstable,fitstable_io,narrow_1000000::projection,narrow_1000000 [projection],projection,specialized,torchfits,torchfits_specialized,specialized,OK,,True,off,torchfits-gpu-exhaustive-cuda-20261007-203924,0.006766993552446365,849.84375,0.0,147776112.42713326,rows/s,12.403564453125,1000000,"{'schema': 'narrow', 'nrows': 1000000, 'ncols': 4, 'variable': False, 'compressed': False, 'profile': 'base'}",True,1,1.0,0.0
exhaustive_cuda_20261007_203924,fitstable,fitstable_io,narrow_1000000::projection,narrow_1000000 [projection],projection,specialized,astropy,astropy,specialized,OK,,True,off,torchfits-gpu-exhaustive-cuda-20261007-203924,0.01060931384563446,849.84765625,0.0,94256802.5180518,rows/s,12.403564453125,1000000,"{'schema': 'narrow', 'nrows': 1000000, 'ncols': 4, 'variable': False, 'compressed': False, 'profile': 'base'}",False,2,1.5678031556272196,56.78031556272196
exhaustive_cuda_20261007_203924,fitstable,fitstable_io,narrow_1000000::projection,narrow_1000000 [projection],projection,specialized,fitsio,fitsio,specialized,OK,,True,off,torchfits-gpu-exhaustive-cuda-20261007-203924,0.03928611986339092,849.84765625,0.0,25454282.669738982,rows/s,12.403564453125,1000000,"{'schema': 'narrow', 'nrows': 1000000, 'ncols': 4, 'variable': False, 'compressed': False, 'profile': 'base'}",False,3,5.805550065758291,480.55500657582905
exhaustive_cuda_20261007_203924,fitstable,fitstable_io,narrow_1000000::row_slice,narrow_1000000 [row_slice],row_slice,smart,torchfits,torchfits,smart,OK,,True,off,torchfits-gpu-exhaustive-cuda-20261007-203924,0.00032057985663414,849.91015625,0.0,3119347580.0360236,rows/s,12.403564453125,1000000,"{'schema': 'narrow', 'nrows': 1000000, 'ncols': 4, 'variable': False, 'compressed': False, 'profile': 'base'}",True,1,1.0,0.0
exhaustive_cuda_20261007_203924,fitstable,fitstable_io,narrow_1000000::row_slice,narrow_1000000 [row_slice],row_slice,smart,astropy,astropy_torch,smart,OK,,True,off,torchfits-gpu-exhaustive-cuda-20261007-203924,0.006866129115223885,849.91015625,0.0,145642469.46401808,rows/s,12.403564453125,1000000,"{'schema': 'narrow', 'nrows': 1000000, 'ncols': 4, 'variable': False, 'compressed': False, 'profile': 'base'}",False,3,21.417843239788507,2041.7843239788506
exhaustive_cuda_20261007_203924,fitstable,fitstable_io,narrow_1000000::row_slice,narrow_1000000 [row_slice],row_slice,smart,fitsio,fitsio_torch,smart,OK,,True,off,torchfits-gpu-exhaustive-cuda-20261007-203924,0.0009461455047130585,849.91015625,0.0,1056919887.077278,rows/s,12.403564453125,1000000,"{'schema': 'narrow', 'nrows': 1000000, 'ncols': 4, 'variable': False, 'compressed': False, 'profile': 'base'}",False,2,2.951356690488641,195.1356690488641
exhaustive_cuda_20261007_203924,fitstable,fitstable_io,narrow_1000000::row_slice,narrow_1000000 [row_slice],row_slice,specialized,torchfits,torchfits_specialized,specialized,OK,,True,off,torchfits-gpu-exhaustive-cuda-20261007-203924,0.000247076153755188,849.91015625,0.0,4047335142.6331344,rows/s,12.403564453125,1000000,"{'schema': 'narrow', 'nrows': 1000000, 'ncols': 4, 'variable': False, 'compressed': False, 'profile': 'base'}",True,1,1.0,0.0
exhaustive_cuda_20261007_203924,fitstable,fitstable_io,narrow_1000000::row_slice,narrow_1000000 [row_slice],row_slice,specialized,astropy,astropy,specialized,OK,,True,off,torchfits-gpu-exhaustive-cuda-20261007-203924,0.00680861622095108,849.91015625,0.0,146872722.37827972,rows/s,12.403564453125,1000000,"{'schema': 'narrow', 'nrows': 1000000, 'ncols': 4, 'variable': False, 'compressed': False, 'profile': 'base'}",False,3,27.556751703757314,2655.6751703757313
exhaustive_cuda_20261007_203924,fitstable,fitstable_io,narrow_1000000::row_slice,narrow_1000000 [row_slice],row_slice,specialized,fitsio,fitsio,specialized,OK,,True,off,torchfits-gpu-exhaustive-cuda-20261007-203924,0.0009133368730545044,849.91015625,0.0,1094886267.599889,rows/s,12.403564453125,1000000,"{'schema': 'narrow', 'nrows': 1000000, 'ncols': 4, 'variable': False, 'compressed': False, 'profile': 'base'}",False,2,3.6965804233761532,269.6580423376153
exhaustive_cuda_20261007_203924,fitstable,fitstable_io,narrow_1000000::predicate_filter,narrow_1000000 [predicate_filter],predicate_filter,smart,torchfits,torchfits,smart,OK,,True,off,torchfits-gpu-exhaustive-cuda-20261007-203924,0.008454492315649986,849.91015625,0.0,118280313.31330383,rows/s,12.403564453125,1000000,"{'schema': 'narrow', 'nrows': 1000000, 'ncols': 4, 'variable': False, 'compressed': False, 'profile': 'base'}",True,1,1.0,0.0
exhaustive_cuda_20261007_203924,fitstable,fitstable_io,narrow_1000000::predicate_filter,narrow_1000000 [predicate_filter],predicate_filter,smart,astropy,astropy_torch,smart,FAILED,,False,off,torchfits-gpu-exhaustive-cuda-20261007-203924,,,,,rows/s,12.403564453125,1000000,"{'schema': 'narrow', 'nrows': 1000000, 'ncols': 4, 'variable': False, 'compressed': False, 'profile': 'base'}",False,,,
exhaustive_cuda_20261007_203924,fitstable,fitstable_io,narrow_1000000::predicate_filter,narrow_1000000 [predicate_filter],predicate_filter,smart,fitsio,fitsio_torch,smart,OK,,True,off,torchfits-gpu-exhaustive-cuda-20261007-203924,0.02196972444653511,849.9140625,0.0,45517184.452339,rows/s,12.403564453125,1000000,"{'schema': 'narrow', 'nrows': 1000000, 'ncols': 4, 'variable': False, 'compressed': False, 'profile': 'base'}",False,2,2.5985858909431236,159.85858909431238
exhaustive_cuda_20261007_203924,fitstable,fitstable_io,narrow_1000000::predicate_filter,narrow_1000000 [predicate_filter],predicate_filter,specialized,torchfits,torchfits_specialized,specialized,OK,,True,off,torchfits-gpu-exhaustive-cuda-20261007-203924,0.008507698774337769,849.91015625,0.0,117540597.81904292,rows/s,12.403564453125,1000000,"{'schema': 'narrow', 'nrows': 1000000, 'ncols': 4, 'variable': False, 'compressed': False, 'profile': 'base'}",True,1,1.0,0.0
exhaustive_cuda_20261007_203924,fitstable,fitstable_io,narrow_1000000::predicate_filter,narrow_1000000 [predicate_filter],predicate_filter,specialized,astropy,astropy,specialized,OK,,True,off,torchfits-gpu-exhaustive-cuda-20261007-203924,0.012963810935616493,849.9140625,0.0,77137811.17037287,rows/s,12.403564453125,1000000,"{'schema': 'narrow', 'nrows': 1000000, 'ncols': 4, 'variable': False, 'compressed': False, 'profile': 'base'}",False,2,1.5237740873854086,52.377408738540865
exhaustive_cuda_20261007_203924,fitstable,fitstable_io,narrow_1000000::predicate_filter,narrow_1000000 [predicate_filter],predicate_filter,specialized,fitsio,fitsio,specialized,OK,,True,off,torchfits-gpu-exhaustive-cuda-20261007-203924,0.021625950932502747,849.9140625,0.0,46240741.18734122,rows/s,12.403564453125,1000000,"{'schema': 'narrow', 'nrows': 1000000, 'ncols': 4, 'variable': False, 'compressed': False, 'profile': 'base'}",False,3,2.5419272010116614,154.19272010116615
exhaustive_cuda_20261007_203924,fitstable,fitstable_io,narrow_1000000::predicate_filter_selective,narrow_1000000 [predicate_filter_selective],predicate_filter_selective,smart,torchfits,torchfits,smart,OK,,True,off,torchfits-gpu-exhaustive-cuda-20261007-203924,0.007867919281125069,849.91015625,0.0,127098406.10578881,rows/s,12.403564453125,1000000,"{'schema': 'narrow', 'nrows': 1000000, 'ncols': 4, 'variable': False, 'compressed': False, 'profile': 'base'}",True,1,1.0,0.0
exhaustive_cuda_20261007_203924,fitstable,fitstable_io,narrow_1000000::predicate_filter_selective,narrow_1000000 [predicate_filter_selective],predicate_filter_selective,smart,astropy,astropy_torch,smart,FAILED,,False,off,torchfits-gpu-exhaustive-cuda-20261007-203924,,,,,rows/s,12.403564453125,1000000,"{'schema': 'narrow', 'nrows': 1000000, 'ncols': 4, 'variable': False, 'compressed': False, 'profile': 'base'}",False,,,
exhaustive_cuda_20261007_203924,fitstable,fitstable_io,narrow_1000000::predicate_filter_selective,narrow_1000000 [predicate_filter_selective],predicate_filter_selective,smart,fitsio,fitsio_torch,smart,OK,,True,off,torchfits-gpu-exhaustive-cuda-20261007-203924,0.017728468403220177,849.9140625,0.0,56406451.886072755,rows/s,12.403564453125,1000000,"{'schema': 'narrow', 'nrows': 1000000, 'ncols': 4, 'variable': False, 'compressed': False, 'profile': 'base'}",False,2,2.2532600767461233,125.32600767461233
exhaustive_cuda_20261007_203924,fitstable,fitstable_io,narrow_1000000::predicate_filter_selective,narrow_1000000 [predicate_filter_selective],predicate_filter_selective,specialized,torchfits,torchfits_specialized,specialized,OK,,True,off,torchfits-gpu-exhaustive-cuda-20261007-203924,0.007838983088731766,849.91015625,0.0,127567566.95105788,rows/s,12.403564453125,1000000,"{'schema': 'narrow', 'nrows': 1000000, 'ncols': 4, 'variable': False, 'compressed': False, 'profile': 'base'}",True,1,1.0,0.0
exhaustive_cuda_20261007_203924,fitstable,fitstable_io,narrow_1000000::predicate_filter_selective,narrow_1000000 [predicate_filter_selective],predicate_filter_selective,specialized,astropy,astropy,specialized,OK,,True,off,torchfits-gpu-exhaustive-cuda-20261007-203924,0.008359035477042198,849.91015625,0.0,119631027.13781577,rows/s,12.403564453125,1000000,"{'schema': 'narrow', 'nrows': 1000000, 'ncols': 4, 'variable': False, 'compressed': False, 'profile': 'base'}",False,2,1.0663418178638486,6.634181786384863
exhaustive_cuda_20261007_203924,fitstable,fitstable_io,narrow_1000000::predicate_filter_selective,narrow_1000000 [predicate_filter_selective],predicate_filter_selective,specialized,fitsio,fitsio,specialized,OK,,True,off,torchfits-gpu-exhaustive-cuda-20261007-203924,0.017279457300901413,849.9140625,0.0,57872187.91575319,rows/s,12.403564453125,1000000,"{'schema': 'narrow', 'nrows': 1000000, 'ncols': 4, 'variable': False, 'compressed': False, 'profile': 'base'}",False,3,2.204298326110687,120.4298326110687
exhaustive_cuda_20261007_203924,fitstable,fitstable_io,narrow_1000000::scan_count,narrow_1000000 [scan_count],scan_count,smart,torchfits,torchfits,smart,OK,,True,off,torchfits-gpu-exhaustive-cuda-20261007-203924,2.7049332857131958e-05,849.91015625,0.0,36969488500.20658,rows/s,12.403564453125,1000000,"{'schema': 'narrow', 'nrows': 1000000, 'ncols': 4, 'variable': False, 'compressed': False, 'profile': 'base'}",True,1,1.0,0.0
exhaustive_cuda_20261007_203924,fitstable,fitstable_io,narrow_1000000::scan_count,narrow_1000000 [scan_count],scan_count,smart,astropy,astropy_torch,smart,OK,,True,off,torchfits-gpu-exhaustive-cuda-20261007-203924,0.0006594881415367126,849.91015625,0.0,1516327492.5153928,rows/s,12.403564453125,1000000,"{'schema': 'narrow', 'nrows': 1000000, 'ncols': 4, 'variable': False, 'compressed': False, 'profile': 'base'}",False,3,24.38093926456411,2338.093926456411
exhaustive_cuda_20261007_203924,fitstable,fitstable_io,narrow_1000000::scan_count,narrow_1000000 [scan_count],scan_count,smart,fitsio,fitsio_torch,smart,OK,,True,off,torchfits-gpu-exhaustive-cuda-20261007-203924,0.00010956078767776489,849.91015625,0.0,9127353145.188711,rows/s,12.403564453125,1000000,"{'schema': 'narrow', 'nrows': 1000000, 'ncols': 4, 'variable': False, 'compressed': False, 'profile': 'base'}",False,2,4.050406280126705,305.0406280126705
exhaustive_cuda_20261007_203924,fitstable,fitstable_io,narrow_1000000::scan_count,narrow_1000000 [scan_count],scan_count,specialized,torchfits,torchfits_specialized,specialized,OK,,True,off,torchfits-gpu-exhaustive-cuda-20261007-203924,2.8893351554870605e-05,849.91015625,0.0,34610038164.00206,rows/s,12.403564453125,1000000,"{'schema': 'narrow', 'nrows': 1000000, 'ncols': 4, 'variable': False, 'compressed': False, 'profile': 'base'}",True,1,1.0,0.0
exhaustive_cuda_20261007_203924,fitstable,fitstable_io,narrow_1000000::scan_count,narrow_1000000 [scan_count],scan_count,specialized,astropy,astropy,specialized,OK,,True,off,torchfits-gpu-exhaustive-cuda-20261007-203924,0.0006677806377410889,849.91015625,0.0,1497497746.2400143,rows/s,12.403564453125,1000000,"{'schema': 'narrow', 'nrows': 1000000, 'ncols': 4, 'variable': False, 'compressed': False, 'profile': 'base'}",False,3,23.111913357400724,2211.191335740072
exhaustive_cuda_20261007_203924,fitstable,fitstable_io,narrow_1000000::scan_count,narrow_1000000 [scan_count],scan_count,specialized,fitsio,fitsio,specialized,OK,,True,off,torchfits-gpu-exhaustive-cuda-20261007-203924,0.00011080503463745117,849.91015625,0.0,9024860677.783754,rows/s,12.403564453125,1000000,"{'schema': 'narrow', 'nrows': 1000000, 'ncols': 4, 'variable': False, 'compressed': False, 'profile': 'base'}",False,2,3.8349664775657555,283.49664775657556
exhaustive_cuda_20261007_203924,fitstable,fitstable_io,mixed_1000000::read_full,mixed_1000000 [read_full],read_full,smart,torchfits,torchfits,smart,OK,,True,off,torchfits-gpu-exhaustive-cuda-20261007-203924,0.02760186791419983,909.76171875,0.0,36229432.12062646,rows/s,50.55084228515625,1000000,"{'schema': 'mixed', 'nrows': 1000000, 'ncols': 8, 'variable': False, 'compressed': False, 'profile': 'base'}",True,1,1.0,0.0
exhaustive_cuda_20261007_203924,fitstable,fitstable_io,mixed_1000000::read_full,mixed_1000000 [read_full],read_full,smart,astropy,astropy_torch,smart,OK,,True,off,torchfits-gpu-exhaustive-cuda-20261007-203924,0.8986864257603884,1087.45703125,0.0,1112735.1780726954,rows/s,50.55084228515625,1000000,"{'schema': 'mixed', 'nrows': 1000000, 'ncols': 8, 'variable': False, 'compressed': False, 'profile': 'base'}",False,3,32.5588988598144,3155.88988598144
exhaustive_cuda_20261007_203924,fitstable,fitstable_io,mixed_1000000::read_full,mixed_1000000 [read_full],read_full,smart,fitsio,fitsio_torch,smart,OK,,True,off,torchfits-gpu-exhaustive-cuda-20261007-203924,0.6272008176892996,1101.6015625,0.0,1594385.676479421,rows/s,50.55084228515625,1000000,"{'schema': 'mixed', 'nrows': 1000000, 'ncols': 8, 'variable': False, 'compressed': False, 'profile': 'base'}",False,2,22.723129450475888,2172.312945047589
exhaustive_cuda_20261007_203924,fitstable,fitstable_io,mixed_1000000::read_full,mixed_1000000 [read_full],read_full,specialized,torchfits,torchfits_specialized,specialized,OK,,True,off,torchfits-gpu-exhaustive-cuda-20261007-203924,0.025518683716654778,909.76171875,0.0,39186974.18344308,rows/s,50.55084228515625,1000000,"{'schema': 'mixed', 'nrows': 1000000, 'ncols': 8, 'variable': False, 'compressed': False, 'profile': 'base'}",True,1,1.0,0.0
exhaustive_cuda_20261007_203924,fitstable,fitstable_io,mixed_1000000::read_full,mixed_1000000 [read_full],read_full,specialized,astropy,astropy,specialized,OK,,True,off,torchfits-gpu-exhaustive-cuda-20261007-203924,0.43783258832991123,1087.4453125,0.0,2283978.0013051243,rows/s,50.55084228515625,1000000,"{'schema': 'mixed', 'nrows': 1000000, 'ncols': 8, 'variable': False, 'compressed': False, 'profile': 'base'}",False,3,17.157334335554292,1615.7334335554292
exhaustive_cuda_20261007_203924,fitstable,fitstable_io,mixed_1000000::read_full,mixed_1000000 [read_full],read_full,specialized,fitsio,fitsio,specialized,OK,,True,off,torchfits-gpu-exhaustive-cuda-20261007-203924,0.15330640599131584,1006.0859375,0.0,6522884.634427121,rows/s,50.55084228515625,1000000,"{'schema': 'mixed', 'nrows': 1000000, 'ncols': 8, 'variable': False, 'compressed': False, 'profile': 'base'}",False,2,6.007614173738137,500.7614173738137
exhaustive_cuda_20261007_203924,fitstable,fitstable_io,mixed_1000000::projection,mixed_1000000 [projection],projection,smart,torchfits,torchfits,smart,OK,,True,off,torchfits-gpu-exhaustive-cuda-20261007-203924,0.015218570828437805,909.76171875,0.0,65709192.49075444,rows/s,50.55084228515625,1000000,"{'schema': 'mixed', 'nrows': 1000000, 'ncols': 8, 'variable': False, 'compressed': False, 'profile': 'base'}",True,1,1.0,0.0
exhaustive_cuda_20261007_203924,fitstable,fitstable_io,mixed_1000000::projection,mixed_1000000 [projection],projection,smart,astropy,astropy_torch,smart,OK,,True,off,torchfits-gpu-exhaustive-cuda-20261007-203924,0.03560264781117439,960.30859375,0.0,28087798.562165815,rows/s,50.55084228515625,1000000,"{'schema': 'mixed', 'nrows': 1000000, 'ncols': 8, 'variable': False, 'compressed': False, 'profile': 'base'}",False,2,2.3394212382049955,133.94212382049955
exhaustive_cuda_20261007_203924,fitstable,fitstable_io,mixed_1000000::projection,mixed_1000000 [projection],projection,smart,fitsio,fitsio_torch,smart,OK,,True,off,torchfits-gpu-exhaustive-cuda-20261007-203924,0.05445628985762596,909.76171875,0.0,18363351.646145277,rows/s,50.55084228515625,1000000,"{'schema': 'mixed', 'nrows': 1000000, 'ncols': 8, 'variable': False, 'compressed': False, 'profile': 'base'}",False,3,3.578278832587063,257.82788325870627
exhaustive_cuda_20261007_203924,fitstable,fitstable_io,mixed_1000000::projection,mixed_1000000 [projection],projection,specialized,torchfits,torchfits_specialized,specialized,OK,,True,off,torchfits-gpu-exhaustive-cuda-20261007-203924,0.015245767310261726,909.76171875,0.0,65591975.76936079,rows/s,50.55084228515625,1000000,"{'schema': 'mixed', 'nrows': 1000000, 'ncols': 8, 'variable': False, 'compressed': False, 'profile': 'base'}",True,1,1.0,0.0
exhaustive_cuda_20261007_203924,fitstable,fitstable_io,mixed_1000000::projection,mixed_1000000 [projection],projection,specialized,astropy,astropy,specialized,OK,,True,off,torchfits-gpu-exhaustive-cuda-20261007-203924,0.0324031226336956,960.30859375,0.0,30861223.200757585,rows/s,50.55084228515625,1000000,"{'schema': 'mixed', 'nrows': 1000000, 'ncols': 8, 'variable': False, 'compressed': False, 'profile': 'base'}",False,2,2.1253848346409883,112.53848346409883
exhaustive_cuda_20261007_203924,fitstable,fitstable_io,mixed_1000000::projection,mixed_1000000 [projection],projection,specialized,fitsio,fitsio,specialized,OK,,True,off,torchfits-gpu-exhaustive-cuda-20261007-203924,0.05038452707231045,909.76171875,0.0,19847363.032004416,rows/s,50.55084228515625,1000000,"{'schema': 'mixed', 'nrows': 1000000, 'ncols': 8, 'variable': False, 'compressed': False, 'profile': 'base'}",False,3,3.3048206788776895,230.48206788776895
exhaustive_cuda_20261007_203924,fitstable,fitstable_io,mixed_1000000::row_slice,mixed_1000000 [row_slice],row_slice,smart,torchfits,torchfits,smart,OK,,True,off,torchfits-gpu-exhaustive-cuda-20261007-203924,0.0005216002464294434,909.7578125,0.0,1917177008.3419037,rows/s,50.55084228515625,1000000,"{'schema': 'mixed', 'nrows': 1000000, 'ncols': 8, 'variable': False, 'compressed': False, 'profile': 'base'}",True,1,1.0,0.0
exhaustive_cuda_20261007_203924,fitstable,fitstable_io,mixed_1000000::row_slice,mixed_1000000 [row_slice],row_slice,smart,astropy,astropy_torch,smart,OK,,True,off,torchfits-gpu-exhaustive-cuda-20261007-203924,0.02888316661119461,960.30859375,0.0,34622242.54913994,rows/s,50.55084228515625,1000000,"{'schema': 'mixed', 'nrows': 1000000, 'ncols': 8, 'variable': False, 'compressed': False, 'profile': 'base'}",False,3,55.374142955090846,5437.414295509085
exhaustive_cuda_20261007_203924,fitstable,fitstable_io,mixed_1000000::row_slice,mixed_1000000 [row_slice],row_slice,smart,fitsio,fitsio_torch,smart,OK,,True,off,torchfits-gpu-exhaustive-cuda-20261007-203924,0.006486784666776657,909.7578125,0.0,154159580.03380266,rows/s,50.55084228515625,1000000,"{'schema': 'mixed', 'nrows': 1000000, 'ncols': 8, 'variable': False, 'compressed': False, 'profile': 'base'}",False,2,12.436314421209005,1143.6314421209004
exhaustive_cuda_20261007_203924,fitstable,fitstable_io,mixed_1000000::row_slice,mixed_1000000 [row_slice],row_slice,specialized,torchfits,torchfits_specialized,specialized,OK,,True,off,torchfits-gpu-exhaustive-cuda-20261007-203924,0.00047300010919570923,909.7578125,0.0,2114164416.791368,rows/s,50.55084228515625,1000000,"{'schema': 'mixed', 'nrows': 1000000, 'ncols': 8, 'variable': False, 'compressed': False, 'profile': 'base'}",True,1,1.0,0.0
exhaustive_cuda_20261007_203924,fitstable,fitstable_io,mixed_1000000::row_slice,mixed_1000000 [row_slice],row_slice,specialized,astropy,astropy,specialized,OK,,True,off,torchfits-gpu-exhaustive-cuda-20261007-203924,0.0240927767008543,944.30859375,0.0,41506216.25794345,rows/s,50.55084228515625,1000000,"{'schema': 'mixed', 'nrows': 1000000, 'ncols': 8, 'variable': False, 'compressed': False, 'profile': 'base'}",False,3,50.936091202646296,4993.609120264629
exhaustive_cuda_20261007_203924,fitstable,fitstable_io,mixed_1000000::row_slice,mixed_1000000 [row_slice],row_slice,specialized,fitsio,fitsio,specialized,OK,,True,off,torchfits-gpu-exhaustive-cuda-20261007-203924,0.002107614651322365,909.7578125,0.0,474470036.2433795,rows/s,50.55084228515625,1000000,"{'schema': 'mixed', 'nrows': 1000000, 'ncols': 8, 'variable': False, 'compressed': False, 'profile': 'base'}",False,2,4.45584390013389,345.584390013389
exhaustive_cuda_20261007_203924,fitstable,fitstable_io,mixed_1000000::predicate_filter,mixed_1000000 [predicate_filter],predicate_filter,smart,torchfits,torchfits,smart,OK,,True,off,torchfits-gpu-exhaustive-cuda-20261007-203924,0.017159199342131615,909.76171875,0.0,58277777.42197231,rows/s,50.55084228515625,1000000,"{'schema': 'mixed', 'nrows': 1000000, 'ncols': 8, 'variable': False, 'compressed': False, 'profile': 'base'}",True,1,1.0,0.0
exhaustive_cuda_20261007_203924,fitstable,fitstable_io,mixed_1000000::predicate_filter,mixed_1000000 [predicate_filter],predicate_filter,smart,astropy,astropy_torch,smart,FAILED,,False,off,torchfits-gpu-exhaustive-cuda-20261007-203924,,,,,rows/s,50.55084228515625,1000000,"{'schema': 'mixed', 'nrows': 1000000, 'ncols': 8, 'variable': False, 'compressed': False, 'profile': 'base'}",False,,,
exhaustive_cuda_20261007_203924,fitstable,fitstable_io,mixed_1000000::predicate_filter,mixed_1000000 [predicate_filter],predicate_filter,smart,fitsio,fitsio_torch,smart,OK,,True,off,torchfits-gpu-exhaustive-cuda-20261007-203924,0.030957456678152084,909.76171875,0.0,32302395.199853092,rows/s,50.55084228515625,1000000,"{'schema': 'mixed', 'nrows': 1000000, 'ncols': 8, 'variable': False, 'compressed': False, 'profile': 'base'}",False,2,1.8041317698396975,80.41317698396975
exhaustive_cuda_20261007_203924,fitstable,fitstable_io,mixed_1000000::predicate_filter,mixed_1000000 [predicate_filter],predicate_filter,specialized,torchfits,torchfits_specialized,specialized,OK,,True,off,torchfits-gpu-exhaustive-cuda-20261007-203924,0.017693310976028442,909.76171875,0.0,56518534.11466273,rows/s,50.55084228515625,1000000,"{'schema': 'mixed', 'nrows': 1000000, 'ncols': 8, 'variable': False, 'compressed': False, 'profile': 'base'}",True,1,1.0,0.0
exhaustive_cuda_20261007_203924,fitstable,fitstable_io,mixed_1000000::predicate_filter,mixed_1000000 [predicate_filter],predicate_filter,specialized,astropy,astropy,specialized,OK,,True,off,torchfits-gpu-exhaustive-cuda-20261007-203924,0.029602132737636566,960.30859375,0.0,33781349.77175432,rows/s,50.55084228515625,1000000,"{'schema': 'mixed', 'nrows': 1000000, 'ncols': 8, 'variable': False, 'compressed': False, 'profile': 'base'}",False,2,1.6730691489988867,67.30691489988867
exhaustive_cuda_20261007_203924,fitstable,fitstable_io,mixed_1000000::predicate_filter,mixed_1000000 [predicate_filter],predicate_filter,specialized,fitsio,fitsio,specialized,OK,,True,off,torchfits-gpu-exhaustive-cuda-20261007-203924,0.0312849935144186,909.76171875,0.0,31964206.722277913,rows/s,50.55084228515625,1000000,"{'schema': 'mixed', 'nrows': 1000000, 'ncols': 8, 'variable': False, 'compressed': False, 'profile': 'base'}",False,3,1.76818197322167,76.818197322167
exhaustive_cuda_20261007_203924,fitstable,fitstable_io,mixed_1000000::predicate_filter_selective,mixed_1000000 [predicate_filter_selective],predicate_filter_selective,smart,torchfits,torchfits,smart,OK,,True,off,torchfits-gpu-exhaustive-cuda-20261007-203924,0.01668785884976387,909.76171875,0.0,59923805.02512159,rows/s,50.55084228515625,1000000,"{'schema': 'mixed', 'nrows': 1000000, 'ncols': 8, 'variable': False, 'compressed': False, 'profile': 'base'}",True,1,1.0,0.0
exhaustive_cuda_20261007_203924,fitstable,fitstable_io,mixed_1000000::predicate_filter_selective,mixed_1000000 [predicate_filter_selective],predicate_filter_selective,smart,astropy,astropy_torch,smart,FAILED,,False,off,torchfits-gpu-exhaustive-cuda-20261007-203924,,,,,rows/s,50.55084228515625,1000000,"{'schema': 'mixed', 'nrows': 1000000, 'ncols': 8, 'variable': False, 'compressed': False, 'profile': 'base'}",False,,,
exhaustive_cuda_20261007_203924,fitstable,fitstable_io,mixed_1000000::predicate_filter_selective,mixed_1000000 [predicate_filter_selective],predicate_filter_selective,smart,fitsio,fitsio_torch,smart,OK,,True,off,torchfits-gpu-exhaustive-cuda-20261007-203924,0.026445819064974785,909.76171875,0.0,37813160.46756192,rows/s,50.55084228515625,1000000,"{'schema': 'mixed', 'nrows': 1000000, 'ncols': 8, 'variable': False, 'compressed': False, 'profile': 'base'}",False,2,1.5847341053791923,58.473410537919236
exhaustive_cuda_20261007_203924,fitstable,fitstable_io,mixed_1000000::predicate_filter_selective,mixed_1000000 [predicate_filter_selective],predicate_filter_selective,specialized,torchfits,torchfits_specialized,specialized,OK,,True,off,torchfits-gpu-exhaustive-cuda-20261007-203924,0.01734386757016182,909.76171875,0.0,57657266.80941614,rows/s,50.55084228515625,1000000,"{'schema': 'mixed', 'nrows': 1000000, 'ncols': 8, 'variable': False, 'compressed': False, 'profile': 'base'}",True,1,1.0,0.0
exhaustive_cuda_20261007_203924,fitstable,fitstable_io,mixed_1000000::predicate_filter_selective,mixed_1000000 [predicate_filter_selective],predicate_filter_selective,specialized,astropy,astropy,specialized,OK,,True,off,torchfits-gpu-exhaustive-cuda-20261007-203924,0.02474280819296837,960.30859375,0.0,40415784.3443247,rows/s,50.55084228515625,1000000,"{'schema': 'mixed', 'nrows': 1000000, 'ncols': 8, 'variable': False, 'compressed': False, 'profile': 'base'}",False,2,1.4266026935961849,42.66026935961848
exhaustive_cuda_20261007_203924,fitstable,fitstable_io,mixed_1000000::predicate_filter_selective,mixed_1000000 [predicate_filter_selective],predicate_filter_selective,specialized,fitsio,fitsio,specialized,OK,,True,off,torchfits-gpu-exhaustive-cuda-20261007-203924,0.027281684800982475,909.76171875,0.0,36654627.72167164,rows/s,50.55084228515625,1000000,"{'schema': 'mixed', 'nrows': 1000000, 'ncols': 8, 'variable': False, 'compressed': False, 'profile': 'base'}",False,3,1.5729873795806395,57.29873795806395
exhaustive_cuda_20261007_203924,fitstable,fitstable_io,mixed_1000000::scan_count,mixed_1000000 [scan_count],scan_count,smart,torchfits,torchfits,smart,OK,,True,off,torchfits-gpu-exhaustive-cuda-20261007-203924,2.7876347303390503e-05,909.7578125,0.0,35872705599.35854,rows/s,50.55084228515625,1000000,"{'schema': 'mixed', 'nrows': 1000000, 'ncols': 8, 'variable': False, 'compressed': False, 'profile': 'base'}",True,1,1.0,0.0
exhaustive_cuda_20261007_203924,fitstable,fitstable_io,mixed_1000000::scan_count,mixed_1000000 [scan_count],scan_count,smart,astropy,astropy_torch,smart,OK,,True,off,torchfits-gpu-exhaustive-cuda-20261007-203924,0.0006594303995370865,909.7578125,0.0,1516460267.379226,rows/s,50.55084228515625,1000000,"{'schema': 'mixed', 'nrows': 1000000, 'ncols': 8, 'variable': False, 'compressed': False, 'profile': 'base'}",False,3,23.655552585861287,2265.5552585861287
exhaustive_cuda_20261007_203924,fitstable,fitstable_io,mixed_1000000::scan_count,mixed_1000000 [scan_count],scan_count,smart,fitsio,fitsio_torch,smart,OK,,True,off,torchfits-gpu-exhaustive-cuda-20261007-203924,0.0001273471862077713,909.7578125,0.0,7852548845.2368765,rows/s,50.55084228515625,1000000,"{'schema': 'mixed', 'nrows': 1000000, 'ncols': 8, 'variable': False, 'compressed': False, 'profile': 'base'}",False,2,4.568288119738073,356.82881197380726
exhaustive_cuda_20261007_203924,fitstable,fitstable_io,mixed_1000000::scan_count,mixed_1000000 [scan_count],scan_count,specialized,torchfits,torchfits_specialized,specialized,OK,,True,off,torchfits-gpu-exhaustive-cuda-20261007-203924,2.8384849429130554e-05,909.7578125,0.0,35230061815.07973,rows/s,50.55084228515625,1000000,"{'schema': 'mixed', 'nrows': 1000000, 'ncols': 8, 'variable': False, 'compressed': False, 'profile': 'base'}",True,1,1.0,0.0
exhaustive_cuda_20261007_203924,fitstable,fitstable_io,mixed_1000000::scan_count,mixed_1000000 [scan_count],scan_count,specialized,astropy,astropy,specialized,OK,,True,off,torchfits-gpu-exhaustive-cuda-20261007-203924,0.000651216134428978,909.7578125,0.0,1535588489.1839402,rows/s,50.55084228515625,1000000,"{'schema': 'mixed', 'nrows': 1000000, 'ncols': 8, 'variable': False, 'compressed': False, 'profile': 'base'}",False,3,22.942384670910165,2194.2384670910164
exhaustive_cuda_20261007_203924,fitstable,fitstable_io,mixed_1000000::scan_count,mixed_1000000 [scan_count],scan_count,specialized,fitsio,fitsio,specialized,OK,,True,off,torchfits-gpu-exhaustive-cuda-20261007-203924,0.00012473389506340027,909.7578125,0.0,8017067048.950213,rows/s,50.55084228515625,1000000,"{'schema': 'mixed', 'nrows': 1000000, 'ncols': 8, 'variable': False, 'compressed': False, 'profile': 'base'}",False,2,4.39438283351926,339.43828335192603
exhaustive_cuda_20261007_203924,fitstable,fitstable_io,varlen_1000::read_full,varlen_1000 [read_full],read_full,smart,torchfits,torchfits,smart,OK,,True,off,torchfits-gpu-exhaustive-cuda-20261007-203924,0.0012941434979438782,910.828125,0.0,772711.8372798609,rows/s,0.0384521484375,1000,"{'schema': 'varlen', 'nrows': 1000, 'ncols': 3, 'variable': True, 'compressed': False, 'profile': 'varlen'}",True,1,1.0,0.0
exhaustive_cuda_20261007_203924,fitstable,fitstable_io,varlen_1000::read_full,varlen_1000 [read_full],read_full,smart,astropy,astropy_torch,smart,OK,,True,off,torchfits-gpu-exhaustive-cuda-20261007-203924,0.009820712730288506,910.828125,0.0,101825.60344279847,rows/s,0.0384521484375,1000,"{'schema': 'varlen', 'nrows': 1000, 'ncols': 3, 'variable': True, 'compressed': False, 'profile': 'varlen'}",False,3,7.5885809772189505,658.8580977218951
exhaustive_cuda_20261007_203924,fitstable,fitstable_io,varlen_1000::read_full,varlen_1000 [read_full],read_full,smart,fitsio,fitsio_torch,smart,OK,,True,off,torchfits-gpu-exhaustive-cuda-20261007-203924,0.0019316524267196655,910.828125,0.0,517691.47811865987,rows/s,0.0384521484375,1000,"{'schema': 'varlen', 'nrows': 1000, 'ncols': 3, 'variable': True, 'compressed': False, 'profile': 'varlen'}",False,2,1.4926106956366547,49.26106956366547
exhaustive_cuda_20261007_203924,fitstable,fitstable_io,varlen_1000::read_full,varlen_1000 [read_full],read_full,specialized,torchfits,torchfits_specialized,specialized,OK,,True,off,torchfits-gpu-exhaustive-cuda-20261007-203924,0.0012406948953866959,910.828125,0.0,805999.9309405744,rows/s,0.0384521484375,1000,"{'schema': 'varlen', 'nrows': 1000, 'ncols': 3, 'variable': True, 'compressed': False, 'profile': 'varlen'}",True,1,1.0,0.0
exhaustive_cuda_20261007_203924,fitstable,fitstable_io,varlen_1000::read_full,varlen_1000 [read_full],read_full,specialized,astropy,astropy,specialized,OK,,True,off,torchfits-gpu-exhaustive-cuda-20261007-203924,0.009790925309062004,910.828125,0.0,102135.39256340242,rows/s,0.0384521484375,1000,"{'schema': 'varlen', 'nrows': 1000, 'ncols': 3, 'variable': True, 'compressed': False, 'profile': 'varlen'}",False,3,7.891485122948297,689.1485122948297
exhaustive_cuda_20261007_203924,fitstable,fitstable_io,varlen_1000::read_full,varlen_1000 [read_full],read_full,specialized,fitsio,fitsio,specialized,OK,,True,off,torchfits-gpu-exhaustive-cuda-20261007-203924,0.0019114762544631958,910.828125,0.0,523155.8580259906,rows/s,0.0384521484375,1000,"{'schema': 'varlen', 'nrows': 1000, 'ncols': 3, 'variable': True, 'compressed': False, 'profile': 'varlen'}",False,2,1.5406497290918835,54.06497290918835
exhaustive_cuda_20261007_203924,fitstable,fitstable_io,varlen_1000::projection,varlen_1000 [projection],projection,smart,torchfits,torchfits,smart,OK,,True,off,torchfits-gpu-exhaustive-cuda-20261007-203924,0.0013007186353206635,910.828125,0.0,768805.7761650137,rows/s,0.0384521484375,1000,"{'schema': 'varlen', 'nrows': 1000, 'ncols': 3, 'variable': True, 'compressed': False, 'profile': 'varlen'}",True,1,1.0,0.0
exhaustive_cuda_20261007_203924,fitstable,fitstable_io,varlen_1000::projection,varlen_1000 [projection],projection,smart,astropy,astropy_torch,smart,OK,,True,off,torchfits-gpu-exhaustive-cuda-20261007-203924,0.009782722219824791,910.828125,0.0,102221.03597846102,rows/s,0.0384521484375,1000,"{'schema': 'varlen', 'nrows': 1000, 'ncols': 3, 'variable': True, 'compressed': False, 'profile': 'varlen'}",False,3,7.521013349219124,652.1013349219123
exhaustive_cuda_20261007_203924,fitstable,fitstable_io,varlen_1000::projection,varlen_1000 [projection],projection,smart,fitsio,fitsio_torch,smart,OK,,True,off,torchfits-gpu-exhaustive-cuda-20261007-203924,0.002024175599217415,910.828125,0.0,494028.28508881305,rows/s,0.0384521484375,1000,"{'schema': 'varlen', 'nrows': 1000, 'ncols': 3, 'variable': True, 'compressed': False, 'profile': 'varlen'}",False,2,1.5561978926506261,55.619789265062614
exhaustive_cuda_20261007_203924,fitstable,fitstable_io,varlen_1000::projection,varlen_1000 [projection],projection,specialized,torchfits,torchfits_specialized,specialized,OK,,True,off,torchfits-gpu-exhaustive-cuda-20261007-203924,0.0012647397816181183,910.828125,0.0,790676.481070748,rows/s,0.0384521484375,1000,"{'schema': 'varlen', 'nrows': 1000, 'ncols': 3, 'variable': True, 'compressed': False, 'profile': 'varlen'}",True,1,1.0,0.0
exhaustive_cuda_20261007_203924,fitstable,fitstable_io,varlen_1000::projection,varlen_1000 [projection],projection,specialized,astropy,astropy,specialized,OK,,True,off,torchfits-gpu-exhaustive-cuda-20261007-203924,0.009782221168279648,910.83203125,0.0,102226.27180447048,rows/s,0.0384521484375,1000,"{'schema': 'varlen', 'nrows': 1000, 'ncols': 3, 'variable': True, 'compressed': False, 'profile': 'varlen'}",False,3,7.734572210391133,673.4572210391133
exhaustive_cuda_20261007_203924,fitstable,fitstable_io,varlen_1000::projection,varlen_1000 [projection],projection,specialized,fitsio,fitsio,specialized,OK,,True,off,torchfits-gpu-exhaustive-cuda-20261007-203924,0.002034006640315056,910.828125,0.0,491640.4795242486,rows/s,0.0384521484375,1000,"{'schema': 'varlen', 'nrows': 1000, 'ncols': 3, 'variable': True, 'compressed': False, 'profile': 'varlen'}",False,2,1.6082412128388428,60.82412128388428
exhaustive_cuda_20261007_203924,fitstable,fitstable_io,varlen_1000::row_slice,varlen_1000 [row_slice],row_slice,smart,torchfits,torchfits,smart,OK,,True,off,torchfits-gpu-exhaustive-cuda-20261007-203924,0.00028973445296287537,910.828125,0.0,3451436.2712954036,rows/s,0.0384521484375,1000,"{'schema': 'varlen', 'nrows': 1000, 'ncols': 3, 'variable': True, 'compressed': False, 'profile': 'varlen'}",True,1,1.0,0.0
exhaustive_cuda_20261007_203924,fitstable,fitstable_io,varlen_1000::row_slice,varlen_1000 [row_slice],row_slice,smart,astropy,astropy_torch,smart,OK,,True,off,torchfits-gpu-exhaustive-cuda-20261007-203924,0.0029888171702623367,910.828125,0.0,334580.5189924773,rows/s,0.0384521484375,1000,"{'schema': 'varlen', 'nrows': 1000, 'ncols': 3, 'variable': True, 'compressed': False, 'profile': 'varlen'}",False,3,10.315711989713918,931.5711989713918
exhaustive_cuda_20261007_203924,fitstable,fitstable_io,varlen_1000::row_slice,varlen_1000 [row_slice],row_slice,smart,fitsio,fitsio_torch,smart,OK,,True,off,torchfits-gpu-exhaustive-cuda-20261007-203924,0.0004330761730670929,910.828125,0.0,2309062.613437933,rows/s,0.0384521484375,1000,"{'schema': 'varlen', 'nrows': 1000, 'ncols': 3, 'variable': True, 'compressed': False, 'profile': 'varlen'}",False,2,1.4947348119575699,49.47348119575699
exhaustive_cuda_20261007_203924,fitstable,fitstable_io,varlen_1000::row_slice,varlen_1000 [row_slice],row_slice,specialized,torchfits,torchfits_specialized,specialized,OK,,True,off,torchfits-gpu-exhaustive-cuda-20261007-203924,0.00024010241031646729,910.828125,0.0,4164889.4681313224,rows/s,0.0384521484375,1000,"{'schema': 'varlen', 'nrows': 1000, 'ncols': 3, 'variable': True, 'compressed': False, 'profile': 'varlen'}",True,1,1.0,0.0
exhaustive_cuda_20261007_203924,fitstable,fitstable_io,varlen_1000::row_slice,varlen_1000 [row_slice],row_slice,specialized,astropy,astropy,specialized,OK,,True,off,torchfits-gpu-exhaustive-cuda-20261007-203924,0.00298188254237175,910.828125,0.0,335358.6151668514,rows/s,0.0384521484375,1000,"{'schema': 'varlen', 'nrows': 1000, 'ncols': 3, 'variable': True, 'compressed': False, 'profile': 'varlen'}",False,3,12.419211195928753,1141.9211195928754
exhaustive_cuda_20261007_203924,fitstable,fitstable_io,varlen_1000::row_slice,varlen_1000 [row_slice],row_slice,specialized,fitsio,fitsio,specialized,OK,,True,off,torchfits-gpu-exhaustive-cuda-20261007-203924,0.00041726790368556976,910.828125,0.0,2396541.864752543,rows/s,0.0384521484375,1000,"{'schema': 'varlen', 'nrows': 1000, 'ncols': 3, 'variable': True, 'compressed': False, 'profile': 'varlen'}",False,2,1.7378746974492645,73.78746974492645
exhaustive_cuda_20261007_203924,fitstable,fitstable_io,varlen_1000::predicate_filter,varlen_1000 [predicate_filter],predicate_filter,smart,torchfits,torchfits,smart,OK,,True,off,torchfits-gpu-exhaustive-cuda-20261007-203924,0.00018956512212753296,910.828125,0.0,5275232.008803993,rows/s,0.0384521484375,1000,"{'schema': 'varlen', 'nrows': 1000, 'ncols': 3, 'variable': True, 'compressed': False, 'profile': 'varlen'}",True,1,1.0,0.0
exhaustive_cuda_20261007_203924,fitstable,fitstable_io,varlen_1000::predicate_filter,varlen_1000 [predicate_filter],predicate_filter,smart,astropy,astropy_torch,smart,FAILED,,False,off,torchfits-gpu-exhaustive-cuda-20261007-203924,,,,,rows/s,0.0384521484375,1000,"{'schema': 'varlen', 'nrows': 1000, 'ncols': 3, 'variable': True, 'compressed': False, 'profile': 'varlen'}",False,,,
exhaustive_cuda_20261007_203924,fitstable,fitstable_io,varlen_1000::predicate_filter,varlen_1000 [predicate_filter],predicate_filter,smart,fitsio,fitsio_torch,smart,OK,,True,off,torchfits-gpu-exhaustive-cuda-20261007-203924,0.0002132989466190338,910.828125,0.0,4688255.689260702,rows/s,0.0384521484375,1000,"{'schema': 'varlen', 'nrows': 1000, 'ncols': 3, 'variable': True, 'compressed': False, 'profile': 'varlen'}",False,2,1.1252014306489015,12.520143064890155
exhaustive_cuda_20261007_203924,fitstable,fitstable_io,varlen_1000::predicate_filter,varlen_1000 [predicate_filter],predicate_filter,specialized,torchfits,torchfits_specialized,specialized,OK,,True,off,torchfits-gpu-exhaustive-cuda-20261007-203924,0.00021525099873542786,910.828125,0.0,4645739.187622229,rows/s,0.0384521484375,1000,"{'schema': 'varlen', 'nrows': 1000, 'ncols': 3, 'variable': True, 'compressed': False, 'profile': 'varlen'}",True,1,1.0,0.0
exhaustive_cuda_20261007_203924,fitstable,fitstable_io,varlen_1000::predicate_filter,varlen_1000 [predicate_filter],predicate_filter,specialized,astropy,astropy,specialized,OK,,True,off,torchfits-gpu-exhaustive-cuda-20261007-203924,0.0017031654715538025,910.828125,0.0,587142.0109801177,rows/s,0.0384521484375,1000,"{'schema': 'varlen', 'nrows': 1000, 'ncols': 3, 'variable': True, 'compressed': False, 'profile': 'varlen'}",False,3,7.912462574202593,691.2462574202593
exhaustive_cuda_20261007_203924,fitstable,fitstable_io,varlen_1000::predicate_filter,varlen_1000 [predicate_filter],predicate_filter,specialized,fitsio,fitsio,specialized,OK,,True,off,torchfits-gpu-exhaustive-cuda-20261007-203924,0.00022694095969200134,910.828125,0.0,4406432.410249676,rows/s,0.0384521484375,1000,"{'schema': 'varlen', 'nrows': 1000, 'ncols': 3, 'variable': True, 'compressed': False, 'profile': 'varlen'}",False,2,1.0543085097177274,5.430850971772738
exhaustive_cuda_20261007_203924,fitstable,fitstable_io,varlen_1000::predicate_filter_selective,varlen_1000 [predicate_filter_selective],predicate_filter_selective,smart,torchfits,torchfits,smart,OK,,True,off,torchfits-gpu-exhaustive-cuda-20261007-203924,0.00019353069365024567,910.828125,0.0,5167139.026573373,rows/s,0.0384521484375,1000,"{'schema': 'varlen', 'nrows': 1000, 'ncols': 3, 'variable': True, 'compressed': False, 'profile': 'varlen'}",True,1,1.0,0.0
exhaustive_cuda_20261007_203924,fitstable,fitstable_io,varlen_1000::predicate_filter_selective,varlen_1000 [predicate_filter_selective],predicate_filter_selective,smart,astropy,astropy_torch,smart,FAILED,,False,off,torchfits-gpu-exhaustive-cuda-20261007-203924,,,,,rows/s,0.0384521484375,1000,"{'schema': 'varlen', 'nrows': 1000, 'ncols': 3, 'variable': True, 'compressed': False, 'profile': 'varlen'}",False,,,
exhaustive_cuda_20261007_203924,fitstable,fitstable_io,varlen_1000::predicate_filter_selective,varlen_1000 [predicate_filter_selective],predicate_filter_selective,smart,fitsio,fitsio_torch,smart,OK,,True,off,torchfits-gpu-exhaustive-cuda-20261007-203924,0.00021282024681568146,910.828125,0.0,4698801.053764759,rows/s,0.0384521484375,1000,"{'schema': 'varlen', 'nrows': 1000, 'ncols': 3, 'variable': True, 'compressed': False, 'profile': 'varlen'}",False,2,1.0996718029662853,9.96718029662853
exhaustive_cuda_20261007_203924,fitstable,fitstable_io,varlen_1000::predicate_filter_selective,varlen_1000 [predicate_filter_selective],predicate_filter_selective,specialized,torchfits,torchfits_specialized,specialized,OK,,True,off,torchfits-gpu-exhaustive-cuda-20261007-203924,0.00021537579596042633,910.828125,0.0,4643047.2632298125,rows/s,0.0384521484375,1000,"{'schema': 'varlen', 'nrows': 1000, 'ncols': 3, 'variable': True, 'compressed': False, 'profile': 'varlen'}",True,1,1.0,0.0
exhaustive_cuda_20261007_203924,fitstable,fitstable_io,varlen_1000::predicate_filter_selective,varlen_1000 [predicate_filter_selective],predicate_filter_selective,specialized,astropy,astropy,specialized,OK,,True,off,torchfits-gpu-exhaustive-cuda-20261007-203924,0.001705741509795189,910.828125,0.0,586255.2996790655,rows/s,0.0384521484375,1000,"{'schema': 'varlen', 'nrows': 1000, 'ncols': 3, 'variable': True, 'compressed': False, 'profile': 'varlen'}",False,3,7.91983844883204,691.983844883204
exhaustive_cuda_20261007_203924,fitstable,fitstable_io,varlen_1000::predicate_filter_selective,varlen_1000 [predicate_filter_selective],predicate_filter_selective,specialized,fitsio,fitsio,specialized,OK,,True,off,torchfits-gpu-exhaustive-cuda-20261007-203924,0.00022652558982372284,910.828125,0.0,4414512.288780167,rows/s,0.0384521484375,1000,"{'schema': 'varlen', 'nrows': 1000, 'ncols': 3, 'variable': True, 'compressed': False, 'profile': 'varlen'}",False,2,1.0517690198825553,5.176901988255533
exhaustive_cuda_20261007_203924,fitstable,fitstable_io,varlen_1000::scan_count,varlen_1000 [scan_count],scan_count,smart,torchfits,torchfits,smart,OK,,True,off,torchfits-gpu-exhaustive-cuda-20261007-203924,2.2884458303451538e-05,910.828125,0.0,43697778.9353736,rows/s,0.0384521484375,1000,"{'schema': 'varlen', 'nrows': 1000, 'ncols': 3, 'variable': True, 'compressed': False, 'profile': 'varlen'}",True,1,1.0,0.0
exhaustive_cuda_20261007_203924,fitstable,fitstable_io,varlen_1000::scan_count,varlen_1000 [scan_count],scan_count,smart,astropy,astropy_torch,smart,OK,,True,off,torchfits-gpu-exhaustive-cuda-20261007-203924,0.0005925986915826797,910.828125,0.0,1687482.6323515084,rows/s,0.0384521484375,1000,"{'schema': 'varlen', 'nrows': 1000, 'ncols': 3, 'variable': True, 'compressed': False, 'profile': 'varlen'}",False,3,25.895246622171577,2489.5246622171576
exhaustive_cuda_20261007_203924,fitstable,fitstable_io,varlen_1000::scan_count,varlen_1000 [scan_count],scan_count,smart,fitsio,fitsio_torch,smart,OK,,True,off,torchfits-gpu-exhaustive-cuda-20261007-203924,9.765289723873138e-05,910.828125,0.0,10240351.574570354,rows/s,0.0384521484375,1000,"{'schema': 'varlen', 'nrows': 1000, 'ncols': 3, 'variable': True, 'compressed': False, 'profile': 'varlen'}",False,2,4.267214715936839,326.7214715936839
exhaustive_cuda_20261007_203924,fitstable,fitstable_io,varlen_1000::scan_count,varlen_1000 [scan_count],scan_count,specialized,torchfits,torchfits_specialized,specialized,OK,,True,off,torchfits-gpu-exhaustive-cuda-20261007-203924,2.280808985233307e-05,910.828125,0.0,43844092.44589628,rows/s,0.0384521484375,1000,"{'schema': 'varlen', 'nrows': 1000, 'ncols': 3, 'variable': True, 'compressed': False, 'profile': 'varlen'}",True,1,1.0,0.0
exhaustive_cuda_20261007_203924,fitstable,fitstable_io,varlen_1000::scan_count,varlen_1000 [scan_count],scan_count,specialized,astropy,astropy,specialized,OK,,True,off,torchfits-gpu-exhaustive-cuda-20261007-203924,0.0005920287221670151,910.828125,0.0,1689107.2384793751,rows/s,0.0384521484375,1000,"{'schema': 'varlen', 'nrows': 1000, 'ncols': 3, 'variable': True, 'compressed': False, 'profile': 'varlen'}",False,3,25.956962025316457,2495.6962025316457
exhaustive_cuda_20261007_203924,fitstable,fitstable_io,varlen_1000::scan_count,varlen_1000 [scan_count],scan_count,specialized,fitsio,fitsio,specialized,OK,,True,off,torchfits-gpu-exhaustive-cuda-20261007-203924,9.63602215051651e-05,910.828125,0.0,10377726.248236135,rows/s,0.0384521484375,1000,"{'schema': 'varlen', 'nrows': 1000, 'ncols': 3, 'variable': True, 'compressed': False, 'profile': 'varlen'}",False,2,4.224826459779502,322.4826459779502
exhaustive_cuda_20261007_203924,fitstable,fitstable_io,varlen_10000::read_full,varlen_10000 [read_full],read_full,smart,torchfits,torchfits,smart,OK,,True,off,torchfits-gpu-exhaustive-cuda-20261007-203924,0.011808931827545166,910.83203125,0.0,846816.6423549245,rows/s,0.3131103515625,10000,"{'schema': 'varlen', 'nrows': 10000, 'ncols': 3, 'variable': True, 'compressed': False, 'profile': 'varlen'}",True,1,1.0,0.0
exhaustive_cuda_20261007_203924,fitstable,fitstable_io,varlen_10000::read_full,varlen_10000 [read_full],read_full,smart,astropy,astropy_torch,smart,OK,,True,off,torchfits-gpu-exhaustive-cuda-20261007-203924,0.08243623562157154,910.83203125,0.0,121305.87871461765,rows/s,0.3131103515625,10000,"{'schema': 'varlen', 'nrows': 10000, 'ncols': 3, 'variable': True, 'compressed': False, 'profile': 'varlen'}",False,3,6.980837625743864,598.0837625743864
exhaustive_cuda_20261007_203924,fitstable,fitstable_io,varlen_10000::read_full,varlen_10000 [read_full],read_full,smart,fitsio,fitsio_torch,smart,OK,,True,off,torchfits-gpu-exhaustive-cuda-20261007-203924,0.01702442765235901,910.83203125,0.0,587391.2594420958,rows/s,0.3131103515625,10000,"{'schema': 'varlen', 'nrows': 10000, 'ncols': 3, 'variable': True, 'compressed': False, 'profile': 'varlen'}",False,2,1.4416568662584985,44.16568662584985
exhaustive_cuda_20261007_203924,fitstable,fitstable_io,varlen_10000::read_full,varlen_10000 [read_full],read_full,specialized,torchfits,torchfits_specialized,specialized,OK,,True,off,torchfits-gpu-exhaustive-cuda-20261007-203924,0.011817345395684242,910.83203125,0.0,846213.7362636497,rows/s,0.3131103515625,10000,"{'schema': 'varlen', 'nrows': 10000, 'ncols': 3, 'variable': True, 'compressed': False, 'profile': 'varlen'}",True,1,1.0,0.0
exhaustive_cuda_20261007_203924,fitstable,fitstable_io,varlen_10000::read_full,varlen_10000 [read_full],read_full,specialized,astropy,astropy,specialized,OK,,True,off,torchfits-gpu-exhaustive-cuda-20261007-203924,0.08207905106246471,910.83203125,0.0,121833.76721046261,rows/s,0.3131103515625,10000,"{'schema': 'varlen', 'nrows': 10000, 'ncols': 3, 'variable': True, 'compressed': False, 'profile': 'varlen'}",False,3,6.9456420468543145,594.5642046854315
exhaustive_cuda_20261007_203924,fitstable,fitstable_io,varlen_10000::read_full,varlen_10000 [read_full],read_full,specialized,fitsio,fitsio,specialized,OK,,True,off,torchfits-gpu-exhaustive-cuda-20261007-203924,0.01696769706904888,910.83203125,0.0,589355.1705517658,rows/s,0.3131103515625,10000,"{'schema': 'varlen', 'nrows': 10000, 'ncols': 3, 'variable': True, 'compressed': False, 'profile': 'varlen'}",False,2,1.4358298332589632,43.58298332589632
exhaustive_cuda_20261007_203924,fitstable,fitstable_io,varlen_10000::projection,varlen_10000 [projection],projection,smart,torchfits,torchfits,smart,OK,,True,off,torchfits-gpu-exhaustive-cuda-20261007-203924,0.011795705184340477,910.83203125,0.0,847766.186397708,rows/s,0.3131103515625,10000,"{'schema': 'varlen', 'nrows': 10000, 'ncols': 3, 'variable': True, 'compressed': False, 'profile': 'varlen'}",True,1,1.0,0.0
exhaustive_cuda_20261007_203924,fitstable,fitstable_io,varlen_10000::projection,varlen_10000 [projection],projection,smart,astropy,astropy_torch,smart,OK,,True,off,torchfits-gpu-exhaustive-cuda-20261007-203924,0.08218663558363914,910.83203125,0.0,121674.28352537034,rows/s,0.3131103515625,10000,"{'schema': 'varlen', 'nrows': 10000, 'ncols': 3, 'variable': True, 'compressed': False, 'profile': 'varlen'}",False,3,6.967505062159993,596.7505062159993
exhaustive_cuda_20261007_203924,fitstable,fitstable_io,varlen_10000::projection,varlen_10000 [projection],projection,smart,fitsio,fitsio_torch,smart,OK,,True,off,torchfits-gpu-exhaustive-cuda-20261007-203924,0.017160067334771156,910.83203125,0.0,582748.2960825665,rows/s,0.3131103515625,10000,"{'schema': 'varlen', 'nrows': 10000, 'ncols': 3, 'variable': True, 'compressed': False, 'profile': 'varlen'}",False,2,1.4547724842726826,45.47724842726826
exhaustive_cuda_20261007_203924,fitstable,fitstable_io,varlen_10000::projection,varlen_10000 [projection],projection,specialized,torchfits,torchfits_specialized,specialized,OK,,True,off,torchfits-gpu-exhaustive-cuda-20261007-203924,0.011841382831335068,910.83203125,0.0,844495.963219571,rows/s,0.3131103515625,10000,"{'schema': 'varlen', 'nrows': 10000, 'ncols': 3, 'variable': True, 'compressed': False, 'profile': 'varlen'}",True,1,1.0,0.0
exhaustive_cuda_20261007_203924,fitstable,fitstable_io,varlen_10000::projection,varlen_10000 [projection],projection,specialized,astropy,astropy,specialized,OK,,True,off,torchfits-gpu-exhaustive-cuda-20261007-203924,0.08241985365748405,910.83203125,0.0,121329.98975656346,rows/s,0.3131103515625,10000,"{'schema': 'varlen', 'nrows': 10000, 'ncols': 3, 'variable': True, 'compressed': False, 'profile': 'varlen'}",False,3,6.960323370289308,596.0323370289308
exhaustive_cuda_20261007_203924,fitstable,fitstable_io,varlen_10000::projection,varlen_10000 [projection],projection,specialized,fitsio,fitsio,specialized,OK,,True,off,torchfits-gpu-exhaustive-cuda-20261007-203924,0.01715611107647419,910.83203125,0.0,582882.6798465293,rows/s,0.3131103515625,10000,"{'schema': 'varlen', 'nrows': 10000, 'ncols': 3, 'variable': True, 'compressed': False, 'profile': 'varlen'}",False,2,1.4488266548629023,44.88266548629023
exhaustive_cuda_20261007_203924,fitstable,fitstable_io,varlen_10000::row_slice,varlen_10000 [row_slice],row_slice,smart,torchfits,torchfits,smart,OK,,True,off,torchfits-gpu-exhaustive-cuda-20261007-203924,0.0012942124158143997,910.828125,0.0,7726706.897420214,rows/s,0.3131103515625,10000,"{'schema': 'varlen', 'nrows': 10000, 'ncols': 3, 'variable': True, 'compressed': False, 'profile': 'varlen'}",True,1,1.0,0.0
exhaustive_cuda_20261007_203924,fitstable,fitstable_io,varlen_10000::row_slice,varlen_10000 [row_slice],row_slice,smart,astropy,astropy_torch,smart,OK,,True,off,torchfits-gpu-exhaustive-cuda-20261007-203924,0.010362643748521805,910.828125,0.0,965004.7075512429,rows/s,0.3131103515625,10000,"{'schema': 'varlen', 'nrows': 10000, 'ncols': 3, 'variable': True, 'compressed': False, 'profile': 'varlen'}",False,3,8.00691109272119,700.691109272119
exhaustive_cuda_20261007_203924,fitstable,fitstable_io,varlen_10000::row_slice,varlen_10000 [row_slice],row_slice,smart,fitsio,fitsio_torch,smart,OK,,True,off,torchfits-gpu-exhaustive-cuda-20261007-203924,0.002135036513209343,910.828125,0.0,4683760.646776109,rows/s,0.3131103515625,10000,"{'schema': 'varlen', 'nrows': 10000, 'ncols': 3, 'variable': True, 'compressed': False, 'profile': 'varlen'}",False,2,1.6496801352858634,64.96801352858634
exhaustive_cuda_20261007_203924,fitstable,fitstable_io,varlen_10000::row_slice,varlen_10000 [row_slice],row_slice,specialized,torchfits,torchfits_specialized,specialized,OK,,True,off,torchfits-gpu-exhaustive-cuda-20261007-203924,0.0012469328939914703,910.828125,0.0,8019677.761478963,rows/s,0.3131103515625,10000,"{'schema': 'varlen', 'nrows': 10000, 'ncols': 3, 'variable': True, 'compressed': False, 'profile': 'varlen'}",True,1,1.0,0.0
exhaustive_cuda_20261007_203924,fitstable,fitstable_io,varlen_10000::row_slice,varlen_10000 [row_slice],row_slice,specialized,astropy,astropy,specialized,OK,,True,off,torchfits-gpu-exhaustive-cuda-20261007-203924,0.010354747995734215,910.828125,0.0,965740.5476328001,rows/s,0.3131103515625,10000,"{'schema': 'varlen', 'nrows': 10000, 'ncols': 3, 'variable': True, 'compressed': False, 'profile': 'varlen'}",False,3,8.304174222710854,730.4174222710853
exhaustive_cuda_20261007_203924,fitstable,fitstable_io,varlen_10000::row_slice,varlen_10000 [row_slice],row_slice,specialized,fitsio,fitsio,specialized,OK,,True,off,torchfits-gpu-exhaustive-cuda-20261007-203924,0.0020865723490715027,910.828125,0.0,4792548.892181893,rows/s,0.3131103515625,10000,"{'schema': 'varlen', 'nrows': 10000, 'ncols': 3, 'variable': True, 'compressed': False, 'profile': 'varlen'}",False,2,1.673363786556565,67.33637865565649
exhaustive_cuda_20261007_203924,fitstable,fitstable_io,varlen_10000::predicate_filter,varlen_10000 [predicate_filter],predicate_filter,smart,torchfits,torchfits,smart,OK,,True,off,torchfits-gpu-exhaustive-cuda-20261007-203924,0.0002831071615219116,910.828125,0.0,35322313.80598979,rows/s,0.3131103515625,10000,"{'schema': 'varlen', 'nrows': 10000, 'ncols': 3, 'variable': True, 'compressed': False, 'profile': 'varlen'}",True,1,1.0,0.0
exhaustive_cuda_20261007_203924,fitstable,fitstable_io,varlen_10000::predicate_filter,varlen_10000 [predicate_filter],predicate_filter,smart,astropy,astropy_torch,smart,FAILED,,False,off,torchfits-gpu-exhaustive-cuda-20261007-203924,,,,,rows/s,0.3131103515625,10000,"{'schema': 'varlen', 'nrows': 10000, 'ncols': 3, 'variable': True, 'compressed': False, 'profile': 'varlen'}",False,,,
exhaustive_cuda_20261007_203924,fitstable,fitstable_io,varlen_10000::predicate_filter,varlen_10000 [predicate_filter],predicate_filter,smart,fitsio,fitsio_torch,smart,OK,,True,off,torchfits-gpu-exhaustive-cuda-20261007-203924,0.0003826003521680832,910.828125,0.0,26136933.600120734,rows/s,0.3131103515625,10000,"{'schema': 'varlen', 'nrows': 10000, 'ncols': 3, 'variable': True, 'compressed': False, 'profile': 'varlen'}",False,2,1.351432970156324,35.14329701563239
exhaustive_cuda_20261007_203924,fitstable,fitstable_io,varlen_10000::predicate_filter,varlen_10000 [predicate_filter],predicate_filter,specialized,torchfits,torchfits_specialized,specialized,OK,,True,off,torchfits-gpu-exhaustive-cuda-20261007-203924,0.00030777230858802795,910.828125,0.0,32491552.101867653,rows/s,0.3131103515625,10000,"{'schema': 'varlen', 'nrows': 10000, 'ncols': 3, 'variable': True, 'compressed': False, 'profile': 'varlen'}",True,1,1.0,0.0
exhaustive_cuda_20261007_203924,fitstable,fitstable_io,varlen_10000::predicate_filter,varlen_10000 [predicate_filter],predicate_filter,specialized,astropy,astropy,specialized,OK,,True,off,torchfits-gpu-exhaustive-cuda-20261007-203924,0.0017464496195316315,910.828125,0.0,5725902.361089484,rows/s,0.3131103515625,10000,"{'schema': 'varlen', 'nrows': 10000, 'ncols': 3, 'variable': True, 'compressed': False, 'profile': 'varlen'}",False,3,5.674485880629895,467.44858806298953
exhaustive_cuda_20261007_203924,fitstable,fitstable_io,varlen_10000::predicate_filter,varlen_10000 [predicate_filter],predicate_filter,specialized,fitsio,fitsio,specialized,OK,,True,off,torchfits-gpu-exhaustive-cuda-20261007-203924,0.0003848206251859665,910.828125,0.0,25986133.137140065,rows/s,0.3131103515625,10000,"{'schema': 'varlen', 'nrows': 10000, 'ncols': 3, 'variable': True, 'compressed': False, 'profile': 'varlen'}",False,2,1.2503419393103115,25.034193931031147
exhaustive_cuda_20261007_203924,fitstable,fitstable_io,varlen_10000::predicate_filter_selective,varlen_10000 [predicate_filter_selective],predicate_filter_selective,smart,torchfits,torchfits,smart,OK,,True,off,torchfits-gpu-exhaustive-cuda-20261007-203924,0.0003260709345340729,910.828125,0.0,30668173.519633494,rows/s,0.3131103515625,10000,"{'schema': 'varlen', 'nrows': 10000, 'ncols': 3, 'variable': True, 'compressed': False, 'profile': 'varlen'}",True,1,1.0,0.0
exhaustive_cuda_20261007_203924,fitstable,fitstable_io,varlen_10000::predicate_filter_selective,varlen_10000 [predicate_filter_selective],predicate_filter_selective,smart,astropy,astropy_torch,smart,FAILED,,False,off,torchfits-gpu-exhaustive-cuda-20261007-203924,,,,,rows/s,0.3131103515625,10000,"{'schema': 'varlen', 'nrows': 10000, 'ncols': 3, 'variable': True, 'compressed': False, 'profile': 'varlen'}",False,,,
exhaustive_cuda_20261007_203924,fitstable,fitstable_io,varlen_10000::predicate_filter_selective,varlen_10000 [predicate_filter_selective],predicate_filter_selective,smart,fitsio,fitsio_torch,smart,OK,,True,off,torchfits-gpu-exhaustive-cuda-20261007-203924,0.00043165311217308044,910.828125,0.0,23166750.610592816,rows/s,0.3131103515625,10000,"{'schema': 'varlen', 'nrows': 10000, 'ncols': 3, 'variable': True, 'compressed': False, 'profile': 'varlen'}",False,2,1.323801254441385,32.38012544413851
exhaustive_cuda_20261007_203924,fitstable,fitstable_io,varlen_10000::predicate_filter_selective,varlen_10000 [predicate_filter_selective],predicate_filter_selective,specialized,torchfits,torchfits_specialized,specialized,OK,,True,off,torchfits-gpu-exhaustive-cuda-20261007-203924,0.0003585498780012131,910.828125,0.0,27890122.444738824,rows/s,0.3131103515625,10000,"{'schema': 'varlen', 'nrows': 10000, 'ncols': 3, 'variable': True, 'compressed': False, 'profile': 'varlen'}",True,1,1.0,0.0
exhaustive_cuda_20261007_203924,fitstable,fitstable_io,varlen_10000::predicate_filter_selective,varlen_10000 [predicate_filter_selective],predicate_filter_selective,specialized,astropy,astropy,specialized,OK,,True,off,torchfits-gpu-exhaustive-cuda-20261007-203924,0.0020860005170106888,910.828125,0.0,4793862.666117814,rows/s,0.3131103515625,10000,"{'schema': 'varlen', 'nrows': 10000, 'ncols': 3, 'variable': True, 'compressed': False, 'profile': 'varlen'}",False,3,5.81788098392166,481.78809839216603
exhaustive_cuda_20261007_203924,fitstable,fitstable_io,varlen_10000::predicate_filter_selective,varlen_10000 [predicate_filter_selective],predicate_filter_selective,specialized,fitsio,fitsio,specialized,OK,,True,off,torchfits-gpu-exhaustive-cuda-20261007-203924,0.0004609692841768265,910.828125,0.0,21693419.373608477,rows/s,0.3131103515625,10000,"{'schema': 'varlen', 'nrows': 10000, 'ncols': 3, 'variable': True, 'compressed': False, 'profile': 'varlen'}",False,2,1.2856489778955298,28.56489778955298
exhaustive_cuda_20261007_203924,fitstable,fitstable_io,varlen_10000::scan_count,varlen_10000 [scan_count],scan_count,smart,torchfits,torchfits,smart,OK,,True,off,torchfits-gpu-exhaustive-cuda-20261007-203924,2.8772279620170593e-05,910.828125,0.0,347556750.1780281,rows/s,0.3131103515625,10000,"{'schema': 'varlen', 'nrows': 10000, 'ncols': 3, 'variable': True, 'compressed': False, 'profile': 'varlen'}",True,1,1.0,0.0
exhaustive_cuda_20261007_203924,fitstable,fitstable_io,varlen_10000::scan_count,varlen_10000 [scan_count],scan_count,smart,astropy,astropy_torch,smart,OK,,True,off,torchfits-gpu-exhaustive-cuda-20261007-203924,0.0007272884249687195,910.828125,0.0,13749703.221840905,rows/s,0.3131103515625,10000,"{'schema': 'varlen', 'nrows': 10000, 'ncols': 3, 'variable': True, 'compressed': False, 'profile': 'varlen'}",False,3,25.277400142422476,2427.7400142422475
exhaustive_cuda_20261007_203924,fitstable,fitstable_io,varlen_10000::scan_count,varlen_10000 [scan_count],scan_count,smart,fitsio,fitsio_torch,smart,OK,,True,off,torchfits-gpu-exhaustive-cuda-20261007-203924,0.00011732429265975952,910.828125,0.0,85233840.09652632,rows/s,0.3131103515625,10000,"{'schema': 'varlen', 'nrows': 10000, 'ncols': 3, 'variable': True, 'compressed': False, 'profile': 'varlen'}",False,2,4.077684987376189,307.7684987376189
exhaustive_cuda_20261007_203924,fitstable,fitstable_io,varlen_10000::scan_count,varlen_10000 [scan_count],scan_count,specialized,torchfits,torchfits_specialized,specialized,OK,,True,off,torchfits-gpu-exhaustive-cuda-20261007-203924,2.7839094400405884e-05,910.828125,0.0,359207086.84597886,rows/s,0.3131103515625,10000,"{'schema': 'varlen', 'nrows': 10000, 'ncols': 3, 'variable': True, 'compressed': False, 'profile': 'varlen'}",True,1,1.0,0.0
exhaustive_cuda_20261007_203924,fitstable,fitstable_io,varlen_10000::scan_count,varlen_10000 [scan_count],scan_count,specialized,astropy,astropy,specialized,OK,,True,off,torchfits-gpu-exhaustive-cuda-20261007-203924,0.0007245223969221115,910.828125,0.0,13802195.822353622,rows/s,0.3131103515625,10000,"{'schema': 'varlen', 'nrows': 10000, 'ncols': 3, 'variable': True, 'compressed': False, 'profile': 'varlen'}",False,3,26.02535795530577,2502.5357955305767
exhaustive_cuda_20261007_203924,fitstable,fitstable_io,varlen_10000::scan_count,varlen_10000 [scan_count],scan_count,specialized,fitsio,fitsio,specialized,OK,,True,off,torchfits-gpu-exhaustive-cuda-20261007-203924,0.0001210290938615799,910.828125,0.0,82624761.37710267,rows/s,0.3131103515625,10000,"{'schema': 'varlen', 'nrows': 10000, 'ncols': 3, 'variable': True, 'compressed': False, 'profile': 'varlen'}",False,2,4.347450822962665,334.74508229626656
exhaustive_cuda_20261007_203924,fitstable,fitstable_io,varlen_100000::read_full,varlen_100000 [read_full],read_full,smart,torchfits,torchfits,smart,OK,,True,off,torchfits-gpu-exhaustive-cuda-20261007-203924,0.12305735051631927,915.6953125,0.0,812629.2300331827,rows/s,3.0596923828125,100000,"{'schema': 'varlen', 'nrows': 100000, 'ncols': 3, 'variable': True, 'compressed': False, 'profile': 'varlen'}",True,1,1.0,0.0
exhaustive_cuda_20261007_203924,fitstable,fitstable_io,varlen_100000::read_full,varlen_100000 [read_full],read_full,smart,astropy,astropy_torch,smart,OK,,True,off,torchfits-gpu-exhaustive-cuda-20261007-203924,0.8196450937539339,924.9765625,0.0,122004.0243784111,rows/s,3.0596923828125,100000,"{'schema': 'varlen', 'nrows': 100000, 'ncols': 3, 'variable': True, 'compressed': False, 'profile': 'varlen'}",False,3,6.660675614377351,566.0675614377351
exhaustive_cuda_20261007_203924,fitstable,fitstable_io,varlen_100000::read_full,varlen_100000 [read_full],read_full,smart,fitsio,fitsio_torch,smart,OK,,True,off,torchfits-gpu-exhaustive-cuda-20261007-203924,0.17183789052069187,917.2265625,0.0,581943.8291344626,rows/s,3.0596923828125,100000,"{'schema': 'varlen', 'nrows': 100000, 'ncols': 3, 'variable': True, 'compressed': False, 'profile': 'varlen'}",False,2,1.3964049266435616,39.64049266435617
exhaustive_cuda_20261007_203924,fitstable,fitstable_io,varlen_100000::read_full,varlen_100000 [read_full],read_full,specialized,torchfits,torchfits_specialized,specialized,OK,,True,off,torchfits-gpu-exhaustive-cuda-20261007-203924,0.12416320480406284,915.6796875,0.0,805391.5824563818,rows/s,3.0596923828125,100000,"{'schema': 'varlen', 'nrows': 100000, 'ncols': 3, 'variable': True, 'compressed': False, 'profile': 'varlen'}",True,1,1.0,0.0
exhaustive_cuda_20261007_203924,fitstable,fitstable_io,varlen_100000::read_full,varlen_100000 [read_full],read_full,specialized,astropy,astropy,specialized,OK,,True,off,torchfits-gpu-exhaustive-cuda-20261007-203924,0.8180880676954985,917.2734375,0.0,122236.2285293973,rows/s,3.0596923828125,100000,"{'schema': 'varlen', 'nrows': 100000, 'ncols': 3, 'variable': True, 'compressed': False, 'profile': 'varlen'}",False,3,6.588812434299611,558.8812434299612
exhaustive_cuda_20261007_203924,fitstable,fitstable_io,varlen_100000::read_full,varlen_100000 [read_full],read_full,specialized,fitsio,fitsio,specialized,OK,,True,off,torchfits-gpu-exhaustive-cuda-20261007-203924,0.17123732157051563,917.2265625,0.0,583984.8409379607,rows/s,3.0596923828125,100000,"{'schema': 'varlen', 'nrows': 100000, 'ncols': 3, 'variable': True, 'compressed': False, 'profile': 'varlen'}",False,2,1.3791309739526991,37.913097395269915
exhaustive_cuda_20261007_203924,fitstable,fitstable_io,varlen_100000::projection,varlen_100000 [projection],projection,smart,torchfits,torchfits,smart,OK,,True,off,torchfits-gpu-exhaustive-cuda-20261007-203924,0.12334904819726944,915.6953125,0.0,810707.5122304324,rows/s,3.0596923828125,100000,"{'schema': 'varlen', 'nrows': 100000, 'ncols': 3, 'variable': True, 'compressed': False, 'profile': 'varlen'}",True,1,1.0,0.0
exhaustive_cuda_20261007_203924,fitstable,fitstable_io,varlen_100000::projection,varlen_100000 [projection],projection,smart,astropy,astropy_torch,smart,OK,,True,off,torchfits-gpu-exhaustive-cuda-20261007-203924,0.8172250315546989,919.58984375,0.0,122365.31694306862,rows/s,3.0596923828125,100000,"{'schema': 'varlen', 'nrows': 100000, 'ncols': 3, 'variable': True, 'compressed': False, 'profile': 'varlen'}",False,3,6.625304722641466,562.5304722641465
exhaustive_cuda_20261007_203924,fitstable,fitstable_io,varlen_100000::projection,varlen_100000 [projection],projection,smart,fitsio,fitsio_torch,smart,OK,,True,off,torchfits-gpu-exhaustive-cuda-20261007-203924,0.17228888720273972,917.2265625,0.0,580420.4880743453,rows/s,3.0596923828125,100000,"{'schema': 'varlen', 'nrows': 100000, 'ncols': 3, 'variable': True, 'compressed': False, 'profile': 'varlen'}",False,2,1.3967589512908267,39.675895129082676
exhaustive_cuda_20261007_203924,fitstable,fitstable_io,varlen_100000::projection,varlen_100000 [projection],projection,specialized,torchfits,torchfits_specialized,specialized,OK,,True,off,torchfits-gpu-exhaustive-cuda-20261007-203924,0.12290074303746223,915.68359375,0.0,813664.7308106046,rows/s,3.0596923828125,100000,"{'schema': 'varlen', 'nrows': 100000, 'ncols': 3, 'variable': True, 'compressed': False, 'profile': 'varlen'}",True,1,1.0,0.0
exhaustive_cuda_20261007_203924,fitstable,fitstable_io,varlen_100000::projection,varlen_100000 [projection],projection,specialized,astropy,astropy,specialized,OK,,True,off,torchfits-gpu-exhaustive-cuda-20261007-203924,0.8173859249800444,926.34765625,0.0,122341.23067685732,rows/s,3.0596923828125,100000,"{'schema': 'varlen', 'nrows': 100000, 'ncols': 3, 'variable': True, 'compressed': False, 'profile': 'varlen'}",False,3,6.650780986172649,565.0780986172649
exhaustive_cuda_20261007_203924,fitstable,fitstable_io,varlen_100000::projection,varlen_100000 [projection],projection,specialized,fitsio,fitsio,specialized,OK,,True,off,torchfits-gpu-exhaustive-cuda-20261007-203924,0.1709615644067526,917.2265625,0.0,584926.7953706806,rows/s,3.0596923828125,100000,"{'schema': 'varlen', 'nrows': 100000, 'ncols': 3, 'variable': True, 'compressed': False, 'profile': 'varlen'}",False,2,1.3910539528198018,39.10539528198018
exhaustive_cuda_20261007_203924,fitstable,fitstable_io,varlen_100000::row_slice,varlen_100000 [row_slice],row_slice,smart,torchfits,torchfits,smart,OK,,True,off,torchfits-gpu-exhaustive-cuda-20261007-203924,0.0119869913905859,910.83203125,0.0,8342376.893549451,rows/s,3.0596923828125,100000,"{'schema': 'varlen', 'nrows': 100000, 'ncols': 3, 'variable': True, 'compressed': False, 'profile': 'varlen'}",True,1,1.0,0.0
exhaustive_cuda_20261007_203924,fitstable,fitstable_io,varlen_100000::row_slice,varlen_100000 [row_slice],row_slice,smart,astropy,astropy_torch,smart,OK,,True,off,torchfits-gpu-exhaustive-cuda-20261007-203924,0.08382515236735344,910.83203125,0.0,1192959.3585677277,rows/s,3.0596923828125,100000,"{'schema': 'varlen', 'nrows': 100000, 'ncols': 3, 'variable': True, 'compressed': False, 'profile': 'varlen'}",False,3,6.993010142076713,599.3010142076713
exhaustive_cuda_20261007_203924,fitstable,fitstable_io,varlen_100000::row_slice,varlen_100000 [row_slice],row_slice,smart,fitsio,fitsio_torch,smart,OK,,True,off,torchfits-gpu-exhaustive-cuda-20261007-203924,0.01883113756775856,910.83203125,0.0,5310353.643808192,rows/s,3.0596923828125,100000,"{'schema': 'varlen', 'nrows': 100000, 'ncols': 3, 'variable': True, 'compressed': False, 'profile': 'varlen'}",False,2,1.5709644692452,57.09644692452001
exhaustive_cuda_20261007_203924,fitstable,fitstable_io,varlen_100000::row_slice,varlen_100000 [row_slice],row_slice,specialized,torchfits,torchfits_specialized,specialized,OK,,True,off,torchfits-gpu-exhaustive-cuda-20261007-203924,0.011796735227108002,910.83203125,0.0,8476921.629147664,rows/s,3.0596923828125,100000,"{'schema': 'varlen', 'nrows': 100000, 'ncols': 3, 'variable': True, 'compressed': False, 'profile': 'varlen'}",True,1,1.0,0.0
exhaustive_cuda_20261007_203924,fitstable,fitstable_io,varlen_100000::row_slice,varlen_100000 [row_slice],row_slice,specialized,astropy,astropy,specialized,OK,,True,off,torchfits-gpu-exhaustive-cuda-20261007-203924,0.08434095047414303,910.83203125,0.0,1185663.6596792643,rows/s,3.0596923828125,100000,"{'schema': 'varlen', 'nrows': 100000, 'ncols': 3, 'variable': True, 'compressed': False, 'profile': 'varlen'}",False,3,7.14951627297135,614.951627297135
exhaustive_cuda_20261007_203924,fitstable,fitstable_io,varlen_100000::row_slice,varlen_100000 [row_slice],row_slice,specialized,fitsio,fitsio,specialized,OK,,True,off,torchfits-gpu-exhaustive-cuda-20261007-203924,0.018779775127768517,910.83203125,0.0,5324877.391749811,rows/s,3.0596923828125,100000,"{'schema': 'varlen', 'nrows': 100000, 'ncols': 3, 'variable': True, 'compressed': False, 'profile': 'varlen'}",False,2,1.5919468197111026,59.19468197111026
exhaustive_cuda_20261007_203924,fitstable,fitstable_io,varlen_100000::predicate_filter,varlen_100000 [predicate_filter],predicate_filter,smart,torchfits,torchfits,smart,OK,,True,off,torchfits-gpu-exhaustive-cuda-20261007-203924,0.0010262001305818558,910.828125,0.0,97446879.04424644,rows/s,3.0596923828125,100000,"{'schema': 'varlen', 'nrows': 100000, 'ncols': 3, 'variable': True, 'compressed': False, 'profile': 'varlen'}",True,1,1.0,0.0
exhaustive_cuda_20261007_203924,fitstable,fitstable_io,varlen_100000::predicate_filter,varlen_100000 [predicate_filter],predicate_filter,smart,astropy,astropy_torch,smart,FAILED,,False,off,torchfits-gpu-exhaustive-cuda-20261007-203924,,,,,rows/s,3.0596923828125,100000,"{'schema': 'varlen', 'nrows': 100000, 'ncols': 3, 'variable': True, 'compressed': False, 'profile': 'varlen'}",False,,,
exhaustive_cuda_20261007_203924,fitstable,fitstable_io,varlen_100000::predicate_filter,varlen_100000 [predicate_filter],predicate_filter,smart,fitsio,fitsio_torch,smart,OK,,True,off,torchfits-gpu-exhaustive-cuda-20261007-203924,0.0018209721893072128,910.828125,0.0,54915720.617372476,rows/s,3.0596923828125,100000,"{'schema': 'varlen', 'nrows': 100000, 'ncols': 3, 'variable': True, 'compressed': False, 'profile': 'varlen'}",False,2,1.774480566743566,77.4480566743566
exhaustive_cuda_20261007_203924,fitstable,fitstable_io,varlen_100000::predicate_filter,varlen_100000 [predicate_filter],predicate_filter,specialized,torchfits,torchfits_specialized,specialized,OK,,True,off,torchfits-gpu-exhaustive-cuda-20261007-203924,0.0010647699236869812,910.828125,0.0,93917002.8899105,rows/s,3.0596923828125,100000,"{'schema': 'varlen', 'nrows': 100000, 'ncols': 3, 'variable': True, 'compressed': False, 'profile': 'varlen'}",True,1,1.0,0.0
exhaustive_cuda_20261007_203924,fitstable,fitstable_io,varlen_100000::predicate_filter,varlen_100000 [predicate_filter],predicate_filter,specialized,astropy,astropy,specialized,OK,,True,off,torchfits-gpu-exhaustive-cuda-20261007-203924,0.002196984365582466,910.828125,0.0,45516937.47419451,rows/s,3.0596923828125,100000,"{'schema': 'varlen', 'nrows': 100000, 'ncols': 3, 'variable': True, 'compressed': False, 'profile': 'varlen'}",False,3,2.0633418701149666,106.33418701149667
exhaustive_cuda_20261007_203924,fitstable,fitstable_io,varlen_100000::predicate_filter,varlen_100000 [predicate_filter],predicate_filter,specialized,fitsio,fitsio,specialized,OK,,True,off,torchfits-gpu-exhaustive-cuda-20261007-203924,0.0018178224563598633,910.828125,0.0,55010872.84412093,rows/s,3.0596923828125,100000,"{'schema': 'varlen', 'nrows': 100000, 'ncols': 3, 'variable': True, 'compressed': False, 'profile': 'varlen'}",False,2,1.7072443688729348,70.72443688729348
exhaustive_cuda_20261007_203924,fitstable,fitstable_io,varlen_100000::predicate_filter_selective,varlen_100000 [predicate_filter_selective],predicate_filter_selective,smart,torchfits,torchfits,smart,OK,,True,off,torchfits-gpu-exhaustive-cuda-20261007-203924,0.001027856022119522,910.828125,0.0,97289890.65393801,rows/s,3.0596923828125,100000,"{'schema': 'varlen', 'nrows': 100000, 'ncols': 3, 'variable': True, 'compressed': False, 'profile': 'varlen'}",True,1,1.0,0.0
exhaustive_cuda_20261007_203924,fitstable,fitstable_io,varlen_100000::predicate_filter_selective,varlen_100000 [predicate_filter_selective],predicate_filter_selective,smart,astropy,astropy_torch,smart,FAILED,,False,off,torchfits-gpu-exhaustive-cuda-20261007-203924,,,,,rows/s,3.0596923828125,100000,"{'schema': 'varlen', 'nrows': 100000, 'ncols': 3, 'variable': True, 'compressed': False, 'profile': 'varlen'}",False,,,
exhaustive_cuda_20261007_203924,fitstable,fitstable_io,varlen_100000::predicate_filter_selective,varlen_100000 [predicate_filter_selective],predicate_filter_selective,smart,fitsio,fitsio_torch,smart,OK,,True,off,torchfits-gpu-exhaustive-cuda-20261007-203924,0.0018111038953065872,910.828125,0.0,55214943.913017094,rows/s,3.0596923828125,100000,"{'schema': 'varlen', 'nrows': 100000, 'ncols': 3, 'variable': True, 'compressed': False, 'profile': 'varlen'}",False,2,1.7620209993729907,76.20209993729907
exhaustive_cuda_20261007_203924,fitstable,fitstable_io,varlen_100000::predicate_filter_selective,varlen_100000 [predicate_filter_selective],predicate_filter_selective,specialized,torchfits,torchfits_specialized,specialized,OK,,True,off,torchfits-gpu-exhaustive-cuda-20261007-203924,0.0010683611035346985,910.828125,0.0,93601311.08213092,rows/s,3.0596923828125,100000,"{'schema': 'varlen', 'nrows': 100000, 'ncols': 3, 'variable': True, 'compressed': False, 'profile': 'varlen'}",True,1,1.0,0.0
exhaustive_cuda_20261007_203924,fitstable,fitstable_io,varlen_100000::predicate_filter_selective,varlen_100000 [predicate_filter_selective],predicate_filter_selective,specialized,astropy,astropy,specialized,OK,,True,off,torchfits-gpu-exhaustive-cuda-20261007-203924,0.002249583601951599,910.828125,0.0,44452671.11355462,rows/s,3.0596923828125,100000,"{'schema': 'varlen', 'nrows': 100000, 'ncols': 3, 'variable': True, 'compressed': False, 'profile': 'varlen'}",False,3,2.1056397453153224,110.56397453153224
exhaustive_cuda_20261007_203924,fitstable,fitstable_io,varlen_100000::predicate_filter_selective,varlen_100000 [predicate_filter_selective],predicate_filter_selective,specialized,fitsio,fitsio,specialized,OK,,True,off,torchfits-gpu-exhaustive-cuda-20261007-203924,0.0018330849707126617,910.828125,0.0,54552844.84773353,rows/s,3.0596923828125,100000,"{'schema': 'varlen', 'nrows': 100000, 'ncols': 3, 'variable': True, 'compressed': False, 'profile': 'varlen'}",False,2,1.715791565836547,71.57915658365471
exhaustive_cuda_20261007_203924,fitstable,fitstable_io,varlen_100000::scan_count,varlen_100000 [scan_count],scan_count,smart,torchfits,torchfits,smart,OK,,True,off,torchfits-gpu-exhaustive-cuda-20261007-203924,2.3981556296348572e-05,910.828125,0.0,4169871161.1650486,rows/s,3.0596923828125,100000,"{'schema': 'varlen', 'nrows': 100000, 'ncols': 3, 'variable': True, 'compressed': False, 'profile': 'varlen'}",True,1,1.0,0.0
exhaustive_cuda_20261007_203924,fitstable,fitstable_io,varlen_100000::scan_count,varlen_100000 [scan_count],scan_count,smart,astropy,astropy_torch,smart,OK,,True,off,torchfits-gpu-exhaustive-cuda-20261007-203924,0.0006356760859489441,910.828125,0.0,157312823.6383455,rows/s,3.0596923828125,100000,"{'schema': 'varlen', 'nrows': 100000, 'ncols': 3, 'variable': True, 'compressed': False, 'profile': 'varlen'}",False,3,26.506873786407766,2550.687378640777
exhaustive_cuda_20261007_203924,fitstable,fitstable_io,varlen_100000::scan_count,varlen_100000 [scan_count],scan_count,smart,fitsio,fitsio_torch,smart,OK,,True,off,torchfits-gpu-exhaustive-cuda-20261007-203924,0.0001020822674036026,910.828125,0.0,979602065.5049722,rows/s,3.0596923828125,100000,"{'schema': 'varlen', 'nrows': 100000, 'ncols': 3, 'variable': True, 'compressed': False, 'profile': 'varlen'}",False,2,4.256699029126214,325.66990291262135
exhaustive_cuda_20261007_203924,fitstable,fitstable_io,varlen_100000::scan_count,varlen_100000 [scan_count],scan_count,specialized,torchfits,torchfits_specialized,specialized,OK,,True,off,torchfits-gpu-exhaustive-cuda-20261007-203924,2.5238841772079468e-05,910.828125,0.0,3962146952.0295205,rows/s,3.0596923828125,100000,"{'schema': 'varlen', 'nrows': 100000, 'ncols': 3, 'variable': True, 'compressed': False, 'profile': 'varlen'}",True,1,1.0,0.0
exhaustive_cuda_20261007_203924,fitstable,fitstable_io,varlen_100000::scan_count,varlen_100000 [scan_count],scan_count,specialized,astropy,astropy,specialized,OK,,True,off,torchfits-gpu-exhaustive-cuda-20261007-203924,0.0006172675639390945,910.828125,0.0,162004300.63399047,rows/s,3.0596923828125,100000,"{'schema': 'varlen', 'nrows': 100000, 'ncols': 3, 'variable': True, 'compressed': False, 'profile': 'varlen'}",False,3,24.457047970479703,2345.7047970479703
exhaustive_cuda_20261007_203924,fitstable,fitstable_io,varlen_100000::scan_count,varlen_100000 [scan_count],scan_count,specialized,fitsio,fitsio,specialized,OK,,True,off,torchfits-gpu-exhaustive-cuda-20261007-203924,0.00010048039257526398,910.828125,0.0,995219041.6164612,rows/s,3.0596923828125,100000,"{'schema': 'varlen', 'nrows': 100000, 'ncols': 3, 'variable': True, 'compressed': False, 'profile': 'varlen'}",False,2,3.9811808118081182,298.1180811808118
exhaustive_cuda_20261007_203924,fitstable,fitstable_io,typed_10000::read_full,typed_10000 [read_full],read_full,smart,torchfits,torchfits,smart,OK,,True,off,torchfits-gpu-exhaustive-cuda-20261007-203924,0.0008292030543088913,910.95703125,0.0,12059772.269332286,rows/s,0.24444580078125,10000,"{'schema': 'typed', 'nrows': 10000, 'ncols': 4, 'variable': False, 'compressed': False, 'profile': 'typed'}",True,1,1.0,0.0
exhaustive_cuda_20261007_203924,fitstable,fitstable_io,typed_10000::read_full,typed_10000 [read_full],read_full,smart,astropy,astropy_torch,smart,OK,,True,off,torchfits-gpu-exhaustive-cuda-20261007-203924,0.009476236999034882,910.95703125,0.0,1055271.2011126846,rows/s,0.24444580078125,10000,"{'schema': 'typed', 'nrows': 10000, 'ncols': 4, 'variable': False, 'compressed': False, 'profile': 'typed'}",False,3,11.428126017858146,1042.8126017858146
exhaustive_cuda_20261007_203924,fitstable,fitstable_io,typed_10000::read_full,typed_10000 [read_full],read_full,smart,fitsio,fitsio_torch,smart,OK,,True,off,torchfits-gpu-exhaustive-cuda-20261007-203924,0.006184335798025131,910.95703125,0.0,1616988.5217412256,rows/s,0.24444580078125,10000,"{'schema': 'typed', 'nrows': 10000, 'ncols': 4, 'variable': False, 'compressed': False, 'profile': 'typed'}",False,2,7.458168136126242,645.8168136126243
exhaustive_cuda_20261007_203924,fitstable,fitstable_io,typed_10000::read_full,typed_10000 [read_full],read_full,specialized,torchfits,torchfits_specialized,specialized,OK,,True,off,torchfits-gpu-exhaustive-cuda-20261007-203924,0.0007872190326452255,910.95703125,0.0,12702944.905178227,rows/s,0.24444580078125,10000,"{'schema': 'typed', 'nrows': 10000, 'ncols': 4, 'variable': False, 'compressed': False, 'profile': 'typed'}",True,1,1.0,0.0
exhaustive_cuda_20261007_203924,fitstable,fitstable_io,typed_10000::read_full,typed_10000 [read_full],read_full,specialized,astropy,astropy,specialized,OK,,True,off,torchfits-gpu-exhaustive-cuda-20261007-203924,0.0053272489458322525,910.95703125,0.0,1877141.4855360668,rows/s,0.24444580078125,10000,"{'schema': 'typed', 'nrows': 10000, 'ncols': 4, 'variable': False, 'compressed': False, 'profile': 'typed'}",False,3,6.767174985507589,576.7174985507589
exhaustive_cuda_20261007_203924,fitstable,fitstable_io,typed_10000::read_full,typed_10000 [read_full],read_full,specialized,fitsio,fitsio,specialized,OK,,True,off,torchfits-gpu-exhaustive-cuda-20261007-203924,0.0020081885159015656,910.95703125,0.0,4979612.183227008,rows/s,0.24444580078125,10000,"{'schema': 'typed', 'nrows': 10000, 'ncols': 4, 'variable': False, 'compressed': False, 'profile': 'typed'}",False,2,2.550990807670922,155.09908076709218
exhaustive_cuda_20261007_203924,fitstable,fitstable_io,typed_10000::projection,typed_10000 [projection],projection,smart,torchfits,torchfits,smart,OK,,True,off,torchfits-gpu-exhaustive-cuda-20261007-203924,0.0006175637245178223,910.95703125,0.0,16192660.9400637,rows/s,0.24444580078125,10000,"{'schema': 'typed', 'nrows': 10000, 'ncols': 4, 'variable': False, 'compressed': False, 'profile': 'typed'}",True,1,1.0,0.0
exhaustive_cuda_20261007_203924,fitstable,fitstable_io,typed_10000::projection,typed_10000 [projection],projection,smart,astropy,astropy_torch,smart,OK,,True,off,torchfits-gpu-exhaustive-cuda-20261007-203924,0.009497163817286491,910.9609375,0.0,1052945.9312682655,rows/s,0.24444580078125,10000,"{'schema': 'typed', 'nrows': 10000, 'ncols': 4, 'variable': False, 'compressed': False, 'profile': 'typed'}",False,3,15.378435358556123,1437.8435358556123
exhaustive_cuda_20261007_203924,fitstable,fitstable_io,typed_10000::projection,typed_10000 [projection],projection,smart,fitsio,fitsio_torch,smart,OK,,True,off,torchfits-gpu-exhaustive-cuda-20261007-203924,0.006010347977280617,910.95703125,0.0,1663797.1774347252,rows/s,0.24444580078125,10000,"{'schema': 'typed', 'nrows': 10000, 'ncols': 4, 'variable': False, 'compressed': False, 'profile': 'typed'}",False,2,9.732352692790272,873.2352692790272
exhaustive_cuda_20261007_203924,fitstable,fitstable_io,typed_10000::projection,typed_10000 [projection],projection,specialized,torchfits,torchfits_specialized,specialized,OK,,True,off,torchfits-gpu-exhaustive-cuda-20261007-203924,0.0005769636482000351,910.95703125,0.0,17332114.477570985,rows/s,0.24444580078125,10000,"{'schema': 'typed', 'nrows': 10000, 'ncols': 4, 'variable': False, 'compressed': False, 'profile': 'typed'}",True,1,1.0,0.0
exhaustive_cuda_20261007_203924,fitstable,fitstable_io,typed_10000::projection,typed_10000 [projection],projection,specialized,astropy,astropy,specialized,OK,,True,off,torchfits-gpu-exhaustive-cuda-20261007-203924,0.005264244973659515,910.95703125,0.0,1899607.6455477634,rows/s,0.24444580078125,10000,"{'schema': 'typed', 'nrows': 10000, 'ncols': 4, 'variable': False, 'compressed': False, 'profile': 'typed'}",False,3,9.124049652144437,812.4049652144438
exhaustive_cuda_20261007_203924,fitstable,fitstable_io,typed_10000::projection,typed_10000 [projection],projection,specialized,fitsio,fitsio,specialized,OK,,True,off,torchfits-gpu-exhaustive-cuda-20261007-203924,0.0018124394118785858,910.95703125,0.0,5517425.815429076,rows/s,0.24444580078125,10000,"{'schema': 'typed', 'nrows': 10000, 'ncols': 4, 'variable': False, 'compressed': False, 'profile': 'typed'}",False,2,3.1413407370341075,214.13407370341076
exhaustive_cuda_20261007_203924,fitstable,fitstable_io,typed_10000::row_slice,typed_10000 [row_slice],row_slice,smart,torchfits,torchfits,smart,OK,,True,off,torchfits-gpu-exhaustive-cuda-20261007-203924,0.0002172999083995819,910.95703125,0.0,46019347.516757816,rows/s,0.24444580078125,10000,"{'schema': 'typed', 'nrows': 10000, 'ncols': 4, 'variable': False, 'compressed': False, 'profile': 'typed'}",True,1,1.0,0.0
exhaustive_cuda_20261007_203924,fitstable,fitstable_io,typed_10000::row_slice,typed_10000 [row_slice],row_slice,smart,astropy,astropy_torch,smart,OK,,True,off,torchfits-gpu-exhaustive-cuda-20261007-203924,0.003268228843808174,910.95703125,0.0,3059761.258439876,rows/s,0.24444580078125,10000,"{'schema': 'typed', 'nrows': 10000, 'ncols': 4, 'variable': False, 'compressed': False, 'profile': 'typed'}",False,3,15.040175892749996,1404.0175892749996
exhaustive_cuda_20261007_203924,fitstable,fitstable_io,typed_10000::row_slice,typed_10000 [row_slice],row_slice,smart,fitsio,fitsio_torch,smart,OK,,True,off,torchfits-gpu-exhaustive-cuda-20261007-203924,0.0010013580322265625,910.95703125,0.0,9986438.095238095,rows/s,0.24444580078125,10000,"{'schema': 'typed', 'nrows': 10000, 'ncols': 4, 'variable': False, 'compressed': False, 'profile': 'typed'}",False,2,4.608184327373095,360.81843273730954
exhaustive_cuda_20261007_203924,fitstable,fitstable_io,typed_10000::row_slice,typed_10000 [row_slice],row_slice,specialized,torchfits,torchfits_specialized,specialized,OK,,True,off,torchfits-gpu-exhaustive-cuda-20261007-203924,0.0001711975783109665,910.95703125,0.0,58412041.2137829,rows/s,0.24444580078125,10000,"{'schema': 'typed', 'nrows': 10000, 'ncols': 4, 'variable': False, 'compressed': False, 'profile': 'typed'}",True,1,1.0,0.0
exhaustive_cuda_20261007_203924,fitstable,fitstable_io,typed_10000::row_slice,typed_10000 [row_slice],row_slice,specialized,astropy,astropy,specialized,OK,,True,off,torchfits-gpu-exhaustive-cuda-20261007-203924,0.002858223393559456,910.95703125,0.0,3498676.8432913194,rows/s,0.24444580078125,10000,"{'schema': 'typed', 'nrows': 10000, 'ncols': 4, 'variable': False, 'compressed': False, 'profile': 'typed'}",False,3,16.695466266279336,1569.5466266279336
exhaustive_cuda_20261007_203924,fitstable,fitstable_io,typed_10000::row_slice,typed_10000 [row_slice],row_slice,specialized,fitsio,fitsio,specialized,OK,,True,off,torchfits-gpu-exhaustive-cuda-20261007-203924,0.0005056001245975494,910.95703125,0.0,19778476.138548937,rows/s,0.24444580078125,10000,"{'schema': 'typed', 'nrows': 10000, 'ncols': 4, 'variable': False, 'compressed': False, 'profile': 'typed'}",False,2,2.9533135315685826,195.33135315685826
exhaustive_cuda_20261007_203924,fitstable,fitstable_io,typed_10000::predicate_filter,typed_10000 [predicate_filter],predicate_filter,smart,torchfits,torchfits,smart,OK,,True,off,torchfits-gpu-exhaustive-cuda-20261007-203924,0.00033664703369140625,910.95703125,0.0,29704702.54957507,rows/s,0.24444580078125,10000,"{'schema': 'typed', 'nrows': 10000, 'ncols': 4, 'variable': False, 'compressed': False, 'profile': 'typed'}",True,1,1.0,0.0
exhaustive_cuda_20261007_203924,fitstable,fitstable_io,typed_10000::predicate_filter,typed_10000 [predicate_filter],predicate_filter,smart,astropy,astropy_torch,smart,FAILED,,False,off,torchfits-gpu-exhaustive-cuda-20261007-203924,,,,,rows/s,0.24444580078125,10000,"{'schema': 'typed', 'nrows': 10000, 'ncols': 4, 'variable': False, 'compressed': False, 'profile': 'typed'}",False,,,
exhaustive_cuda_20261007_203924,fitstable,fitstable_io,typed_10000::predicate_filter,typed_10000 [predicate_filter],predicate_filter,smart,fitsio,fitsio_torch,smart,OK,,True,off,torchfits-gpu-exhaustive-cuda-20261007-203924,0.0003936830908060074,910.95703125,0.0,25401141.76488122,rows/s,0.24444580078125,10000,"{'schema': 'typed', 'nrows': 10000, 'ncols': 4, 'variable': False, 'compressed': False, 'profile': 'typed'}",False,2,1.1694239111189801,16.942391111898015
exhaustive_cuda_20261007_203924,fitstable,fitstable_io,typed_10000::predicate_filter,typed_10000 [predicate_filter],predicate_filter,specialized,torchfits,torchfits_specialized,specialized,OK,,True,off,torchfits-gpu-exhaustive-cuda-20261007-203924,0.00036117807030677795,910.95703125,0.0,27687173.785236146,rows/s,0.24444580078125,10000,"{'schema': 'typed', 'nrows': 10000, 'ncols': 4, 'variable': False, 'compressed': False, 'profile': 'typed'}",True,1,1.0,0.0
exhaustive_cuda_20261007_203924,fitstable,fitstable_io,typed_10000::predicate_filter,typed_10000 [predicate_filter],predicate_filter,specialized,astropy,astropy,specialized,OK,,True,off,torchfits-gpu-exhaustive-cuda-20261007-203924,0.0019064471125602722,910.95703125,0.0,5245359.251833875,rows/s,0.24444580078125,10000,"{'schema': 'typed', 'nrows': 10000, 'ncols': 4, 'variable': False, 'compressed': False, 'profile': 'typed'}",False,3,5.278413251781791,427.84132517817915
exhaustive_cuda_20261007_203924,fitstable,fitstable_io,typed_10000::predicate_filter,typed_10000 [predicate_filter],predicate_filter,specialized,fitsio,fitsio,specialized,OK,,True,off,torchfits-gpu-exhaustive-cuda-20261007-203924,0.0004088152199983597,910.95703125,0.0,24460928.82755227,rows/s,0.24444580078125,10000,"{'schema': 'typed', 'nrows': 10000, 'ncols': 4, 'variable': False, 'compressed': False, 'profile': 'typed'}",False,2,1.131893804214413,13.18938042144131
exhaustive_cuda_20261007_203924,fitstable,fitstable_io,typed_10000::predicate_filter_selective,typed_10000 [predicate_filter_selective],predicate_filter_selective,smart,torchfits,torchfits,smart,OK,,True,off,torchfits-gpu-exhaustive-cuda-20261007-203924,0.0003413129597902298,910.95703125,0.0,29298623.77961264,rows/s,0.24444580078125,10000,"{'schema': 'typed', 'nrows': 10000, 'ncols': 4, 'variable': False, 'compressed': False, 'profile': 'typed'}",True,1,1.0,0.0
exhaustive_cuda_20261007_203924,fitstable,fitstable_io,typed_10000::predicate_filter_selective,typed_10000 [predicate_filter_selective],predicate_filter_selective,smart,astropy,astropy_torch,smart,FAILED,,False,off,torchfits-gpu-exhaustive-cuda-20261007-203924,,,,,rows/s,0.24444580078125,10000,"{'schema': 'typed', 'nrows': 10000, 'ncols': 4, 'variable': False, 'compressed': False, 'profile': 'typed'}",False,,,
exhaustive_cuda_20261007_203924,fitstable,fitstable_io,typed_10000::predicate_filter_selective,typed_10000 [predicate_filter_selective],predicate_filter_selective,smart,fitsio,fitsio_torch,smart,OK,,True,off,torchfits-gpu-exhaustive-cuda-20261007-203924,0.0003951266407966614,910.95703125,0.0,25308341.59862727,rows/s,0.24444580078125,10000,"{'schema': 'typed', 'nrows': 10000, 'ncols': 4, 'variable': False, 'compressed': False, 'profile': 'typed'}",False,2,1.1576666794003525,15.766667940035251
exhaustive_cuda_20261007_203924,fitstable,fitstable_io,typed_10000::predicate_filter_selective,typed_10000 [predicate_filter_selective],predicate_filter_selective,specialized,torchfits,torchfits_specialized,specialized,OK,,True,off,torchfits-gpu-exhaustive-cuda-20261007-203924,0.0003542732447385788,910.95703125,0.0,28226799.930599004,rows/s,0.24444580078125,10000,"{'schema': 'typed', 'nrows': 10000, 'ncols': 4, 'variable': False, 'compressed': False, 'profile': 'typed'}",True,1,1.0,0.0
exhaustive_cuda_20261007_203924,fitstable,fitstable_io,typed_10000::predicate_filter_selective,typed_10000 [predicate_filter_selective],predicate_filter_selective,specialized,astropy,astropy,specialized,OK,,True,off,torchfits-gpu-exhaustive-cuda-20261007-203924,0.0018803887069225311,910.95703125,0.0,5318049.381590964,rows/s,0.24444580078125,10000,"{'schema': 'typed', 'nrows': 10000, 'ncols': 4, 'variable': False, 'compressed': False, 'profile': 'typed'}",False,3,5.307735582206005,430.77355822060053
exhaustive_cuda_20261007_203924,fitstable,fitstable_io,typed_10000::predicate_filter_selective,typed_10000 [predicate_filter_selective],predicate_filter_selective,specialized,fitsio,fitsio,specialized,OK,,True,off,torchfits-gpu-exhaustive-cuda-20261007-203924,0.0004056748002767563,910.95703125,0.0,24650286.37021052,rows/s,0.24444580078125,10000,"{'schema': 'typed', 'nrows': 10000, 'ncols': 4, 'variable': False, 'compressed': False, 'profile': 'typed'}",False,2,1.145090142429771,14.509014242977102
exhaustive_cuda_20261007_203924,fitstable,fitstable_io,typed_10000::scan_count,typed_10000 [scan_count],scan_count,smart,torchfits,torchfits,smart,OK,,True,off,torchfits-gpu-exhaustive-cuda-20261007-203924,2.3243948817253113e-05,910.95703125,0.0,430219498.35724014,rows/s,0.24444580078125,10000,"{'schema': 'typed', 'nrows': 10000, 'ncols': 4, 'variable': False, 'compressed': False, 'profile': 'typed'}",True,1,1.0,0.0
exhaustive_cuda_20261007_203924,fitstable,fitstable_io,typed_10000::scan_count,typed_10000 [scan_count],scan_count,smart,astropy,astropy_torch,smart,OK,,True,off,torchfits-gpu-exhaustive-cuda-20261007-203924,0.0005866717547178268,910.95703125,0.0,17045306.714671697,rows/s,0.24444580078125,10000,"{'schema': 'typed', 'nrows': 10000, 'ncols': 4, 'variable': False, 'compressed': False, 'profile': 'typed'}",False,3,25.23976280150653,2423.976280150653
exhaustive_cuda_20261007_203924,fitstable,fitstable_io,typed_10000::scan_count,typed_10000 [scan_count],scan_count,smart,fitsio,fitsio_torch,smart,OK,,True,off,torchfits-gpu-exhaustive-cuda-20261007-203924,0.00010251253843307495,910.95703125,0.0,97549042.80834363,rows/s,0.24444580078125,10000,"{'schema': 'typed', 'nrows': 10000, 'ncols': 4, 'variable': False, 'compressed': False, 'profile': 'typed'}",False,2,4.410289286000481,341.02892860004806
exhaustive_cuda_20261007_203924,fitstable,fitstable_io,typed_10000::scan_count,typed_10000 [scan_count],scan_count,specialized,torchfits,torchfits_specialized,specialized,OK,,True,off,torchfits-gpu-exhaustive-cuda-20261007-203924,2.2202730178833008e-05,910.95703125,0.0,450395060.40268457,rows/s,0.24444580078125,10000,"{'schema': 'typed', 'nrows': 10000, 'ncols': 4, 'variable': False, 'compressed': False, 'profile': 'typed'}",True,1,1.0,0.0
exhaustive_cuda_20261007_203924,fitstable,fitstable_io,typed_10000::scan_count,typed_10000 [scan_count],scan_count,specialized,astropy,astropy,specialized,OK,,True,off,torchfits-gpu-exhaustive-cuda-20261007-203924,0.0005897767841815948,910.95703125,0.0,16955567.374318615,rows/s,0.24444580078125,10000,"{'schema': 'typed', 'nrows': 10000, 'ncols': 4, 'variable': False, 'compressed': False, 'profile': 'typed'}",False,3,26.56325503355705,2556.3255033557048
exhaustive_cuda_20261007_203924,fitstable,fitstable_io,typed_10000::scan_count,typed_10000 [scan_count],scan_count,specialized,fitsio,fitsio,specialized,OK,,True,off,torchfits-gpu-exhaustive-cuda-20261007-203924,0.00010099075734615326,910.95703125,0.0,99018962.35636954,rows/s,0.24444580078125,10000,"{'schema': 'typed', 'nrows': 10000, 'ncols': 4, 'variable': False, 'compressed': False, 'profile': 'typed'}",False,2,4.548573825503356,354.85738255033556
exhaustive_cuda_20261007_203924,fitstable,fitstable_io,typed_100000::read_full,typed_100000 [read_full],read_full,smart,torchfits,torchfits,smart,OK,,True,off,torchfits-gpu-exhaustive-cuda-20261007-203924,0.007281927391886711,910.95703125,0.0,13732628.000578085,rows/s,2.39227294921875,100000,"{'schema': 'typed', 'nrows': 100000, 'ncols': 4, 'variable': False, 'compressed': False, 'profile': 'typed'}",True,1,1.0,0.0
exhaustive_cuda_20261007_203924,fitstable,fitstable_io,typed_100000::read_full,typed_100000 [read_full],read_full,smart,astropy,astropy_torch,smart,OK,,True,off,torchfits-gpu-exhaustive-cuda-20261007-203924,0.08166566304862499,910.9609375,0.0,1224504.8441039224,rows/s,2.39227294921875,100000,"{'schema': 'typed', 'nrows': 100000, 'ncols': 4, 'variable': False, 'compressed': False, 'profile': 'typed'}",False,3,11.214841710673227,1021.4841710673227
exhaustive_cuda_20261007_203924,fitstable,fitstable_io,typed_100000::read_full,typed_100000 [read_full],read_full,smart,fitsio,fitsio_torch,smart,OK,,True,off,torchfits-gpu-exhaustive-cuda-20261007-203924,0.060473181307315826,911.796875,0.0,1653625.588040667,rows/s,2.39227294921875,100000,"{'schema': 'typed', 'nrows': 100000, 'ncols': 4, 'variable': False, 'compressed': False, 'profile': 'typed'}",False,2,8.304557029048807,730.4557029048807
exhaustive_cuda_20261007_203924,fitstable,fitstable_io,typed_100000::read_full,typed_100000 [read_full],read_full,specialized,torchfits,torchfits_specialized,specialized,OK,,True,off,torchfits-gpu-exhaustive-cuda-20261007-203924,0.007035760208964348,910.95703125,0.0,14213105.198296664,rows/s,2.39227294921875,100000,"{'schema': 'typed', 'nrows': 100000, 'ncols': 4, 'variable': False, 'compressed': False, 'profile': 'typed'}",True,1,1.0,0.0
exhaustive_cuda_20261007_203924,fitstable,fitstable_io,typed_100000::read_full,typed_100000 [read_full],read_full,specialized,astropy,astropy,specialized,OK,,True,off,torchfits-gpu-exhaustive-cuda-20261007-203924,0.039686303585767746,910.9609375,0.0,2519760.9997586645,rows/s,2.39227294921875,100000,"{'schema': 'typed', 'nrows': 100000, 'ncols': 4, 'variable': False, 'compressed': False, 'profile': 'typed'}",False,3,5.640656077960551,464.0656077960551
exhaustive_cuda_20261007_203924,fitstable,fitstable_io,typed_100000::read_full,typed_100000 [read_full],read_full,specialized,fitsio,fitsio,specialized,OK,,True,off,torchfits-gpu-exhaustive-cuda-20261007-203924,0.01763901300728321,910.9609375,0.0,5669251.446138718,rows/s,2.39227294921875,100000,"{'schema': 'typed', 'nrows': 100000, 'ncols': 4, 'variable': False, 'compressed': False, 'profile': 'typed'}",False,2,2.5070514746663948,150.7051474666395
exhaustive_cuda_20261007_203924,fitstable,fitstable_io,typed_100000::projection,typed_100000 [projection],projection,smart,torchfits,torchfits,smart,OK,,True,off,torchfits-gpu-exhaustive-cuda-20261007-203924,0.005093760788440704,910.95703125,0.0,19631860.26068018,rows/s,2.39227294921875,100000,"{'schema': 'typed', 'nrows': 100000, 'ncols': 4, 'variable': False, 'compressed': False, 'profile': 'typed'}",True,1,1.0,0.0
exhaustive_cuda_20261007_203924,fitstable,fitstable_io,typed_100000::projection,typed_100000 [projection],projection,smart,astropy,astropy_torch,smart,OK,,True,off,torchfits-gpu-exhaustive-cuda-20261007-203924,0.08091521263122559,910.9609375,0.0,1235861.5487517053,rows/s,2.39227294921875,100000,"{'schema': 'typed', 'nrows': 100000, 'ncols': 4, 'variable': False, 'compressed': False, 'profile': 'typed'}",False,3,15.885161473394444,1488.5161473394444
exhaustive_cuda_20261007_203924,fitstable,fitstable_io,typed_100000::projection,typed_100000 [projection],projection,smart,fitsio,fitsio_torch,smart,OK,,True,off,torchfits-gpu-exhaustive-cuda-20261007-203924,0.058170443400740623,911.8125,0.0,1719086.0882921652,rows/s,2.39227294921875,100000,"{'schema': 'typed', 'nrows': 100000, 'ncols': 4, 'variable': False, 'compressed': False, 'profile': 'typed'}",False,2,11.419940161451454,1041.9940161451455
exhaustive_cuda_20261007_203924,fitstable,fitstable_io,typed_100000::projection,typed_100000 [projection],projection,specialized,torchfits,torchfits_specialized,specialized,OK,,True,off,torchfits-gpu-exhaustive-cuda-20261007-203924,0.0049706194549798965,910.95703125,0.0,20118216.83508951,rows/s,2.39227294921875,100000,"{'schema': 'typed', 'nrows': 100000, 'ncols': 4, 'variable': False, 'compressed': False, 'profile': 'typed'}",True,1,1.0,0.0
exhaustive_cuda_20261007_203924,fitstable,fitstable_io,typed_100000::projection,typed_100000 [projection],projection,specialized,astropy,astropy,specialized,OK,,True,off,torchfits-gpu-exhaustive-cuda-20261007-203924,0.038893530145287514,910.9609375,0.0,2571121.7168112053,rows/s,2.39227294921875,100000,"{'schema': 'typed', 'nrows': 100000, 'ncols': 4, 'variable': False, 'compressed': False, 'profile': 'typed'}",False,3,7.824684729449846,682.4684729449846
exhaustive_cuda_20261007_203924,fitstable,fitstable_io,typed_100000::projection,typed_100000 [projection],projection,specialized,fitsio,fitsio,specialized,OK,,True,off,torchfits-gpu-exhaustive-cuda-20261007-203924,0.015990784391760826,910.9609375,0.0,6253601.921587069,rows/s,2.39227294921875,100000,"{'schema': 'typed', 'nrows': 100000, 'ncols': 4, 'variable': False, 'compressed': False, 'profile': 'typed'}",False,2,3.217060677566092,221.70606775660923
exhaustive_cuda_20261007_203924,fitstable,fitstable_io,typed_100000::row_slice,typed_100000 [row_slice],row_slice,smart,torchfits,torchfits,smart,OK,,True,off,torchfits-gpu-exhaustive-cuda-20261007-203924,0.0008698180317878723,910.95703125,0.0,114966575.01391922,rows/s,2.39227294921875,100000,"{'schema': 'typed', 'nrows': 100000, 'ncols': 4, 'variable': False, 'compressed': False, 'profile': 'typed'}",True,1,1.0,0.0
exhaustive_cuda_20261007_203924,fitstable,fitstable_io,typed_100000::row_slice,typed_100000 [row_slice],row_slice,smart,astropy,astropy_torch,smart,OK,,True,off,torchfits-gpu-exhaustive-cuda-20261007-203924,0.01056704856455326,910.95703125,0.0,9463380.374293536,rows/s,2.39227294921875,100000,"{'schema': 'typed', 'nrows': 100000, 'ncols': 4, 'variable': False, 'compressed': False, 'profile': 'typed'}",False,3,12.148573814724399,1114.8573814724398
exhaustive_cuda_20261007_203924,fitstable,fitstable_io,typed_100000::row_slice,typed_100000 [row_slice],row_slice,smart,fitsio,fitsio_torch,smart,OK,,True,off,torchfits-gpu-exhaustive-cuda-20261007-203924,0.006703652441501617,910.95703125,0.0,14917241.141696185,rows/s,2.39227294921875,100000,"{'schema': 'typed', 'nrows': 100000, 'ncols': 4, 'variable': False, 'compressed': False, 'profile': 'typed'}",False,2,7.706959612831384,670.6959612831384
exhaustive_cuda_20261007_203924,fitstable,fitstable_io,typed_100000::row_slice,typed_100000 [row_slice],row_slice,specialized,torchfits,torchfits_specialized,specialized,OK,,True,off,torchfits-gpu-exhaustive-cuda-20261007-203924,0.0007985774427652359,910.95703125,0.0,125222670.51988067,rows/s,2.39227294921875,100000,"{'schema': 'typed', 'nrows': 100000, 'ncols': 4, 'variable': False, 'compressed': False, 'profile': 'typed'}",True,1,1.0,0.0
exhaustive_cuda_20261007_203924,fitstable,fitstable_io,typed_100000::row_slice,typed_100000 [row_slice],row_slice,specialized,astropy,astropy,specialized,OK,,True,off,torchfits-gpu-exhaustive-cuda-20261007-203924,0.006138700991868973,910.95703125,0.0,16290091.361748222,rows/s,2.39227294921875,100000,"{'schema': 'typed', 'nrows': 100000, 'ncols': 4, 'variable': False, 'compressed': False, 'profile': 'typed'}",False,3,7.687045317248731,668.704531724873
exhaustive_cuda_20261007_203924,fitstable,fitstable_io,typed_100000::row_slice,typed_100000 [row_slice],row_slice,specialized,fitsio,fitsio,specialized,OK,,True,off,torchfits-gpu-exhaustive-cuda-20261007-203924,0.002413388341665268,910.95703125,0.0,41435519.627561785,rows/s,2.39227294921875,100000,"{'schema': 'typed', 'nrows': 100000, 'ncols': 4, 'variable': False, 'compressed': False, 'profile': 'typed'}",False,2,3.0221093314487106,202.21093314487106
exhaustive_cuda_20261007_203924,fitstable,fitstable_io,typed_100000::predicate_filter,typed_100000 [predicate_filter],predicate_filter,smart,torchfits,torchfits,smart,OK,,True,off,torchfits-gpu-exhaustive-cuda-20261007-203924,0.001178724691271782,910.95703125,0.0,84837452.49461539,rows/s,2.39227294921875,100000,"{'schema': 'typed', 'nrows': 100000, 'ncols': 4, 'variable': False, 'compressed': False, 'profile': 'typed'}",True,1,1.0,0.0
exhaustive_cuda_20261007_203924,fitstable,fitstable_io,typed_100000::predicate_filter,typed_100000 [predicate_filter],predicate_filter,smart,astropy,astropy_torch,smart,FAILED,,False,off,torchfits-gpu-exhaustive-cuda-20261007-203924,,,,,rows/s,2.39227294921875,100000,"{'schema': 'typed', 'nrows': 100000, 'ncols': 4, 'variable': False, 'compressed': False, 'profile': 'typed'}",False,,,
exhaustive_cuda_20261007_203924,fitstable,fitstable_io,typed_100000::predicate_filter,typed_100000 [predicate_filter],predicate_filter,smart,fitsio,fitsio_torch,smart,OK,,True,off,torchfits-gpu-exhaustive-cuda-20261007-203924,0.001980561763048172,910.95703125,0.0,50490725.34152915,rows/s,2.39227294921875,100000,"{'schema': 'typed', 'nrows': 100000, 'ncols': 4, 'variable': False, 'compressed': False, 'profile': 'typed'}",False,2,1.68025814485251,68.025814485251
exhaustive_cuda_20261007_203924,fitstable,fitstable_io,typed_100000::predicate_filter,typed_100000 [predicate_filter],predicate_filter,specialized,torchfits,torchfits_specialized,specialized,OK,,True,off,torchfits-gpu-exhaustive-cuda-20261007-203924,0.0012152064591646194,910.95703125,0.0,82290543.50874987,rows/s,2.39227294921875,100000,"{'schema': 'typed', 'nrows': 100000, 'ncols': 4, 'variable': False, 'compressed': False, 'profile': 'typed'}",True,1,1.0,0.0
exhaustive_cuda_20261007_203924,fitstable,fitstable_io,typed_100000::predicate_filter,typed_100000 [predicate_filter],predicate_filter,specialized,astropy,astropy,specialized,OK,,True,off,torchfits-gpu-exhaustive-cuda-20261007-203924,0.0023317430168390274,910.95703125,0.0,42886372.673933275,rows/s,2.39227294921875,100000,"{'schema': 'typed', 'nrows': 100000, 'ncols': 4, 'variable': False, 'compressed': False, 'profile': 'typed'}",False,3,1.9188040017841568,91.88040017841568
exhaustive_cuda_20261007_203924,fitstable,fitstable_io,typed_100000::predicate_filter,typed_100000 [predicate_filter],predicate_filter,specialized,fitsio,fitsio,specialized,OK,,True,off,torchfits-gpu-exhaustive-cuda-20261007-203924,0.001967731863260269,910.95703125,0.0,50819932.261661574,rows/s,2.39227294921875,100000,"{'schema': 'typed', 'nrows': 100000, 'ncols': 4, 'variable': False, 'compressed': False, 'profile': 'typed'}",False,2,1.6192572450717264,61.92572450717264
exhaustive_cuda_20261007_203924,fitstable,fitstable_io,typed_100000::predicate_filter_selective,typed_100000 [predicate_filter_selective],predicate_filter_selective,smart,torchfits,torchfits,smart,OK,,True,off,torchfits-gpu-exhaustive-cuda-20261007-203924,0.0012721400707960129,910.95703125,0.0,78607696.03572606,rows/s,2.39227294921875,100000,"{'schema': 'typed', 'nrows': 100000, 'ncols': 4, 'variable': False, 'compressed': False, 'profile': 'typed'}",True,1,1.0,0.0
exhaustive_cuda_20261007_203924,fitstable,fitstable_io,typed_100000::predicate_filter_selective,typed_100000 [predicate_filter_selective],predicate_filter_selective,smart,astropy,astropy_torch,smart,FAILED,,False,off,torchfits-gpu-exhaustive-cuda-20261007-203924,,,,,rows/s,2.39227294921875,100000,"{'schema': 'typed', 'nrows': 100000, 'ncols': 4, 'variable': False, 'compressed': False, 'profile': 'typed'}",False,,,
exhaustive_cuda_20261007_203924,fitstable,fitstable_io,typed_100000::predicate_filter_selective,typed_100000 [predicate_filter_selective],predicate_filter_selective,smart,fitsio,fitsio_torch,smart,OK,,True,off,torchfits-gpu-exhaustive-cuda-20261007-203924,0.0020059719681739807,910.95703125,0.0,49851145.2734951,rows/s,2.39227294921875,100000,"{'schema': 'typed', 'nrows': 100000, 'ncols': 4, 'variable': False, 'compressed': False, 'profile': 'typed'}",False,2,1.5768483473040742,57.68483473040742
exhaustive_cuda_20261007_203924,fitstable,fitstable_io,typed_100000::predicate_filter_selective,typed_100000 [predicate_filter_selective],predicate_filter_selective,specialized,torchfits,torchfits_specialized,specialized,OK,,True,off,torchfits-gpu-exhaustive-cuda-20261007-203924,0.001213613897562027,910.95703125,0.0,82398529.05515122,rows/s,2.39227294921875,100000,"{'schema': 'typed', 'nrows': 100000, 'ncols': 4, 'variable': False, 'compressed': False, 'profile': 'typed'}",True,1,1.0,0.0
exhaustive_cuda_20261007_203924,fitstable,fitstable_io,typed_100000::predicate_filter_selective,typed_100000 [predicate_filter_selective],predicate_filter_selective,specialized,astropy,astropy,specialized,OK,,True,off,torchfits-gpu-exhaustive-cuda-20261007-203924,0.002313699573278427,910.95703125,0.0,43220823.11589991,rows/s,2.39227294921875,100000,"{'schema': 'typed', 'nrows': 100000, 'ncols': 4, 'variable': False, 'compressed': False, 'profile': 'typed'}",False,3,1.9064544151367346,90.64544151367346
exhaustive_cuda_20261007_203924,fitstable,fitstable_io,typed_100000::predicate_filter_selective,typed_100000 [predicate_filter_selective],predicate_filter_selective,specialized,fitsio,fitsio,specialized,OK,,True,off,torchfits-gpu-exhaustive-cuda-20261007-203924,0.001997563987970352,910.95703125,0.0,50060974.56813193,rows/s,2.39227294921875,100000,"{'schema': 'typed', 'nrows': 100000, 'ncols': 4, 'variable': False, 'compressed': False, 'profile': 'typed'}",False,2,1.645963343022988,64.59633430229881
exhaustive_cuda_20261007_203924,fitstable,fitstable_io,typed_100000::scan_count,typed_100000 [scan_count],scan_count,smart,torchfits,torchfits,smart,OK,,True,off,torchfits-gpu-exhaustive-cuda-20261007-203924,2.372823655605316e-05,910.95703125,0.0,4214388193.735772,rows/s,2.39227294921875,100000,"{'schema': 'typed', 'nrows': 100000, 'ncols': 4, 'variable': False, 'compressed': False, 'profile': 'typed'}",True,1,1.0,0.0
exhaustive_cuda_20261007_203924,fitstable,fitstable_io,typed_100000::scan_count,typed_100000 [scan_count],scan_count,smart,astropy,astropy_torch,smart,OK,,True,off,torchfits-gpu-exhaustive-cuda-20261007-203924,0.0006313621997833252,910.95703125,0.0,158387689.4028794,rows/s,2.39227294921875,100000,"{'schema': 'typed', 'nrows': 100000, 'ncols': 4, 'variable': False, 'compressed': False, 'profile': 'typed'}",False,3,26.608054007378914,2560.8054007378914
exhaustive_cuda_20261007_203924,fitstable,fitstable_io,typed_100000::scan_count,typed_100000 [scan_count],scan_count,smart,fitsio,fitsio_torch,smart,OK,,True,off,torchfits-gpu-exhaustive-cuda-20261007-203924,0.00010262243449687958,910.95703125,0.0,974445797.2592794,rows/s,2.39227294921875,100000,"{'schema': 'typed', 'nrows': 100000, 'ncols': 4, 'variable': False, 'compressed': False, 'profile': 'typed'}",False,2,4.324907763560719,332.49077635607193
exhaustive_cuda_20261007_203924,fitstable,fitstable_io,typed_100000::scan_count,typed_100000 [scan_count],scan_count,specialized,torchfits,torchfits_specialized,specialized,OK,,True,off,torchfits-gpu-exhaustive-cuda-20261007-203924,2.4005770683288574e-05,910.95703125,0.0,4165665052.7622595,rows/s,2.39227294921875,100000,"{'schema': 'typed', 'nrows': 100000, 'ncols': 4, 'variable': False, 'compressed': False, 'profile': 'typed'}",True,1,1.0,0.0
exhaustive_cuda_20261007_203924,fitstable,fitstable_io,typed_100000::scan_count,typed_100000 [scan_count],scan_count,specialized,astropy,astropy,specialized,OK,,True,off,torchfits-gpu-exhaustive-cuda-20261007-203924,0.000624658539891243,910.95703125,0.0,160087461.571262,rows/s,2.39227294921875,100000,"{'schema': 'typed', 'nrows': 100000, 'ncols': 4, 'variable': False, 'compressed': False, 'profile': 'typed'}",False,3,26.021182495344508,2502.118249534451
exhaustive_cuda_20261007_203924,fitstable,fitstable_io,typed_100000::scan_count,typed_100000 [scan_count],scan_count,specialized,fitsio,fitsio,specialized,OK,,True,off,torchfits-gpu-exhaustive-cuda-20261007-203924,0.00010482408106327057,910.95703125,0.0,953979266.8408053,rows/s,2.39227294921875,100000,"{'schema': 'typed', 'nrows': 100000, 'ncols': 4, 'variable': False, 'compressed': False, 'profile': 'typed'}",False,2,4.3666201117318435,336.66201117318434
exhaustive_cuda_20261007_203924,fitstable,fitstable_io,ascii_1000::read_full,ascii_1000 [read_full],read_full,smart,torchfits,torchfits,smart,OK,,True,off,torchfits-gpu-exhaustive-cuda-20261007-203924,0.00024815648794174194,910.9609375,0.0,4029715.3150989283,rows/s,0.0494384765625,1000,"{'schema': 'ascii', 'nrows': 1000, 'ncols': 3, 'variable': False, 'compressed': False, 'profile': 'ascii'}",True,1,1.0,0.0
exhaustive_cuda_20261007_203924,fitstable,fitstable_io,ascii_1000::read_full,ascii_1000 [read_full],read_full,smart,astropy,astropy_torch,smart,OK,,True,off,torchfits-gpu-exhaustive-cuda-20261007-203924,0.003291776403784752,910.9609375,0.0,303787.3407350026,rows/s,0.0494384765625,1000,"{'schema': 'ascii', 'nrows': 1000, 'ncols': 3, 'variable': False, 'compressed': False, 'profile': 'ascii'}",False,3,13.264921788212687,1226.4921788212687
exhaustive_cuda_20261007_203924,fitstable,fitstable_io,ascii_1000::read_full,ascii_1000 [read_full],read_full,smart,fitsio,fitsio_torch,smart,OK,,True,off,torchfits-gpu-exhaustive-cuda-20261007-203924,0.0008947271853685379,910.9609375,0.0,1117659.121521048,rows/s,0.0494384765625,1000,"{'schema': 'ascii', 'nrows': 1000, 'ncols': 3, 'variable': False, 'compressed': False, 'profile': 'ascii'}",False,2,3.605495841714955,260.5495841714955
exhaustive_cuda_20261007_203924,fitstable,fitstable_io,ascii_1000::read_full,ascii_1000 [read_full],read_full,specialized,torchfits,torchfits_specialized,specialized,OK,,True,off,torchfits-gpu-exhaustive-cuda-20261007-203924,0.00021591223776340485,910.9609375,0.0,4631511.443532873,rows/s,0.0494384765625,1000,"{'schema': 'ascii', 'nrows': 1000, 'ncols': 3, 'variable': False, 'compressed': False, 'profile': 'ascii'}",True,1,1.0,0.0
exhaustive_cuda_20261007_203924,fitstable,fitstable_io,ascii_1000::read_full,ascii_1000 [read_full],read_full,specialized,astropy,astropy,specialized,OK,,True,off,torchfits-gpu-exhaustive-cuda-20261007-203924,0.002764713019132614,910.9609375,0.0,361701.19396831084,rows/s,0.0494384765625,1000,"{'schema': 'ascii', 'nrows': 1000, 'ncols': 3, 'variable': False, 'compressed': False, 'profile': 'ascii'}",False,3,12.80479998619702,1180.479998619702
exhaustive_cuda_20261007_203924,fitstable,fitstable_io,ascii_1000::read_full,ascii_1000 [read_full],read_full,specialized,fitsio,fitsio,specialized,OK,,True,off,torchfits-gpu-exhaustive-cuda-20261007-203924,0.00044211186468601227,910.9609375,0.0,2261870.9875841034,rows/s,0.0494384765625,1000,"{'schema': 'ascii', 'nrows': 1000, 'ncols': 3, 'variable': False, 'compressed': False, 'profile': 'ascii'}",False,2,2.0476461606149226,104.76461606149226
exhaustive_cuda_20261007_203924,fitstable,fitstable_io,ascii_1000::projection,ascii_1000 [projection],projection,smart,torchfits,torchfits,smart,OK,,True,off,torchfits-gpu-exhaustive-cuda-20261007-203924,0.00026139989495277405,910.9609375,0.0,3825556.2427852754,rows/s,0.0494384765625,1000,"{'schema': 'ascii', 'nrows': 1000, 'ncols': 3, 'variable': False, 'compressed': False, 'profile': 'ascii'}",True,1,1.0,0.0
exhaustive_cuda_20261007_203924,fitstable,fitstable_io,ascii_1000::projection,ascii_1000 [projection],projection,smart,astropy,astropy_torch,smart,OK,,True,off,torchfits-gpu-exhaustive-cuda-20261007-203924,0.003290552645921707,910.9609375,0.0,303900.3193701807,rows/s,0.0494384765625,1000,"{'schema': 'ascii', 'nrows': 1000, 'ncols': 3, 'variable': False, 'compressed': False, 'profile': 'ascii'}",False,3,12.588194216819392,1158.8194216819393
exhaustive_cuda_20261007_203924,fitstable,fitstable_io,ascii_1000::projection,ascii_1000 [projection],projection,smart,fitsio,fitsio_torch,smart,OK,,True,off,torchfits-gpu-exhaustive-cuda-20261007-203924,0.0009394120424985886,910.9609375,0.0,1064495.6150873513,rows/s,0.0494384765625,1000,"{'schema': 'ascii', 'nrows': 1000, 'ncols': 3, 'variable': False, 'compressed': False, 'profile': 'ascii'}",False,2,3.5937736037281423,259.3773603728142
exhaustive_cuda_20261007_203924,fitstable,fitstable_io,ascii_1000::projection,ascii_1000 [projection],projection,specialized,torchfits,torchfits_specialized,specialized,OK,,True,off,torchfits-gpu-exhaustive-cuda-20261007-203924,0.00022660009562969208,910.9609375,0.0,4413060.803090707,rows/s,0.0494384765625,1000,"{'schema': 'ascii', 'nrows': 1000, 'ncols': 3, 'variable': False, 'compressed': False, 'profile': 'ascii'}",True,1,1.0,0.0
exhaustive_cuda_20261007_203924,fitstable,fitstable_io,ascii_1000::projection,ascii_1000 [projection],projection,specialized,astropy,astropy,specialized,OK,,True,off,torchfits-gpu-exhaustive-cuda-20261007-203924,0.002791985869407654,910.9609375,0.0,358168.001835969,rows/s,0.0494384765625,1000,"{'schema': 'ascii', 'nrows': 1000, 'ncols': 3, 'variable': False, 'compressed': False, 'profile': 'ascii'}",False,3,12.321203403066047,1132.1203403066047
exhaustive_cuda_20261007_203924,fitstable,fitstable_io,ascii_1000::projection,ascii_1000 [projection],projection,specialized,fitsio,fitsio,specialized,OK,,True,off,torchfits-gpu-exhaustive-cuda-20261007-203924,0.00048195943236351013,910.9609375,0.0,2074863.4280193236,rows/s,0.0494384765625,1000,"{'schema': 'ascii', 'nrows': 1000, 'ncols': 3, 'variable': False, 'compressed': False, 'profile': 'ascii'}",False,2,2.1269162796432535,112.69162796432535
exhaustive_cuda_20261007_203924,fitstable,fitstable_io,ascii_1000::row_slice,ascii_1000 [row_slice],row_slice,smart,torchfits,torchfits,smart,OK,,True,off,torchfits-gpu-exhaustive-cuda-20261007-203924,0.0001590680330991745,910.9609375,0.0,6286618.250799189,rows/s,0.0494384765625,1000,"{'schema': 'ascii', 'nrows': 1000, 'ncols': 3, 'variable': False, 'compressed': False, 'profile': 'ascii'}",True,1,1.0,0.0
exhaustive_cuda_20261007_203924,fitstable,fitstable_io,ascii_1000::row_slice,ascii_1000 [row_slice],row_slice,smart,astropy,astropy_torch,smart,OK,,True,off,torchfits-gpu-exhaustive-cuda-20261007-203924,0.0025477297604084015,910.9609375,0.0,392506.30719943385,rows/s,0.0494384765625,1000,"{'schema': 'ascii', 'nrows': 1000, 'ncols': 3, 'variable': False, 'compressed': False, 'profile': 'ascii'}",False,3,16.016604409887705,1501.6604409887705
exhaustive_cuda_20261007_203924,fitstable,fitstable_io,ascii_1000::row_slice,ascii_1000 [row_slice],row_slice,smart,fitsio,fitsio_torch,smart,OK,,True,off,torchfits-gpu-exhaustive-cuda-20261007-203924,0.00035314634442329407,910.9609375,0.0,2831687.2474867348,rows/s,0.0494384765625,1000,"{'schema': 'ascii', 'nrows': 1000, 'ncols': 3, 'variable': False, 'compressed': False, 'profile': 'ascii'}",False,2,2.2200962540544973,122.00962540544973
exhaustive_cuda_20261007_203924,fitstable,fitstable_io,ascii_1000::row_slice,ascii_1000 [row_slice],row_slice,specialized,torchfits,torchfits_specialized,specialized,OK,,True,off,torchfits-gpu-exhaustive-cuda-20261007-203924,0.00011566653847694397,910.9609375,0.0,8645542.722793005,rows/s,0.0494384765625,1000,"{'schema': 'ascii', 'nrows': 1000, 'ncols': 3, 'variable': False, 'compressed': False, 'profile': 'ascii'}",True,1,1.0,0.0
exhaustive_cuda_20261007_203924,fitstable,fitstable_io,ascii_1000::row_slice,ascii_1000 [row_slice],row_slice,specialized,astropy,astropy,specialized,OK,,True,off,torchfits-gpu-exhaustive-cuda-20261007-203924,0.002510432153940201,910.9609375,0.0,398337.79153540125,rows/s,0.0494384765625,1000,"{'schema': 'ascii', 'nrows': 1000, 'ncols': 3, 'variable': False, 'compressed': False, 'profile': 'ascii'}",False,3,21.70404843956327,2070.404843956327
exhaustive_cuda_20261007_203924,fitstable,fitstable_io,ascii_1000::row_slice,ascii_1000 [row_slice],row_slice,specialized,fitsio,fitsio,specialized,OK,,True,off,torchfits-gpu-exhaustive-cuda-20261007-203924,0.00026683323085308075,910.9609375,0.0,3747659.153258176,rows/s,0.0494384765625,1000,"{'schema': 'ascii', 'nrows': 1000, 'ncols': 3, 'variable': False, 'compressed': False, 'profile': 'ascii'}",False,2,2.3069180972011982,130.69180972011983
exhaustive_cuda_20261007_203924,fitstable,fitstable_io,ascii_1000::predicate_filter,ascii_1000 [predicate_filter],predicate_filter,smart,torchfits,torchfits,smart,OK,,True,off,torchfits-gpu-exhaustive-cuda-20261007-203924,0.00023743696510791779,910.9609375,0.0,4211644.128560558,rows/s,0.0494384765625,1000,"{'schema': 'ascii', 'nrows': 1000, 'ncols': 3, 'variable': False, 'compressed': False, 'profile': 'ascii'}",False,2,1.0049667699439464,0.4966769943946403
exhaustive_cuda_20261007_203924,fitstable,fitstable_io,ascii_1000::predicate_filter,ascii_1000 [predicate_filter],predicate_filter,smart,astropy,astropy_torch,smart,OK,,True,off,torchfits-gpu-exhaustive-cuda-20261007-203924,0.001953510567545891,910.9609375,0.0,511898.94573043234,rows/s,0.0494384765625,1000,"{'schema': 'ascii', 'nrows': 1000, 'ncols': 3, 'variable': False, 'compressed': False, 'profile': 'ascii'}",False,3,8.268355368447608,726.8355368447608
exhaustive_cuda_20261007_203924,fitstable,fitstable_io,ascii_1000::predicate_filter,ascii_1000 [predicate_filter],predicate_filter,smart,fitsio,fitsio_torch,smart,OK,,True,off,torchfits-gpu-exhaustive-cuda-20261007-203924,0.00023626349866390228,910.9609375,0.0,4232562.396032891,rows/s,0.0494384765625,1000,"{'schema': 'ascii', 'nrows': 1000, 'ncols': 3, 'variable': False, 'compressed': False, 'profile': 'ascii'}",True,1,1.0,0.0
exhaustive_cuda_20261007_203924,fitstable,fitstable_io,ascii_1000::predicate_filter,ascii_1000 [predicate_filter],predicate_filter,specialized,torchfits,torchfits_specialized,specialized,OK,,True,off,torchfits-gpu-exhaustive-cuda-20261007-203924,0.00023728981614112854,910.9609375,0.0,4214255.867623279,rows/s,0.0494384765625,1000,"{'schema': 'ascii', 'nrows': 1000, 'ncols': 3, 'variable': False, 'compressed': False, 'profile': 'ascii'}",False,2,1.059929612034179,5.992961203417901
exhaustive_cuda_20261007_203924,fitstable,fitstable_io,ascii_1000::predicate_filter,ascii_1000 [predicate_filter],predicate_filter,specialized,astropy,astropy,specialized,OK,,True,off,torchfits-gpu-exhaustive-cuda-20261007-203924,0.0019323118031024933,910.9609375,0.0,517514.8226049304,rows/s,0.0494384765625,1000,"{'schema': 'ascii', 'nrows': 1000, 'ncols': 3, 'variable': False, 'compressed': False, 'profile': 'ascii'}",False,3,8.631278548310606,763.1278548310606
exhaustive_cuda_20261007_203924,fitstable,fitstable_io,ascii_1000::predicate_filter,ascii_1000 [predicate_filter],predicate_filter,specialized,fitsio,fitsio,specialized,OK,,True,off,torchfits-gpu-exhaustive-cuda-20261007-203924,0.00022387318313121796,910.9609375,0.0,4466814.586782704,rows/s,0.0494384765625,1000,"{'schema': 'ascii', 'nrows': 1000, 'ncols': 3, 'variable': False, 'compressed': False, 'profile': 'ascii'}",True,1,1.0,0.0
exhaustive_cuda_20261007_203924,fitstable,fitstable_io,ascii_1000::predicate_filter_selective,ascii_1000 [predicate_filter_selective],predicate_filter_selective,smart,torchfits,torchfits,smart,OK,,True,off,torchfits-gpu-exhaustive-cuda-20261007-203924,0.00023268163204193115,910.9609375,0.0,4297717.835414666,rows/s,0.0494384765625,1000,"{'schema': 'ascii', 'nrows': 1000, 'ncols': 3, 'variable': False, 'compressed': False, 'profile': 'ascii'}",True,1,1.0,0.0
exhaustive_cuda_20261007_203924,fitstable,fitstable_io,ascii_1000::predicate_filter_selective,ascii_1000 [predicate_filter_selective],predicate_filter_selective,smart,astropy,astropy_torch,smart,OK,,True,off,torchfits-gpu-exhaustive-cuda-20261007-203924,0.0019514188170433044,910.9609375,0.0,512447.6566825115,rows/s,0.0494384765625,1000,"{'schema': 'ascii', 'nrows': 1000, 'ncols': 3, 'variable': False, 'compressed': False, 'profile': 'ascii'}",False,3,8.386647454370797,738.6647454370797
exhaustive_cuda_20261007_203924,fitstable,fitstable_io,ascii_1000::predicate_filter_selective,ascii_1000 [predicate_filter_selective],predicate_filter_selective,smart,fitsio,fitsio_torch,smart,OK,,True,off,torchfits-gpu-exhaustive-cuda-20261007-203924,0.0002351868897676468,910.9609375,0.0,4251937.686611491,rows/s,0.0494384765625,1000,"{'schema': 'ascii', 'nrows': 1000, 'ncols': 3, 'variable': False, 'compressed': False, 'profile': 'ascii'}",False,2,1.0107668908101184,1.076689081011839
exhaustive_cuda_20261007_203924,fitstable,fitstable_io,ascii_1000::predicate_filter_selective,ascii_1000 [predicate_filter_selective],predicate_filter_selective,specialized,torchfits,torchfits_specialized,specialized,OK,,True,off,torchfits-gpu-exhaustive-cuda-20261007-203924,0.00023391284048557281,910.9609375,0.0,4275096.64678574,rows/s,0.0494384765625,1000,"{'schema': 'ascii', 'nrows': 1000, 'ncols': 3, 'variable': False, 'compressed': False, 'profile': 'ascii'}",False,2,1.0422005709733104,4.2200570973310425
exhaustive_cuda_20261007_203924,fitstable,fitstable_io,ascii_1000::predicate_filter_selective,ascii_1000 [predicate_filter_selective],predicate_filter_selective,specialized,astropy,astropy,specialized,OK,,True,off,torchfits-gpu-exhaustive-cuda-20261007-203924,0.0019312463700771332,910.9609375,0.0,517800.32599365374,rows/s,0.0494384765625,1000,"{'schema': 'ascii', 'nrows': 1000, 'ncols': 3, 'variable': False, 'compressed': False, 'profile': 'ascii'}",False,3,8.604683972911964,760.4683972911964
exhaustive_cuda_20261007_203924,fitstable,fitstable_io,ascii_1000::predicate_filter_selective,ascii_1000 [predicate_filter_selective],predicate_filter_selective,specialized,fitsio,fitsio,specialized,OK,,True,off,torchfits-gpu-exhaustive-cuda-20261007-203924,0.0002244412899017334,910.9609375,0.0,4455508.166246182,rows/s,0.0494384765625,1000,"{'schema': 'ascii', 'nrows': 1000, 'ncols': 3, 'variable': False, 'compressed': False, 'profile': 'ascii'}",True,1,1.0,0.0
exhaustive_cuda_20261007_203924,fitstable,fitstable_io,ascii_1000::scan_count,ascii_1000 [scan_count],scan_count,smart,torchfits,torchfits,smart,OK,,True,off,torchfits-gpu-exhaustive-cuda-20261007-203924,2.2318214178085327e-05,910.9609375,0.0,44806452.345184445,rows/s,0.0494384765625,1000,"{'schema': 'ascii', 'nrows': 1000, 'ncols': 3, 'variable': False, 'compressed': False, 'profile': 'ascii'}",True,1,1.0,0.0
exhaustive_cuda_20261007_203924,fitstable,fitstable_io,ascii_1000::scan_count,ascii_1000 [scan_count],scan_count,smart,astropy,astropy_torch,smart,OK,,True,off,torchfits-gpu-exhaustive-cuda-20261007-203924,0.0005549024790525436,910.9609375,0.0,1802118.4581972468,rows/s,0.0494384765625,1000,"{'schema': 'ascii', 'nrows': 1000, 'ncols': 3, 'variable': False, 'compressed': False, 'profile': 'ascii'}",False,3,24.863211483892506,2386.3211483892505
exhaustive_cuda_20261007_203924,fitstable,fitstable_io,ascii_1000::scan_count,ascii_1000 [scan_count],scan_count,smart,fitsio,fitsio_torch,smart,OK,,True,off,torchfits-gpu-exhaustive-cuda-20261007-203924,9.605474770069122e-05,910.9609375,0.0,10410729.546820763,rows/s,0.0494384765625,1000,"{'schema': 'ascii', 'nrows': 1000, 'ncols': 3, 'variable': False, 'compressed': False, 'profile': 'ascii'}",False,2,4.303872475379737,330.3872475379737
exhaustive_cuda_20261007_203924,fitstable,fitstable_io,ascii_1000::scan_count,ascii_1000 [scan_count],scan_count,specialized,torchfits,torchfits_specialized,specialized,OK,,True,off,torchfits-gpu-exhaustive-cuda-20261007-203924,2.1556392312049866e-05,910.9609375,0.0,46389951.784325585,rows/s,0.0494384765625,1000,"{'schema': 'ascii', 'nrows': 1000, 'ncols': 3, 'variable': False, 'compressed': False, 'profile': 'ascii'}",True,1,1.0,0.0
exhaustive_cuda_20261007_203924,fitstable,fitstable_io,ascii_1000::scan_count,ascii_1000 [scan_count],scan_count,specialized,astropy,astropy,specialized,OK,,True,off,torchfits-gpu-exhaustive-cuda-20261007-203924,0.0005635339766740799,910.9609375,0.0,1774515.8968087393,rows/s,0.0494384765625,1000,"{'schema': 'ascii', 'nrows': 1000, 'ncols': 3, 'variable': False, 'compressed': False, 'profile': 'ascii'}",False,3,26.142314006739827,2514.2314006739825
exhaustive_cuda_20261007_203924,fitstable,fitstable_io,ascii_1000::scan_count,ascii_1000 [scan_count],scan_count,specialized,fitsio,fitsio,specialized,OK,,True,off,torchfits-gpu-exhaustive-cuda-20261007-203924,9.60957258939743e-05,910.9609375,0.0,10406290.08935667,rows/s,0.0494384765625,1000,"{'schema': 'ascii', 'nrows': 1000, 'ncols': 3, 'variable': False, 'compressed': False, 'profile': 'ascii'}",False,2,4.457876090901236,345.78760909012357
exhaustive_cuda_20261007_203924,fitstable,fitstable_io,ascii_10000::read_full,ascii_10000 [read_full],read_full,smart,torchfits,torchfits,smart,OK,,True,off,torchfits-gpu-exhaustive-cuda-20261007-203924,0.001338128000497818,910.9609375,0.0,7473126.633834538,rows/s,0.4449462890625,10000,"{'schema': 'ascii', 'nrows': 10000, 'ncols': 3, 'variable': False, 'compressed': False, 'profile': 'ascii'}",True,1,1.0,0.0
exhaustive_cuda_20261007_203924,fitstable,fitstable_io,ascii_10000::read_full,ascii_10000 [read_full],read_full,smart,astropy,astropy_torch,smart,OK,,True,off,torchfits-gpu-exhaustive-cuda-20261007-203924,0.014684932306408882,910.9609375,0.0,680970.1121765296,rows/s,0.4449462890625,10000,"{'schema': 'ascii', 'nrows': 10000, 'ncols': 3, 'variable': False, 'compressed': False, 'profile': 'ascii'}",False,3,10.974235873508148,997.4235873508147
exhaustive_cuda_20261007_203924,fitstable,fitstable_io,ascii_10000::read_full,ascii_10000 [read_full],read_full,smart,fitsio,fitsio_torch,smart,OK,,True,off,torchfits-gpu-exhaustive-cuda-20261007-203924,0.0069420915096998215,910.9609375,0.0,1440488.0699177652,rows/s,0.4449462890625,10000,"{'schema': 'ascii', 'nrows': 10000, 'ncols': 3, 'variable': False, 'compressed': False, 'profile': 'ascii'}",False,2,5.187912895565436,418.7912895565436
exhaustive_cuda_20261007_203924,fitstable,fitstable_io,ascii_10000::read_full,ascii_10000 [read_full],read_full,specialized,torchfits,torchfits_specialized,specialized,OK,,True,off,torchfits-gpu-exhaustive-cuda-20261007-203924,0.0012947283685207367,910.9609375,0.0,7723627.784123769,rows/s,0.4449462890625,10000,"{'schema': 'ascii', 'nrows': 10000, 'ncols': 3, 'variable': False, 'compressed': False, 'profile': 'ascii'}",True,1,1.0,0.0
exhaustive_cuda_20261007_203924,fitstable,fitstable_io,ascii_10000::read_full,ascii_10000 [read_full],read_full,specialized,astropy,astropy,specialized,OK,,True,off,torchfits-gpu-exhaustive-cuda-20261007-203924,0.010383248329162598,910.96484375,0.0,963089.746386379,rows/s,0.4449462890625,10000,"{'schema': 'ascii', 'nrows': 10000, 'ncols': 3, 'variable': False, 'compressed': False, 'profile': 'ascii'}",False,3,8.019634528457694,701.9634528457693
exhaustive_cuda_20261007_203924,fitstable,fitstable_io,ascii_10000::read_full,ascii_10000 [read_full],read_full,specialized,fitsio,fitsio,specialized,OK,,True,off,torchfits-gpu-exhaustive-cuda-20261007-203924,0.002727856859564781,910.9609375,0.0,3665881.5014199317,rows/s,0.4449462890625,10000,"{'schema': 'ascii', 'nrows': 10000, 'ncols': 3, 'variable': False, 'compressed': False, 'profile': 'ascii'}",False,2,2.106895103164715,110.68951031647151
exhaustive_cuda_20261007_203924,fitstable,fitstable_io,ascii_10000::projection,ascii_10000 [projection],projection,smart,torchfits,torchfits,smart,OK,,True,off,torchfits-gpu-exhaustive-cuda-20261007-203924,0.0013636499643325806,910.9609375,0.0,7333260.19254095,rows/s,0.4449462890625,10000,"{'schema': 'ascii', 'nrows': 10000, 'ncols': 3, 'variable': False, 'compressed': False, 'profile': 'ascii'}",True,1,1.0,0.0
exhaustive_cuda_20261007_203924,fitstable,fitstable_io,ascii_10000::projection,ascii_10000 [projection],projection,smart,astropy,astropy_torch,smart,OK,,True,off,torchfits-gpu-exhaustive-cuda-20261007-203924,0.014631185680627823,910.9609375,0.0,683471.6077207832,rows/s,0.4449462890625,10000,"{'schema': 'ascii', 'nrows': 10000, 'ncols': 3, 'variable': False, 'compressed': False, 'profile': 'ascii'}",False,3,10.729429152142318,972.9429152142318
exhaustive_cuda_20261007_203924,fitstable,fitstable_io,ascii_10000::projection,ascii_10000 [projection],projection,smart,fitsio,fitsio_torch,smart,OK,,True,off,torchfits-gpu-exhaustive-cuda-20261007-203924,0.007040407508611679,910.9609375,0.0,1420372.3275631715,rows/s,0.4449462890625,10000,"{'schema': 'ascii', 'nrows': 10000, 'ncols': 3, 'variable': False, 'compressed': False, 'profile': 'ascii'}",False,2,5.162914012216843,416.29140122168434
exhaustive_cuda_20261007_203924,fitstable,fitstable_io,ascii_10000::projection,ascii_10000 [projection],projection,specialized,torchfits,torchfits_specialized,specialized,OK,,True,off,torchfits-gpu-exhaustive-cuda-20261007-203924,0.0013136863708496094,910.9609375,0.0,7612166.969147005,rows/s,0.4449462890625,10000,"{'schema': 'ascii', 'nrows': 10000, 'ncols': 3, 'variable': False, 'compressed': False, 'profile': 'ascii'}",True,1,1.0,0.0
exhaustive_cuda_20261007_203924,fitstable,fitstable_io,ascii_10000::projection,ascii_10000 [projection],projection,specialized,astropy,astropy,specialized,OK,,True,off,torchfits-gpu-exhaustive-cuda-20261007-203924,0.01046941801905632,910.96484375,0.0,955162.9309096369,rows/s,0.4449462890625,10000,"{'schema': 'ascii', 'nrows': 10000, 'ncols': 3, 'variable': False, 'compressed': False, 'profile': 'ascii'}",False,3,7.9694958030853,696.94958030853
exhaustive_cuda_20261007_203924,fitstable,fitstable_io,ascii_10000::projection,ascii_10000 [projection],projection,specialized,fitsio,fitsio,specialized,OK,,True,off,torchfits-gpu-exhaustive-cuda-20261007-203924,0.002835368737578392,910.9609375,0.0,3526878.1331562246,rows/s,0.4449462890625,10000,"{'schema': 'ascii', 'nrows': 10000, 'ncols': 3, 'variable': False, 'compressed': False, 'profile': 'ascii'}",False,2,2.158330024954628,115.83300249546281
exhaustive_cuda_20261007_203924,fitstable,fitstable_io,ascii_10000::row_slice,ascii_10000 [row_slice],row_slice,smart,torchfits,torchfits,smart,OK,,True,off,torchfits-gpu-exhaustive-cuda-20261007-203924,0.0002467408776283264,910.9609375,0.0,40528347.37446025,rows/s,0.4449462890625,10000,"{'schema': 'ascii', 'nrows': 10000, 'ncols': 3, 'variable': False, 'compressed': False, 'profile': 'ascii'}",True,1,1.0,0.0
exhaustive_cuda_20261007_203924,fitstable,fitstable_io,ascii_10000::row_slice,ascii_10000 [row_slice],row_slice,smart,astropy,astropy_torch,smart,OK,,True,off,torchfits-gpu-exhaustive-cuda-20261007-203924,0.0038562845438718796,910.9609375,0.0,2593169.6393854693,rows/s,0.4449462890625,10000,"{'schema': 'ascii', 'nrows': 10000, 'ncols': 3, 'variable': False, 'compressed': False, 'profile': 'ascii'}",False,3,15.628883956880152,1462.8883956880152
exhaustive_cuda_20261007_203924,fitstable,fitstable_io,ascii_10000::row_slice,ascii_10000 [row_slice],row_slice,smart,fitsio,fitsio_torch,smart,OK,,True,off,torchfits-gpu-exhaustive-cuda-20261007-203924,0.0012053996324539185,910.9609375,0.0,8296003.856946831,rows/s,0.4449462890625,10000,"{'schema': 'ascii', 'nrows': 10000, 'ncols': 3, 'variable': False, 'compressed': False, 'profile': 'ascii'}",False,2,4.885285502913911,388.5285502913911
exhaustive_cuda_20261007_203924,fitstable,fitstable_io,ascii_10000::row_slice,ascii_10000 [row_slice],row_slice,specialized,torchfits,torchfits_specialized,specialized,OK,,True,off,torchfits-gpu-exhaustive-cuda-20261007-203924,0.0002161320298910141,910.9609375,0.0,46268014.9954755,rows/s,0.4449462890625,10000,"{'schema': 'ascii', 'nrows': 10000, 'ncols': 3, 'variable': False, 'compressed': False, 'profile': 'ascii'}",True,1,1.0,0.0
exhaustive_cuda_20261007_203924,fitstable,fitstable_io,ascii_10000::row_slice,ascii_10000 [row_slice],row_slice,specialized,astropy,astropy,specialized,OK,,True,off,torchfits-gpu-exhaustive-cuda-20261007-203924,0.0033046845346689224,910.9609375,0.0,3026007.4434009003,rows/s,0.4449462890625,10000,"{'schema': 'ascii', 'nrows': 10000, 'ncols': 3, 'variable': False, 'compressed': False, 'profile': 'ascii'}",False,3,15.29011936053777,1429.011936053777
exhaustive_cuda_20261007_203924,fitstable,fitstable_io,ascii_10000::row_slice,ascii_10000 [row_slice],row_slice,specialized,fitsio,fitsio,specialized,OK,,True,off,torchfits-gpu-exhaustive-cuda-20261007-203924,0.0007470976561307907,910.9609375,0.0,13385131.003876887,rows/s,0.4449462890625,10000,"{'schema': 'ascii', 'nrows': 10000, 'ncols': 3, 'variable': False, 'compressed': False, 'profile': 'ascii'}",False,2,3.4566725556944027,245.66725556944027
exhaustive_cuda_20261007_203924,fitstable,fitstable_io,ascii_10000::predicate_filter,ascii_10000 [predicate_filter],predicate_filter,smart,torchfits,torchfits,smart,OK,,True,off,torchfits-gpu-exhaustive-cuda-20261007-203924,0.0005548559129238129,910.9609375,0.0,18022697.00489449,rows/s,0.4449462890625,10000,"{'schema': 'ascii', 'nrows': 10000, 'ncols': 3, 'variable': False, 'compressed': False, 'profile': 'ascii'}",False,2,1.0508554697146082,5.085546971460819
exhaustive_cuda_20261007_203924,fitstable,fitstable_io,ascii_10000::predicate_filter,ascii_10000 [predicate_filter],predicate_filter,smart,astropy,astropy_torch,smart,OK,,True,off,torchfits-gpu-exhaustive-cuda-20261007-203924,0.0033819880336523056,910.9609375,0.0,2956840.7399717243,rows/s,0.4449462890625,10000,"{'schema': 'ascii', 'nrows': 10000, 'ncols': 3, 'variable': False, 'compressed': False, 'profile': 'ascii'}",False,3,6.405231594172223,540.5231594172224
exhaustive_cuda_20261007_203924,fitstable,fitstable_io,ascii_10000::predicate_filter,ascii_10000 [predicate_filter],predicate_filter,smart,fitsio,fitsio_torch,smart,OK,,True,off,torchfits-gpu-exhaustive-cuda-20261007-203924,0.0005280040204524994,910.9609375,0.0,18939249.72660246,rows/s,0.4449462890625,10000,"{'schema': 'ascii', 'nrows': 10000, 'ncols': 3, 'variable': False, 'compressed': False, 'profile': 'ascii'}",True,1,1.0,0.0
exhaustive_cuda_20261007_203924,fitstable,fitstable_io,ascii_10000::predicate_filter,ascii_10000 [predicate_filter],predicate_filter,specialized,torchfits,torchfits_specialized,specialized,OK,,True,off,torchfits-gpu-exhaustive-cuda-20261007-203924,0.0005551669746637344,910.9609375,0.0,18012598.833093442,rows/s,0.4449462890625,10000,"{'schema': 'ascii', 'nrows': 10000, 'ncols': 3, 'variable': False, 'compressed': False, 'profile': 'ascii'}",False,2,1.0998509192085433,9.985091920854327
exhaustive_cuda_20261007_203924,fitstable,fitstable_io,ascii_10000::predicate_filter,ascii_10000 [predicate_filter],predicate_filter,specialized,astropy,astropy,specialized,OK,,True,off,torchfits-gpu-exhaustive-cuda-20261007-203924,0.0033802613615989685,910.9609375,0.0,2958351.1244437294,rows/s,0.4449462890625,10000,"{'schema': 'ascii', 'nrows': 10000, 'ncols': 3, 'variable': False, 'compressed': False, 'profile': 'ascii'}",False,3,6.6966943917577515,569.6694391757751
exhaustive_cuda_20261007_203924,fitstable,fitstable_io,ascii_10000::predicate_filter,ascii_10000 [predicate_filter],predicate_filter,specialized,fitsio,fitsio,specialized,OK,,True,off,torchfits-gpu-exhaustive-cuda-20261007-203924,0.000504765659570694,910.9609375,0.0,19811173.38391256,rows/s,0.4449462890625,10000,"{'schema': 'ascii', 'nrows': 10000, 'ncols': 3, 'variable': False, 'compressed': False, 'profile': 'ascii'}",True,1,1.0,0.0
exhaustive_cuda_20261007_203924,fitstable,fitstable_io,ascii_10000::predicate_filter_selective,ascii_10000 [predicate_filter_selective],predicate_filter_selective,smart,torchfits,torchfits,smart,OK,,True,off,torchfits-gpu-exhaustive-cuda-20261007-203924,0.00054946169257164,910.9609375,0.0,18199630.902742464,rows/s,0.4449462890625,10000,"{'schema': 'ascii', 'nrows': 10000, 'ncols': 3, 'variable': False, 'compressed': False, 'profile': 'ascii'}",False,2,1.0300074023380215,3.000740233802146
exhaustive_cuda_20261007_203924,fitstable,fitstable_io,ascii_10000::predicate_filter_selective,ascii_10000 [predicate_filter_selective],predicate_filter_selective,smart,astropy,astropy_torch,smart,OK,,True,off,torchfits-gpu-exhaustive-cuda-20261007-203924,0.0034180283546447754,910.9609375,0.0,2925663.2661958323,rows/s,0.4449462890625,10000,"{'schema': 'ascii', 'nrows': 10000, 'ncols': 3, 'variable': False, 'compressed': False, 'profile': 'ascii'}",False,3,6.407352057989637,540.7352057989636
exhaustive_cuda_20261007_203924,fitstable,fitstable_io,ascii_10000::predicate_filter_selective,ascii_10000 [predicate_filter_selective],predicate_filter_selective,smart,fitsio,fitsio_torch,smart,OK,,True,off,torchfits-gpu-exhaustive-cuda-20261007-203924,0.0005334541201591492,910.9609375,0.0,18745754.54964455,rows/s,0.4449462890625,10000,"{'schema': 'ascii', 'nrows': 10000, 'ncols': 3, 'variable': False, 'compressed': False, 'profile': 'ascii'}",True,1,1.0,0.0
exhaustive_cuda_20261007_203924,fitstable,fitstable_io,ascii_10000::predicate_filter_selective,ascii_10000 [predicate_filter_selective],predicate_filter_selective,specialized,torchfits,torchfits_specialized,specialized,OK,,True,off,torchfits-gpu-exhaustive-cuda-20261007-203924,0.0005600601434707642,910.9609375,0.0,17855225.222828254,rows/s,0.4449462890625,10000,"{'schema': 'ascii', 'nrows': 10000, 'ncols': 3, 'variable': False, 'compressed': False, 'profile': 'ascii'}",False,2,1.0808828815874614,8.088288158746138
exhaustive_cuda_20261007_203924,fitstable,fitstable_io,ascii_10000::predicate_filter_selective,ascii_10000 [predicate_filter_selective],predicate_filter_selective,specialized,astropy,astropy,specialized,OK,,True,off,torchfits-gpu-exhaustive-cuda-20261007-203924,0.003391772508621216,910.9609375,0.0,2948310.942016888,rows/s,0.4449462890625,10000,"{'schema': 'ascii', 'nrows': 10000, 'ncols': 3, 'variable': False, 'compressed': False, 'profile': 'ascii'}",False,3,6.545919907973254,554.5919907973255
exhaustive_cuda_20261007_203924,fitstable,fitstable_io,ascii_10000::predicate_filter_selective,ascii_10000 [predicate_filter_selective],predicate_filter_selective,specialized,fitsio,fitsio,specialized,OK,,True,off,torchfits-gpu-exhaustive-cuda-20261007-203924,0.0005181506276130676,910.9609375,0.0,19299407.290243726,rows/s,0.4449462890625,10000,"{'schema': 'ascii', 'nrows': 10000, 'ncols': 3, 'variable': False, 'compressed': False, 'profile': 'ascii'}",True,1,1.0,0.0
exhaustive_cuda_20261007_203924,fitstable,fitstable_io,ascii_10000::scan_count,ascii_10000 [scan_count],scan_count,smart,torchfits,torchfits,smart,OK,,True,off,torchfits-gpu-exhaustive-cuda-20261007-203924,2.25752592086792e-05,910.9609375,0.0,442962798.679868,rows/s,0.4449462890625,10000,"{'schema': 'ascii', 'nrows': 10000, 'ncols': 3, 'variable': False, 'compressed': False, 'profile': 'ascii'}",True,1,1.0,0.0
exhaustive_cuda_20261007_203924,fitstable,fitstable_io,ascii_10000::scan_count,ascii_10000 [scan_count],scan_count,smart,astropy,astropy_torch,smart,OK,,True,off,torchfits-gpu-exhaustive-cuda-20261007-203924,0.0005616676062345505,910.9609375,0.0,17804124.519554425,rows/s,0.4449462890625,10000,"{'schema': 'ascii', 'nrows': 10000, 'ncols': 3, 'variable': False, 'compressed': False, 'profile': 'ascii'}",False,3,24.879785478547856,2387.9785478547856
exhaustive_cuda_20261007_203924,fitstable,fitstable_io,ascii_10000::scan_count,ascii_10000 [scan_count],scan_count,smart,fitsio,fitsio_torch,smart,OK,,True,off,torchfits-gpu-exhaustive-cuda-20261007-203924,9.473040699958801e-05,910.9609375,0.0,105562726.02147155,rows/s,0.4449462890625,10000,"{'schema': 'ascii', 'nrows': 10000, 'ncols': 3, 'variable': False, 'compressed': False, 'profile': 'ascii'}",False,2,4.196204620462046,319.6204620462046
exhaustive_cuda_20261007_203924,fitstable,fitstable_io,ascii_10000::scan_count,ascii_10000 [scan_count],scan_count,specialized,torchfits,torchfits_specialized,specialized,OK,,True,off,torchfits-gpu-exhaustive-cuda-20261007-203924,2.294965088367462e-05,910.9609375,0.0,435736475.9353949,rows/s,0.4449462890625,10000,"{'schema': 'ascii', 'nrows': 10000, 'ncols': 3, 'variable': False, 'compressed': False, 'profile': 'ascii'}",True,1,1.0,0.0
exhaustive_cuda_20261007_203924,fitstable,fitstable_io,ascii_10000::scan_count,ascii_10000 [scan_count],scan_count,specialized,astropy,astropy,specialized,OK,,True,off,torchfits-gpu-exhaustive-cuda-20261007-203924,0.0005563404411077499,910.9609375,0.0,17974605.585185632,rows/s,0.4449462890625,10000,"{'schema': 'ascii', 'nrows': 10000, 'ncols': 3, 'variable': False, 'compressed': False, 'profile': 'ascii'}",False,3,24.241782322863404,2324.1782322863405
exhaustive_cuda_20261007_203924,fitstable,fitstable_io,ascii_10000::scan_count,ascii_10000 [scan_count],scan_count,specialized,fitsio,fitsio,specialized,OK,,True,off,torchfits-gpu-exhaustive-cuda-20261007-203924,9.890832006931305e-05,910.9609375,0.0,101103729.1199789,rows/s,0.4449462890625,10000,"{'schema': 'ascii', 'nrows': 10000, 'ncols': 3, 'variable': False, 'compressed': False, 'profile': 'ascii'}",False,2,4.3097962827692555,330.97962827692555
exhaustive_cuda_20261007_203924,fitstable,fitstable_io,compressed_table_placeholder::read_full,compressed_table_placeholder [read_full],read_full,smart,torchfits,torchfits,smart,SKIPPED,compressed_table_case_not_enabled_in_default_env,False,off,torchfits-gpu-exhaustive-cuda-20261007-203924,,,,,rows/s,0.0,100000,"{'schema': 'mixed', 'nrows': 100000, 'ncols': 8, 'variable': False, 'compressed': True, 'profile': 'compressed_placeholder'}",False,,,
exhaustive_cuda_20261007_203924,fitstable,fitstable_io,compressed_table_placeholder::read_full,compressed_table_placeholder [read_full],read_full,smart,astropy,astropy_torch,smart,SKIPPED,compressed_table_case_not_enabled_in_default_env,False,off,torchfits-gpu-exhaustive-cuda-20261007-203924,,,,,rows/s,0.0,100000,"{'schema': 'mixed', 'nrows': 100000, 'ncols': 8, 'variable': False, 'compressed': True, 'profile': 'compressed_placeholder'}",False,,,
exhaustive_cuda_20261007_203924,fitstable,fitstable_io,compressed_table_placeholder::read_full,compressed_table_placeholder [read_full],read_full,smart,fitsio,fitsio_torch,smart,SKIPPED,compressed_table_case_not_enabled_in_default_env,False,off,torchfits-gpu-exhaustive-cuda-20261007-203924,,,,,rows/s,0.0,100000,"{'schema': 'mixed', 'nrows': 100000, 'ncols': 8, 'variable': False, 'compressed': True, 'profile': 'compressed_placeholder'}",False,,,
exhaustive_cuda_20261007_203924,fitstable,fitstable_io,compressed_table_placeholder::read_full,compressed_table_placeholder [read_full],read_full,specialized,torchfits,torchfits_specialized,specialized,SKIPPED,compressed_table_case_not_enabled_in_default_env,False,off,torchfits-gpu-exhaustive-cuda-20261007-203924,,,,,rows/s,0.0,100000,"{'schema': 'mixed', 'nrows': 100000, 'ncols': 8, 'variable': False, 'compressed': True, 'profile': 'compressed_placeholder'}",False,,,
exhaustive_cuda_20261007_203924,fitstable,fitstable_io,compressed_table_placeholder::read_full,compressed_table_placeholder [read_full],read_full,specialized,astropy,astropy,specialized,SKIPPED,compressed_table_case_not_enabled_in_default_env,False,off,torchfits-gpu-exhaustive-cuda-20261007-203924,,,,,rows/s,0.0,100000,"{'schema': 'mixed', 'nrows': 100000, 'ncols': 8, 'variable': False, 'compressed': True, 'profile': 'compressed_placeholder'}",False,,,
exhaustive_cuda_20261007_203924,fitstable,fitstable_io,compressed_table_placeholder::read_full,compressed_table_placeholder [read_full],read_full,specialized,fitsio,fitsio,specialized,SKIPPED,compressed_table_case_not_enabled_in_default_env,False,off,torchfits-gpu-exhaustive-cuda-20261007-203924,,,,,rows/s,0.0,100000,"{'schema': 'mixed', 'nrows': 100000, 'ncols': 8, 'variable': False, 'compressed': True, 'profile': 'compressed_placeholder'}",False,,,
exhaustive_cuda_20261007_203924,fitstable,fitstable_io,compressed_table_placeholder::projection,compressed_table_placeholder [projection],projection,smart,torchfits,torchfits,smart,SKIPPED,compressed_table_case_not_enabled_in_default_env,False,off,torchfits-gpu-exhaustive-cuda-20261007-203924,,,,,rows/s,0.0,100000,"{'schema': 'mixed', 'nrows': 100000, 'ncols': 8, 'variable': False, 'compressed': True, 'profile': 'compressed_placeholder'}",False,,,
exhaustive_cuda_20261007_203924,fitstable,fitstable_io,compressed_table_placeholder::projection,compressed_table_placeholder [projection],projection,smart,astropy,astropy_torch,smart,SKIPPED,compressed_table_case_not_enabled_in_default_env,False,off,torchfits-gpu-exhaustive-cuda-20261007-203924,,,,,rows/s,0.0,100000,"{'schema': 'mixed', 'nrows': 100000, 'ncols': 8, 'variable': False, 'compressed': True, 'profile': 'compressed_placeholder'}",False,,,
exhaustive_cuda_20261007_203924,fitstable,fitstable_io,compressed_table_placeholder::projection,compressed_table_placeholder [projection],projection,smart,fitsio,fitsio_torch,smart,SKIPPED,compressed_table_case_not_enabled_in_default_env,False,off,torchfits-gpu-exhaustive-cuda-20261007-203924,,,,,rows/s,0.0,100000,"{'schema': 'mixed', 'nrows': 100000, 'ncols': 8, 'variable': False, 'compressed': True, 'profile': 'compressed_placeholder'}",False,,,
exhaustive_cuda_20261007_203924,fitstable,fitstable_io,compressed_table_placeholder::projection,compressed_table_placeholder [projection],projection,specialized,torchfits,torchfits_specialized,specialized,SKIPPED,compressed_table_case_not_enabled_in_default_env,False,off,torchfits-gpu-exhaustive-cuda-20261007-203924,,,,,rows/s,0.0,100000,"{'schema': 'mixed', 'nrows': 100000, 'ncols': 8, 'variable': False, 'compressed': True, 'profile': 'compressed_placeholder'}",False,,,
exhaustive_cuda_20261007_203924,fitstable,fitstable_io,compressed_table_placeholder::projection,compressed_table_placeholder [projection],projection,specialized,astropy,astropy,specialized,SKIPPED,compressed_table_case_not_enabled_in_default_env,False,off,torchfits-gpu-exhaustive-cuda-20261007-203924,,,,,rows/s,0.0,100000,"{'schema': 'mixed', 'nrows': 100000, 'ncols': 8, 'variable': False, 'compressed': True, 'profile': 'compressed_placeholder'}",False,,,
exhaustive_cuda_20261007_203924,fitstable,fitstable_io,compressed_table_placeholder::projection,compressed_table_placeholder [projection],projection,specialized,fitsio,fitsio,specialized,SKIPPED,compressed_table_case_not_enabled_in_default_env,False,off,torchfits-gpu-exhaustive-cuda-20261007-203924,,,,,rows/s,0.0,100000,"{'schema': 'mixed', 'nrows': 100000, 'ncols': 8, 'variable': False, 'compressed': True, 'profile': 'compressed_placeholder'}",False,,,
exhaustive_cuda_20261007_203924,fitstable,fitstable_io,compressed_table_placeholder::row_slice,compressed_table_placeholder [row_slice],row_slice,smart,torchfits,torchfits,smart,SKIPPED,compressed_table_case_not_enabled_in_default_env,False,off,torchfits-gpu-exhaustive-cuda-20261007-203924,,,,,rows/s,0.0,100000,"{'schema': 'mixed', 'nrows': 100000, 'ncols': 8, 'variable': False, 'compressed': True, 'profile': 'compressed_placeholder'}",False,,,
exhaustive_cuda_20261007_203924,fitstable,fitstable_io,compressed_table_placeholder::row_slice,compressed_table_placeholder [row_slice],row_slice,smart,astropy,astropy_torch,smart,SKIPPED,compressed_table_case_not_enabled_in_default_env,False,off,torchfits-gpu-exhaustive-cuda-20261007-203924,,,,,rows/s,0.0,100000,"{'schema': 'mixed', 'nrows': 100000, 'ncols': 8, 'variable': False, 'compressed': True, 'profile': 'compressed_placeholder'}",False,,,
exhaustive_cuda_20261007_203924,fitstable,fitstable_io,compressed_table_placeholder::row_slice,compressed_table_placeholder [row_slice],row_slice,smart,fitsio,fitsio_torch,smart,SKIPPED,compressed_table_case_not_enabled_in_default_env,False,off,torchfits-gpu-exhaustive-cuda-20261007-203924,,,,,rows/s,0.0,100000,"{'schema': 'mixed', 'nrows': 100000, 'ncols': 8, 'variable': False, 'compressed': True, 'profile': 'compressed_placeholder'}",False,,,
exhaustive_cuda_20261007_203924,fitstable,fitstable_io,compressed_table_placeholder::row_slice,compressed_table_placeholder [row_slice],row_slice,specialized,torchfits,torchfits_specialized,specialized,SKIPPED,compressed_table_case_not_enabled_in_default_env,False,off,torchfits-gpu-exhaustive-cuda-20261007-203924,,,,,rows/s,0.0,100000,"{'schema': 'mixed', 'nrows': 100000, 'ncols': 8, 'variable': False, 'compressed': True, 'profile': 'compressed_placeholder'}",False,,,
exhaustive_cuda_20261007_203924,fitstable,fitstable_io,compressed_table_placeholder::row_slice,compressed_table_placeholder [row_slice],row_slice,specialized,astropy,astropy,specialized,SKIPPED,compressed_table_case_not_enabled_in_default_env,False,off,torchfits-gpu-exhaustive-cuda-20261007-203924,,,,,rows/s,0.0,100000,"{'schema': 'mixed', 'nrows': 100000, 'ncols': 8, 'variable': False, 'compressed': True, 'profile': 'compressed_placeholder'}",False,,,
exhaustive_cuda_20261007_203924,fitstable,fitstable_io,compressed_table_placeholder::row_slice,compressed_table_placeholder [row_slice],row_slice,specialized,fitsio,fitsio,specialized,SKIPPED,compressed_table_case_not_enabled_in_default_env,False,off,torchfits-gpu-exhaustive-cuda-20261007-203924,,,,,rows/s,0.0,100000,"{'schema': 'mixed', 'nrows': 100000, 'ncols': 8, 'variable': False, 'compressed': True, 'profile': 'compressed_placeholder'}",False,,,
exhaustive_cuda_20261007_203924,fitstable,fitstable_io,compressed_table_placeholder::predicate_filter,compressed_table_placeholder [predicate_filter],predicate_filter,smart,torchfits,torchfits,smart,SKIPPED,compressed_table_case_not_enabled_in_default_env,False,off,torchfits-gpu-exhaustive-cuda-20261007-203924,,,,,rows/s,0.0,100000,"{'schema': 'mixed', 'nrows': 100000, 'ncols': 8, 'variable': False, 'compressed': True, 'profile': 'compressed_placeholder'}",False,,,
exhaustive_cuda_20261007_203924,fitstable,fitstable_io,compressed_table_placeholder::predicate_filter,compressed_table_placeholder [predicate_filter],predicate_filter,smart,astropy,astropy_torch,smart,SKIPPED,compressed_table_case_not_enabled_in_default_env,False,off,torchfits-gpu-exhaustive-cuda-20261007-203924,,,,,rows/s,0.0,100000,"{'schema': 'mixed', 'nrows': 100000, 'ncols': 8, 'variable': False, 'compressed': True, 'profile': 'compressed_placeholder'}",False,,,
exhaustive_cuda_20261007_203924,fitstable,fitstable_io,compressed_table_placeholder::predicate_filter,compressed_table_placeholder [predicate_filter],predicate_filter,smart,fitsio,fitsio_torch,smart,SKIPPED,compressed_table_case_not_enabled_in_default_env,False,off,torchfits-gpu-exhaustive-cuda-20261007-203924,,,,,rows/s,0.0,100000,"{'schema': 'mixed', 'nrows': 100000, 'ncols': 8, 'variable': False, 'compressed': True, 'profile': 'compressed_placeholder'}",False,,,
exhaustive_cuda_20261007_203924,fitstable,fitstable_io,compressed_table_placeholder::predicate_filter,compressed_table_placeholder [predicate_filter],predicate_filter,specialized,torchfits,torchfits_specialized,specialized,SKIPPED,compressed_table_case_not_enabled_in_default_env,False,off,torchfits-gpu-exhaustive-cuda-20261007-203924,,,,,rows/s,0.0,100000,"{'schema': 'mixed', 'nrows': 100000, 'ncols': 8, 'variable': False, 'compressed': True, 'profile': 'compressed_placeholder'}",False,,,
exhaustive_cuda_20261007_203924,fitstable,fitstable_io,compressed_table_placeholder::predicate_filter,compressed_table_placeholder [predicate_filter],predicate_filter,specialized,astropy,astropy,specialized,SKIPPED,compressed_table_case_not_enabled_in_default_env,False,off,torchfits-gpu-exhaustive-cuda-20261007-203924,,,,,rows/s,0.0,100000,"{'schema': 'mixed', 'nrows': 100000, 'ncols': 8, 'variable': False, 'compressed': True, 'profile': 'compressed_placeholder'}",False,,,
exhaustive_cuda_20261007_203924,fitstable,fitstable_io,compressed_table_placeholder::predicate_filter,compressed_table_placeholder [predicate_filter],predicate_filter,specialized,fitsio,fitsio,specialized,SKIPPED,compressed_table_case_not_enabled_in_default_env,False,off,torchfits-gpu-exhaustive-cuda-20261007-203924,,,,,rows/s,0.0,100000,"{'schema': 'mixed', 'nrows': 100000, 'ncols': 8, 'variable': False, 'compressed': True, 'profile': 'compressed_placeholder'}",False,,,
exhaustive_cuda_20261007_203924,fitstable,fitstable_io,compressed_table_placeholder::predicate_filter_selective,compressed_table_placeholder [predicate_filter_selective],predicate_filter_selective,smart,torchfits,torchfits,smart,SKIPPED,compressed_table_case_not_enabled_in_default_env,False,off,torchfits-gpu-exhaustive-cuda-20261007-203924,,,,,rows/s,0.0,100000,"{'schema': 'mixed', 'nrows': 100000, 'ncols': 8, 'variable': False, 'compressed': True, 'profile': 'compressed_placeholder'}",False,,,
exhaustive_cuda_20261007_203924,fitstable,fitstable_io,compressed_table_placeholder::predicate_filter_selective,compressed_table_placeholder [predicate_filter_selective],predicate_filter_selective,smart,astropy,astropy_torch,smart,SKIPPED,compressed_table_case_not_enabled_in_default_env,False,off,torchfits-gpu-exhaustive-cuda-20261007-203924,,,,,rows/s,0.0,100000,"{'schema': 'mixed', 'nrows': 100000, 'ncols': 8, 'variable': False, 'compressed': True, 'profile': 'compressed_placeholder'}",False,,,
exhaustive_cuda_20261007_203924,fitstable,fitstable_io,compressed_table_placeholder::predicate_filter_selective,compressed_table_placeholder [predicate_filter_selective],predicate_filter_selective,smart,fitsio,fitsio_torch,smart,SKIPPED,compressed_table_case_not_enabled_in_default_env,False,off,torchfits-gpu-exhaustive-cuda-20261007-203924,,,,,rows/s,0.0,100000,"{'schema': 'mixed', 'nrows': 100000, 'ncols': 8, 'variable': False, 'compressed': True, 'profile': 'compressed_placeholder'}",False,,,
exhaustive_cuda_20261007_203924,fitstable,fitstable_io,compressed_table_placeholder::predicate_filter_selective,compressed_table_placeholder [predicate_filter_selective],predicate_filter_selective,specialized,torchfits,torchfits_specialized,specialized,SKIPPED,compressed_table_case_not_enabled_in_default_env,False,off,torchfits-gpu-exhaustive-cuda-20261007-203924,,,,,rows/s,0.0,100000,"{'schema': 'mixed', 'nrows': 100000, 'ncols': 8, 'variable': False, 'compressed': True, 'profile': 'compressed_placeholder'}",False,,,
exhaustive_cuda_20261007_203924,fitstable,fitstable_io,compressed_table_placeholder::predicate_filter_selective,compressed_table_placeholder [predicate_filter_selective],predicate_filter_selective,specialized,astropy,astropy,specialized,SKIPPED,compressed_table_case_not_enabled_in_default_env,False,off,torchfits-gpu-exhaustive-cuda-20261007-203924,,,,,rows/s,0.0,100000,"{'schema': 'mixed', 'nrows': 100000, 'ncols': 8, 'variable': False, 'compressed': True, 'profile': 'compressed_placeholder'}",False,,,
exhaustive_cuda_20261007_203924,fitstable,fitstable_io,compressed_table_placeholder::predicate_filter_selective,compressed_table_placeholder [predicate_filter_selective],predicate_filter_selective,specialized,fitsio,fitsio,specialized,SKIPPED,compressed_table_case_not_enabled_in_default_env,False,off,torchfits-gpu-exhaustive-cuda-20261007-203924,,,,,rows/s,0.0,100000,"{'schema': 'mixed', 'nrows': 100000, 'ncols': 8, 'variable': False, 'compressed': True, 'profile': 'compressed_placeholder'}",False,,,
exhaustive_cuda_20261007_203924,fitstable,fitstable_io,compressed_table_placeholder::scan_count,compressed_table_placeholder [scan_count],scan_count,smart,torchfits,torchfits,smart,SKIPPED,compressed_table_case_not_enabled_in_default_env,False,off,torchfits-gpu-exhaustive-cuda-20261007-203924,,,,,rows/s,0.0,100000,"{'schema': 'mixed', 'nrows': 100000, 'ncols': 8, 'variable': False, 'compressed': True, 'profile': 'compressed_placeholder'}",False,,,
exhaustive_cuda_20261007_203924,fitstable,fitstable_io,compressed_table_placeholder::scan_count,compressed_table_placeholder [scan_count],scan_count,smart,astropy,astropy_torch,smart,SKIPPED,compressed_table_case_not_enabled_in_default_env,False,off,torchfits-gpu-exhaustive-cuda-20261007-203924,,,,,rows/s,0.0,100000,"{'schema': 'mixed', 'nrows': 100000, 'ncols': 8, 'variable': False, 'compressed': True, 'profile': 'compressed_placeholder'}",False,,,
exhaustive_cuda_20261007_203924,fitstable,fitstable_io,compressed_table_placeholder::scan_count,compressed_table_placeholder [scan_count],scan_count,smart,fitsio,fitsio_torch,smart,SKIPPED,compressed_table_case_not_enabled_in_default_env,False,off,torchfits-gpu-exhaustive-cuda-20261007-203924,,,,,rows/s,0.0,100000,"{'schema': 'mixed', 'nrows': 100000, 'ncols': 8, 'variable': False, 'compressed': True, 'profile': 'compressed_placeholder'}",False,,,
exhaustive_cuda_20261007_203924,fitstable,fitstable_io,compressed_table_placeholder::scan_count,compressed_table_placeholder [scan_count],scan_count,specialized,torchfits,torchfits_specialized,specialized,SKIPPED,compressed_table_case_not_enabled_in_default_env,False,off,torchfits-gpu-exhaustive-cuda-20261007-203924,,,,,rows/s,0.0,100000,"{'schema': 'mixed', 'nrows': 100000, 'ncols': 8, 'variable': False, 'compressed': True, 'profile': 'compressed_placeholder'}",False,,,
exhaustive_cuda_20261007_203924,fitstable,fitstable_io,compressed_table_placeholder::scan_count,compressed_table_placeholder [scan_count],scan_count,specialized,astropy,astropy,specialized,SKIPPED,compressed_table_case_not_enabled_in_default_env,False,off,torchfits-gpu-exhaustive-cuda-20261007-203924,,,,,rows/s,0.0,100000,"{'schema': 'mixed', 'nrows': 100000, 'ncols': 8, 'variable': False, 'compressed': True, 'profile': 'compressed_placeholder'}",False,,,
exhaustive_cuda_20261007_203924,fitstable,fitstable_io,compressed_table_placeholder::scan_count,compressed_table_placeholder [scan_count],scan_count,specialized,fitsio,fitsio,specialized,SKIPPED,compressed_table_case_not_enabled_in_default_env,False,off,torchfits-gpu-exhaustive-cuda-20261007-203924,,,,,rows/s,0.0,100000,"{'schema': 'mixed', 'nrows': 100000, 'ncols': 8, 'variable': False, 'compressed': True, 'profile': 'compressed_placeholder'}",False,,,
